0,204.0,61.50899999999999,250.0,61.50899999999999,250.0,67.872,204.0,67.872,WEAK,paragraph
1,256.0,61.50899999999999,333.0,61.50899999999999,333.0,67.872,256.0,67.872,STABILITY,paragraph
2,340.0,61.50899999999999,360.0,61.50899999999999,360.0,67.872,340.0,67.872,OF,paragraph
3,366.0,61.50899999999999,407.0,61.50899999999999,407.0,67.872,366.0,67.872,RICCI,paragraph
4,414.0,61.50899999999999,503.0,61.50899999999999,503.0,67.872,414.0,67.872,EXPANDERS,paragraph
5,509.0,61.50899999999999,549.0,61.50899999999999,549.0,67.872,509.0,67.872,WITH,paragraph
6,556.0,61.50899999999999,625.0,61.50899999999999,625.0,67.872,556.0,67.872,POSITIVE,paragraph
7,631.0,61.50899999999999,721.0,61.50899999999999,721.0,67.872,631.0,67.872,CURVATURE,paragraph
8,727.0,61.50899999999999,809.0,61.50899999999999,809.0,67.872,727.0,67.872,OPERATOR,paragraph
9,870.0,61.50899999999999,877.0,61.50899999999999,877.0,67.872,870.0,67.872,7,paragraph
10,305.0,94.738,320.0,94.738,320.0,110.292,305.0,110.292,−,equation
11,444.0,94.738,458.0,94.738,458.0,110.292,444.0,110.292,−,equation
12,599.0,94.738,614.0,94.738,614.0,110.292,599.0,110.292,−,equation
13,320.0,101.10099999999998,329.0,101.10099999999998,329.0,110.292,320.0,110.292,2,equation
14,332.0,101.10099999999998,376.0,101.10099999999998,376.0,110.292,332.0,110.292,Rm(g,equation
15,384.0,101.10099999999998,391.0,101.10099999999998,391.0,110.292,384.0,110.292,),equation
16,416.0,101.10099999999998,426.0,101.10099999999998,426.0,110.292,416.0,110.292,h,equation
17,462.0,99.68699999999998,493.0,99.68699999999998,493.0,110.292,462.0,110.292,gklg,equation
18,509.0,101.10099999999998,554.0,101.10099999999998,554.0,110.292,509.0,110.292,Rm(g,equation
19,562.0,101.10099999999998,569.0,101.10099999999998,569.0,110.292,562.0,110.292,),equation
20,618.0,99.68699999999998,649.0,99.68699999999998,649.0,110.292,618.0,110.292,gklg,equation
21,667.0,101.10099999999998,711.0,101.10099999999998,711.0,110.292,667.0,110.292,Rm(g,equation
22,719.0,101.10099999999998,726.0,101.10099999999998,726.0,110.292,719.0,110.292,),equation
23,376.0,104.636,384.0,104.636,384.0,111.706,376.0,111.706,0,equation
24,391.0,104.636,414.0,104.636,414.0,111.706,391.0,111.706,iklj,equation
25,426.0,104.636,438.0,104.636,438.0,111.706,426.0,111.706,kl,equation
26,493.0,104.636,505.0,104.636,505.0,111.706,493.0,111.706,ip,equation
27,554.0,104.636,561.0,104.636,561.0,111.706,554.0,111.706,0,equation
28,569.0,104.636,595.0,104.636,595.0,111.706,569.0,111.706,jklp,equation
29,649.0,104.636,663.0,104.636,663.0,111.706,649.0,111.706,jp,equation
30,711.0,104.636,718.0,104.636,718.0,111.706,711.0,111.706,0,equation
31,726.0,104.636,750.0,104.636,750.0,111.706,726.0,111.706,iklp,equation
32,305.0,115.241,328.0,115.241,328.0,124.43199999999999,305.0,124.43199999999999,+g,equation
33,345.0,115.241,387.0,115.241,387.0,124.43199999999999,345.0,124.43199999999999,Ric(g,equation
34,395.0,115.241,402.0,115.241,402.0,124.43199999999999,395.0,124.43199999999999,),equation
35,422.0,115.241,436.0,115.241,436.0,124.43199999999999,422.0,124.43199999999999,+,equation
36,440.0,115.241,449.0,115.241,449.0,124.43199999999999,440.0,124.43199999999999,g,equation
37,467.0,115.241,510.0,115.241,510.0,124.43199999999999,467.0,124.43199999999999,Ric(g,equation
38,518.0,115.241,525.0,115.241,525.0,124.43199999999999,518.0,124.43199999999999,),equation
39,328.0,118.77600000000001,341.0,118.77600000000001,341.0,125.139,328.0,125.139,ik,equation
40,387.0,118.069,395.0,118.069,395.0,125.139,387.0,125.139,0,equation
41,402.0,118.77600000000001,416.0,118.77600000000001,416.0,125.139,402.0,125.139,kj,equation
42,449.0,118.77600000000001,463.0,118.77600000000001,463.0,125.139,449.0,125.139,jk,equation
43,510.0,118.069,517.0,118.069,517.0,125.139,510.0,125.139,0,equation
44,525.0,118.77600000000001,537.0,118.77600000000001,537.0,125.139,525.0,125.139,ki,equation
45,305.0,123.01799999999999,320.0,123.01799999999999,320.0,139.279,305.0,139.279,−,equation
46,444.0,123.01799999999999,458.0,123.01799999999999,458.0,139.279,444.0,139.279,−,equation
47,601.0,123.01799999999999,616.0,123.01799999999999,616.0,139.279,601.0,139.279,−,equation
48,274.0,130.088,289.0,130.088,289.0,139.279,274.0,139.279,=,equation
49,320.0,130.088,329.0,130.088,329.0,139.279,320.0,139.279,2,equation
50,332.0,130.088,376.0,130.088,376.0,139.279,332.0,139.279,Rm(g,equation
51,384.0,130.088,391.0,130.088,391.0,139.279,384.0,139.279,),equation
52,416.0,130.088,426.0,130.088,426.0,139.279,416.0,139.279,h,equation
53,462.0,127.967,495.0,127.967,495.0,139.279,462.0,139.279,gklh,equation
54,511.0,130.088,555.0,130.088,555.0,139.279,511.0,139.279,Rm(g,equation
55,563.0,130.088,570.0,130.088,570.0,139.279,563.0,139.279,),equation
56,620.0,127.967,653.0,127.967,653.0,139.279,620.0,139.279,gklh,equation
57,670.0,130.088,715.0,130.088,715.0,139.279,670.0,139.279,Rm(g,equation
58,723.0,130.088,730.0,130.088,730.0,139.279,723.0,139.279,),equation
59,376.0,132.916,384.0,132.916,384.0,139.98600000000002,376.0,139.98600000000002,0,equation
60,391.0,132.916,414.0,132.916,414.0,139.98600000000002,391.0,139.98600000000002,iklj,equation
61,426.0,132.916,438.0,132.916,438.0,139.98600000000002,426.0,139.98600000000002,kl,equation
62,495.0,132.916,507.0,132.916,507.0,139.98600000000002,495.0,139.98600000000002,ip,equation
63,555.0,132.916,563.0,132.916,563.0,139.98600000000002,555.0,139.98600000000002,0,equation
64,570.0,132.916,596.0,132.916,596.0,139.98600000000002,570.0,139.98600000000002,jklp,equation
65,653.0,132.916,666.0,132.916,666.0,139.98600000000002,653.0,139.98600000000002,jp,equation
66,715.0,132.916,722.0,132.916,722.0,139.98600000000002,715.0,139.98600000000002,0,equation
67,730.0,132.916,754.0,132.916,754.0,139.98600000000002,730.0,139.98600000000002,iklp,equation
68,305.0,137.865,320.0,137.865,320.0,153.419,305.0,153.419,−,equation
69,433.0,137.865,447.0,137.865,447.0,153.419,433.0,153.419,−,equation
70,320.0,142.81400000000002,341.0,142.81400000000002,341.0,153.419,320.0,153.419,gkl,equation
71,345.0,144.22799999999998,390.0,144.22799999999998,390.0,153.419,345.0,153.419,Rm(g,equation
72,398.0,144.22799999999998,405.0,144.22799999999998,405.0,153.419,398.0,153.419,),equation
73,452.0,142.81400000000002,473.0,142.81400000000002,473.0,153.419,452.0,153.419,gkl,equation
74,477.0,144.22799999999998,522.0,144.22799999999998,522.0,153.419,477.0,153.419,Rm(g,equation
75,530.0,144.22799999999998,537.0,144.22799999999998,537.0,153.419,530.0,153.419,),equation
76,390.0,147.763,397.0,147.763,397.0,154.833,390.0,154.833,0,equation
77,405.0,147.763,428.0,147.763,428.0,154.833,405.0,154.833,jkli,equation
78,522.0,147.763,529.0,147.763,529.0,154.833,522.0,154.833,0,equation
79,537.0,147.763,560.0,147.763,560.0,154.833,537.0,154.833,iklj,equation
80,305.0,158.368,328.0,158.368,328.0,167.559,305.0,167.559,+g,equation
81,345.0,158.368,387.0,158.368,387.0,167.559,345.0,167.559,Ric(g,equation
82,395.0,158.368,402.0,158.368,402.0,167.559,395.0,167.559,),equation
83,422.0,158.368,436.0,158.368,436.0,167.559,422.0,167.559,+,equation
84,440.0,158.368,449.0,158.368,449.0,167.559,440.0,167.559,g,equation
85,467.0,158.368,510.0,158.368,510.0,167.559,467.0,167.559,Ric(g,equation
86,518.0,158.368,525.0,158.368,525.0,167.559,518.0,167.559,),equation
87,328.0,161.90300000000002,341.0,161.90300000000002,341.0,168.266,328.0,168.266,ik,equation
88,387.0,161.90300000000002,395.0,161.90300000000002,395.0,168.266,387.0,168.266,0,equation
89,402.0,161.90300000000002,416.0,161.90300000000002,416.0,168.266,402.0,168.266,kj,equation
90,449.0,161.90300000000002,463.0,161.90300000000002,463.0,168.266,449.0,168.266,jk,equation
91,510.0,161.90300000000002,517.0,161.90300000000002,517.0,168.266,510.0,168.266,0,equation
92,525.0,161.90300000000002,537.0,161.90300000000002,537.0,168.266,525.0,168.266,ki,equation
93,305.0,164.73100000000002,320.0,164.73100000000002,320.0,180.992,305.0,180.992,−,equation
94,444.0,164.73100000000002,458.0,164.73100000000002,458.0,180.992,444.0,180.992,−,equation
95,565.0,164.73100000000002,579.0,164.73100000000002,579.0,180.992,565.0,180.992,−,equation
96,274.0,171.801,289.0,171.801,289.0,180.992,274.0,180.992,=,equation
97,320.0,171.801,329.0,171.801,329.0,180.992,320.0,180.992,2,equation
98,332.0,171.801,376.0,171.801,376.0,180.992,332.0,180.992,Rm(g,equation
99,384.0,171.801,391.0,171.801,391.0,180.992,384.0,180.992,),equation
100,416.0,171.801,426.0,171.801,426.0,180.992,416.0,180.992,h,equation
101,462.0,171.801,472.0,171.801,472.0,180.992,462.0,180.992,h,equation
102,488.0,171.801,531.0,171.801,531.0,180.992,488.0,180.992,Ric(g,equation
103,539.0,171.801,546.0,171.801,546.0,180.992,539.0,180.992,),equation
104,583.0,171.801,594.0,171.801,594.0,180.992,583.0,180.992,h,equation
105,611.0,171.801,654.0,171.801,654.0,180.992,611.0,180.992,Ric(g,equation
106,662.0,171.801,669.0,171.801,669.0,180.992,662.0,180.992,),equation
107,376.0,175.336,384.0,175.336,384.0,181.699,376.0,181.699,0,equation
108,391.0,175.336,414.0,175.336,414.0,181.699,391.0,181.699,iklj,equation
109,426.0,175.336,438.0,175.336,438.0,181.699,426.0,181.699,kl,equation
110,472.0,175.336,484.0,175.336,484.0,181.699,472.0,181.699,ip,equation
111,531.0,175.336,538.0,175.336,538.0,181.699,531.0,181.699,0,equation
112,546.0,175.336,560.0,175.336,560.0,181.699,546.0,181.699,jp,equation
113,594.0,175.336,607.0,175.336,607.0,181.699,594.0,181.699,jp,equation
114,654.0,175.336,661.0,175.336,661.0,181.699,654.0,181.699,0,equation
115,669.0,175.336,681.0,175.336,681.0,181.699,669.0,181.699,ip,equation
116,305.0,179.578,320.0,179.578,320.0,195.83900000000003,305.0,195.83900000000003,−,equation
117,460.0,179.578,474.0,179.578,474.0,195.83900000000003,460.0,195.83900000000003,−,equation
118,320.0,184.52700000000002,354.0,184.52700000000002,354.0,195.83900000000003,320.0,195.83900000000003,hklh,equation
119,370.0,186.648,414.0,186.648,414.0,195.83900000000003,370.0,195.83900000000003,Rm(g,equation
120,422.0,186.648,429.0,186.648,429.0,195.83900000000003,422.0,195.83900000000003,),equation
121,478.0,184.52700000000002,513.0,184.52700000000002,513.0,195.83900000000003,478.0,195.83900000000003,hklh,equation
122,530.0,186.648,575.0,186.648,575.0,195.83900000000003,530.0,195.83900000000003,Rm(g,equation
123,583.0,186.648,590.0,186.648,590.0,195.83900000000003,583.0,195.83900000000003,),equation
124,354.0,190.18300000000002,366.0,190.18300000000002,366.0,196.54600000000002,354.0,196.54600000000002,ip,equation
125,414.0,190.18300000000002,421.0,190.18300000000002,421.0,196.54600000000002,414.0,196.54600000000002,0,equation
126,429.0,190.18300000000002,455.0,190.18300000000002,455.0,196.54600000000002,429.0,196.54600000000002,jklp,equation
127,513.0,190.18300000000002,526.0,190.18300000000002,526.0,196.54600000000002,513.0,196.54600000000002,jp,equation
128,575.0,190.18300000000002,582.0,190.18300000000002,582.0,196.54600000000002,575.0,196.54600000000002,0,equation
129,590.0,190.18300000000002,614.0,190.18300000000002,614.0,196.54600000000002,590.0,196.54600000000002,iklp,equation
130,305.0,194.425,320.0,194.425,320.0,210.68599999999998,305.0,210.68599999999998,−,equation
131,406.0,194.425,420.0,194.425,420.0,210.68599999999998,406.0,210.68599999999998,−,equation
132,536.0,194.425,550.0,194.425,550.0,210.68599999999998,536.0,210.68599999999998,−,equation
133,320.0,201.49499999999998,329.0,201.49499999999998,329.0,210.68599999999998,320.0,210.68599999999998,2,equation
134,332.0,201.49499999999998,374.0,201.49499999999998,374.0,210.68599999999998,332.0,210.68599999999998,Ric(g,equation
135,382.0,201.49499999999998,389.0,201.49499999999998,389.0,210.68599999999998,382.0,210.68599999999998,),equation
136,424.0,201.49499999999998,469.0,201.49499999999998,469.0,210.68599999999998,424.0,210.68599999999998,Rm(g,equation
137,477.0,201.49499999999998,484.0,201.49499999999998,484.0,210.68599999999998,477.0,210.68599999999998,),equation
138,508.0,199.37399999999997,531.0,199.37399999999997,531.0,210.68599999999998,508.0,210.68599999999998,hkl,equation
139,554.0,201.49499999999998,599.0,201.49499999999998,599.0,210.68599999999998,554.0,210.68599999999998,Rm(g,equation
140,607.0,201.49499999999998,614.0,201.49499999999998,614.0,210.68599999999998,607.0,210.68599999999998,),equation
141,638.0,199.37399999999997,661.0,199.37399999999997,661.0,210.68599999999998,638.0,210.68599999999998,hkl,equation
142,374.0,205.02999999999997,381.0,205.02999999999997,381.0,211.393,374.0,211.393,0,equation
143,389.0,205.02999999999997,400.0,205.02999999999997,400.0,211.393,389.0,211.393,ij,equation
144,469.0,205.02999999999997,476.0,205.02999999999997,476.0,211.393,469.0,211.393,0,equation
145,484.0,205.02999999999997,507.0,205.02999999999997,507.0,211.393,484.0,211.393,jkli,equation
146,599.0,205.02999999999997,606.0,205.02999999999997,606.0,211.393,599.0,211.393,0,equation
147,614.0,205.02999999999997,637.0,205.02999999999997,637.0,211.393,614.0,211.393,iklj,equation
148,305.0,214.928,329.0,214.928,329.0,224.119,305.0,224.119,+2,equation
149,332.0,214.928,374.0,214.928,374.0,224.119,332.0,224.119,Ric(g,equation
150,382.0,214.928,389.0,214.928,389.0,224.119,382.0,224.119,),equation
151,406.0,214.928,420.0,214.928,420.0,224.119,406.0,224.119,+,equation
152,424.0,214.928,435.0,214.928,435.0,224.119,424.0,224.119,h,equation
153,451.0,214.928,494.0,214.928,494.0,224.119,451.0,224.119,Ric(g,equation
154,502.0,214.928,509.0,214.928,509.0,224.119,502.0,224.119,),equation
155,528.0,214.928,542.0,214.928,542.0,224.119,528.0,224.119,+,equation
156,546.0,214.928,557.0,214.928,557.0,224.119,546.0,224.119,h,equation
157,575.0,214.928,618.0,214.928,618.0,224.119,575.0,224.119,Ric(g,equation
158,626.0,214.928,633.0,214.928,633.0,224.119,626.0,224.119,),equation
159,374.0,218.463,381.0,218.463,381.0,224.826,374.0,224.826,0,equation
160,389.0,218.463,400.0,218.463,400.0,224.826,389.0,224.826,ij,equation
161,435.0,218.463,447.0,218.463,447.0,225.53300000000002,435.0,225.53300000000002,ik,equation
162,494.0,218.463,501.0,218.463,501.0,224.826,494.0,224.826,0,equation
163,509.0,218.463,522.0,218.463,522.0,225.53300000000002,509.0,225.53300000000002,kj,equation
164,557.0,218.463,571.0,218.463,571.0,225.53300000000002,557.0,225.53300000000002,jk,equation
165,618.0,218.463,625.0,218.463,625.0,224.826,618.0,224.826,0,equation
166,633.0,218.463,645.0,218.463,645.0,225.53300000000002,633.0,225.53300000000002,ki,equation
167,305.0,222.705,320.0,222.705,320.0,238.966,305.0,238.966,−,equation
168,274.0,229.775,289.0,229.775,289.0,238.966,274.0,238.966,=,equation
169,320.0,229.775,329.0,229.775,329.0,238.966,320.0,238.966,2,equation
170,332.0,229.775,376.0,229.775,376.0,238.966,332.0,238.966,Rm(g,equation
171,384.0,229.775,391.0,229.775,391.0,238.966,384.0,238.966,),equation
172,416.0,229.775,434.0,229.775,434.0,238.966,416.0,238.966,(h,equation
173,451.0,229.775,465.0,229.775,465.0,238.966,451.0,238.966,+,equation
174,469.0,227.654,500.0,227.654,500.0,238.966,469.0,238.966,hkl),equation
175,376.0,233.31,384.0,233.31,384.0,239.67300000000003,376.0,239.67300000000003,0,equation
176,391.0,233.31,414.0,233.31,414.0,239.67300000000003,391.0,239.67300000000003,iklj,equation
177,434.0,233.31,446.0,233.31,446.0,239.67300000000003,434.0,239.67300000000003,kl,equation
178,305.0,237.55200000000002,320.0,237.55200000000002,320.0,253.813,305.0,253.813,−,equation
179,460.0,237.55200000000002,474.0,237.55200000000002,474.0,253.813,460.0,253.813,−,equation
180,320.0,242.50100000000003,354.0,242.50100000000003,354.0,253.813,320.0,253.813,hklh,equation
181,370.0,244.62199999999999,414.0,244.62199999999999,414.0,253.813,370.0,253.813,Rm(g,equation
182,422.0,244.62199999999999,429.0,244.62199999999999,429.0,253.813,422.0,253.813,),equation
183,478.0,242.50100000000003,513.0,242.50100000000003,513.0,253.813,478.0,253.813,hklh,equation
184,530.0,244.62199999999999,575.0,244.62199999999999,575.0,253.813,530.0,253.813,Rm(g,equation
185,583.0,244.62199999999999,590.0,244.62199999999999,590.0,253.813,583.0,253.813,),equation
186,354.0,248.15699999999998,366.0,248.15699999999998,366.0,254.51999999999998,354.0,254.51999999999998,ip,equation
187,414.0,248.15699999999998,421.0,248.15699999999998,421.0,254.51999999999998,414.0,254.51999999999998,0,equation
188,429.0,248.15699999999998,455.0,248.15699999999998,455.0,254.51999999999998,429.0,254.51999999999998,jklp,equation
189,513.0,248.15699999999998,526.0,248.15699999999998,526.0,254.51999999999998,513.0,254.51999999999998,jp,equation
190,575.0,248.15699999999998,582.0,248.15699999999998,582.0,254.51999999999998,575.0,254.51999999999998,0,equation
191,590.0,248.15699999999998,614.0,248.15699999999998,614.0,254.51999999999998,590.0,254.51999999999998,iklp,equation
192,322.0,252.399,333.0,252.399,333.0,263.711,322.0,263.711,−,equation
193,345.0,252.399,354.0,252.399,354.0,267.953,345.0,267.953,∗,equation
194,373.0,252.399,382.0,252.399,382.0,267.953,373.0,267.953,∗,equation
195,401.0,252.399,410.0,252.399,410.0,267.953,401.0,267.953,∗,equation
196,274.0,258.762,289.0,258.762,289.0,267.953,274.0,267.953,=,equation
197,305.0,258.762,321.0,258.762,321.0,267.953,305.0,267.953,(g,equation
198,333.0,257.348,340.0,257.348,340.0,263.711,333.0,263.711,1,equation
199,358.0,258.762,369.0,258.762,369.0,267.953,358.0,267.953,h,equation
200,386.0,258.762,397.0,258.762,397.0,267.953,386.0,267.953,h,equation
201,414.0,258.762,459.0,258.762,459.0,267.953,414.0,267.953,Rm(g,equation
202,467.0,258.762,481.0,258.762,481.0,267.953,467.0,267.953,)),equation
203,493.0,258.762,498.0,258.762,498.0,267.953,493.0,267.953,,,equation
204,459.0,262.297,466.0,262.297,466.0,269.367,459.0,269.367,0,equation
205,481.0,262.297,491.0,262.297,491.0,269.367,481.0,269.367,ij,equation
206,156.0,291.991,200.0,291.991,200.0,301.182,156.0,301.182,since,,paragraph
207,205.0,291.991,216.0,291.991,216.0,301.182,205.0,301.182,if,paragraph
208,222.0,291.991,231.0,291.991,231.0,301.182,222.0,301.182,g,paragraph
209,249.0,291.991,263.0,291.991,263.0,301.182,249.0,301.182,=,paragraph
210,268.0,291.991,284.0,291.991,284.0,301.182,268.0,301.182,(1,paragraph
211,288.0,291.991,302.0,291.991,302.0,301.182,288.0,301.182,+,paragraph
212,305.0,291.991,316.0,291.991,316.0,301.182,305.0,301.182,λ,paragraph
213,325.0,291.991,340.0,291.991,340.0,301.182,325.0,301.182,)δ,paragraph
214,359.0,291.991,371.0,291.991,371.0,301.182,359.0,301.182,is,paragraph
215,377.0,291.991,476.0,291.991,476.0,301.182,377.0,301.182,diagonalized,paragraph
216,481.0,291.991,497.0,291.991,497.0,301.182,481.0,301.182,in,paragraph
217,502.0,291.991,512.0,291.991,512.0,301.182,502.0,301.182,a,paragraph
218,517.0,291.991,616.0,291.991,616.0,301.182,517.0,301.182,orthonormal,paragraph
219,622.0,291.991,661.0,291.991,661.0,301.182,622.0,301.182,basis,paragraph
220,667.0,291.991,681.0,291.991,681.0,301.182,667.0,301.182,of,paragraph
221,687.0,291.991,696.0,291.991,696.0,301.182,687.0,301.182,g,paragraph
222,710.0,291.991,726.0,291.991,726.0,301.182,710.0,301.182,at,paragraph
223,732.0,291.991,772.0,291.991,772.0,301.182,732.0,301.182,some,paragraph
224,777.0,291.991,824.0,291.991,824.0,301.182,777.0,301.182,point,,paragraph
225,830.0,291.991,877.0,291.991,877.0,301.182,830.0,301.182,where,paragraph
226,160.0,296.233,172.0,296.233,172.0,311.787,160.0,311.787,∈,paragraph
227,177.0,297.647,191.0,297.647,191.0,309.666,177.0,309.666,R,paragraph
228,231.0,295.526,243.0,295.526,243.0,301.889,231.0,301.889,kl,paragraph
229,316.0,295.526,324.0,295.526,324.0,301.889,316.0,301.889,k,paragraph
230,340.0,295.526,352.0,295.526,352.0,301.889,340.0,301.889,kl,paragraph
231,696.0,294.81899999999996,703.0,294.81899999999996,703.0,301.889,696.0,301.889,0,paragraph
232,136.0,302.596,146.0,302.596,146.0,311.787,136.0,311.787,λ,paragraph
233,191.0,302.596,196.0,302.596,196.0,311.787,191.0,311.787,,,paragraph
234,202.0,302.596,224.0,302.596,224.0,311.787,202.0,311.787,for,paragraph
235,230.0,302.596,239.0,302.596,239.0,311.787,230.0,311.787,k,paragraph
236,245.0,302.596,259.0,302.596,259.0,311.787,245.0,311.787,=,paragraph
237,264.0,302.596,279.0,302.596,279.0,311.787,264.0,311.787,1,,paragraph
238,282.0,302.596,302.0,302.596,302.0,311.787,282.0,311.787,...,,paragraph
239,305.0,302.596,321.0,302.596,321.0,311.787,305.0,311.787,n,,paragraph
240,146.0,306.131,154.0,306.131,154.0,312.494,146.0,312.494,k,paragraph
241,466.0,306.838,474.0,306.838,474.0,340.774,466.0,340.774,(cid:0),equation
242,631.0,306.838,640.0,306.838,640.0,340.774,631.0,340.774,(cid:1),equation
243,581.0,328.755,592.0,328.755,592.0,340.067,581.0,340.067,−,equation
244,604.0,328.755,618.0,328.755,618.0,344.30899999999997,604.0,344.30899999999997,−,equation
245,348.0,335.118,359.0,335.118,359.0,344.30899999999997,348.0,344.30899999999997,h,equation
246,376.0,335.118,390.0,335.118,390.0,344.30899999999997,376.0,344.30899999999997,+,equation
247,394.0,333.704,417.0,333.704,417.0,344.30899999999997,394.0,344.30899999999997,hkl,equation
248,435.0,335.118,449.0,335.118,449.0,344.30899999999997,435.0,344.30899999999997,=,equation
249,474.0,335.118,485.0,335.118,485.0,344.30899999999997,474.0,344.30899999999997,λ,equation
250,497.0,335.118,512.0,335.118,512.0,344.30899999999997,497.0,344.30899999999997,+,equation
251,516.0,335.118,532.0,335.118,532.0,344.30899999999997,516.0,344.30899999999997,(1,equation
252,536.0,335.118,550.0,335.118,550.0,344.30899999999997,536.0,344.30899999999997,+,equation
253,554.0,335.118,565.0,335.118,565.0,344.30899999999997,554.0,344.30899999999997,λ,equation
254,574.0,335.118,581.0,335.118,581.0,344.30899999999997,574.0,344.30899999999997,),equation
255,592.0,333.704,599.0,333.704,599.0,340.067,592.0,340.067,1,equation
256,622.0,335.118,631.0,335.118,631.0,344.30899999999997,622.0,344.30899999999997,1,equation
257,643.0,335.118,651.0,335.118,651.0,344.30899999999997,643.0,344.30899999999997,δ,equation
258,359.0,338.65299999999996,371.0,338.65299999999996,371.0,345.723,359.0,345.723,kl,equation
259,485.0,338.65299999999996,492.0,338.65299999999996,492.0,345.723,485.0,345.723,k,equation
260,565.0,338.65299999999996,573.0,338.65299999999996,573.0,345.723,565.0,345.723,k,equation
261,651.0,338.65299999999996,663.0,338.65299999999996,663.0,345.723,651.0,345.723,kl,equation
262,531.0,343.602,542.0,343.602,542.0,354.914,531.0,354.914,−,equation
263,435.0,349.965,449.0,349.965,449.0,359.156,435.0,359.156,=,equation
264,466.0,349.965,482.0,349.965,482.0,359.156,466.0,359.156,(1,equation
265,486.0,349.965,500.0,349.965,500.0,359.156,486.0,359.156,+,equation
266,504.0,349.965,515.0,349.965,515.0,359.156,504.0,359.156,λ,equation
267,524.0,349.965,531.0,349.965,531.0,359.156,524.0,359.156,),equation
268,542.0,348.551,577.0,348.551,577.0,359.156,542.0,359.156,1λ2δ,equation
269,515.0,353.5,522.0,353.5,522.0,360.57,515.0,360.57,k,equation
270,560.0,354.207,568.0,354.207,568.0,361.277,560.0,361.277,k,equation
271,577.0,353.5,589.0,353.5,589.0,360.57,577.0,360.57,kl,equation
272,482.0,357.742,493.0,357.742,493.0,369.05400000000003,482.0,369.05400000000003,−,equation
273,505.0,357.742,514.0,357.742,514.0,373.296,505.0,373.296,∗,equation
274,533.0,357.742,542.0,357.742,542.0,373.296,533.0,373.296,∗,equation
275,435.0,364.105,449.0,364.105,449.0,373.296,435.0,373.296,=,equation
276,466.0,364.105,482.0,364.105,482.0,373.296,466.0,373.296,(g,equation
277,493.0,362.69100000000003,500.0,362.69100000000003,500.0,369.05400000000003,493.0,369.05400000000003,1,equation
278,519.0,364.105,529.0,364.105,529.0,373.296,519.0,373.296,h,equation
279,546.0,364.105,564.0,364.105,564.0,373.296,546.0,373.296,h),equation
280,577.0,364.105,582.0,364.105,582.0,373.296,577.0,373.296,.,equation
281,564.0,367.64,576.0,367.64,576.0,374.71000000000004,564.0,374.71000000000004,kl,equation
282,320.0,390.264,331.0,390.264,331.0,402.28299999999996,320.0,402.28299999999996,−,paragraph
283,343.0,390.264,353.0,390.264,353.0,405.818,343.0,405.818,∗,paragraph
284,371.0,390.264,380.0,390.264,380.0,405.818,371.0,405.818,∗,paragraph
285,399.0,390.264,408.0,390.264,408.0,405.818,399.0,405.818,∗,paragraph
286,504.0,390.264,515.0,390.264,515.0,402.28299999999996,504.0,402.28299999999996,−,paragraph
287,527.0,390.264,536.0,390.264,536.0,405.818,527.0,405.818,∗,paragraph
288,550.0,390.264,561.0,390.264,561.0,402.28299999999996,550.0,402.28299999999996,−,paragraph
289,573.0,390.264,582.0,390.264,582.0,405.818,573.0,405.818,∗,paragraph
290,586.0,390.264,601.0,390.264,601.0,405.818,586.0,405.818,∇,paragraph
291,631.0,390.264,640.0,390.264,640.0,405.818,631.0,405.818,∗,paragraph
292,644.0,390.264,659.0,390.264,659.0,405.818,644.0,405.818,∇,paragraph
293,156.0,396.62700000000007,238.0,396.62700000000007,238.0,405.818,156.0,405.818,Therefore,,paragraph
294,244.0,396.62700000000007,286.0,396.62700000000007,286.0,407.23199999999997,244.0,407.23199999999997,R0[h],paragraph
295,292.0,396.62700000000007,306.0,396.62700000000007,306.0,405.818,292.0,405.818,=,paragraph
296,311.0,396.62700000000007,320.0,396.62700000000007,320.0,405.818,311.0,405.818,g,paragraph
297,331.0,395.213,339.0,395.213,339.0,402.28299999999996,331.0,402.28299999999996,1,paragraph
298,357.0,396.62700000000007,367.0,396.62700000000007,367.0,405.818,357.0,405.818,h,paragraph
299,385.0,396.62700000000007,395.0,396.62700000000007,395.0,405.818,385.0,405.818,h,paragraph
300,412.0,396.62700000000007,472.0,396.62700000000007,472.0,407.23199999999997,412.0,407.23199999999997,Rm(g0),paragraph
301,476.0,396.62700000000007,490.0,396.62700000000007,490.0,405.818,476.0,405.818,+,paragraph
302,495.0,396.62700000000007,503.0,396.62700000000007,503.0,405.818,495.0,405.818,g,paragraph
303,515.0,395.213,522.0,395.213,522.0,402.28299999999996,515.0,402.28299999999996,1,paragraph
304,540.0,396.62700000000007,549.0,396.62700000000007,549.0,405.818,540.0,405.818,g,paragraph
305,561.0,395.213,568.0,395.213,568.0,402.28299999999996,561.0,402.28299999999996,1,paragraph
306,601.0,395.213,626.0,395.213,626.0,405.818,601.0,405.818,g0h,paragraph
307,659.0,395.213,689.0,395.213,689.0,405.818,659.0,405.818,g0h.,paragraph
308,156.0,418.544,196.0,418.544,196.0,427.735,156.0,427.735,Now,,paragraph
309,203.0,418.544,223.0,418.544,223.0,427.735,203.0,427.735,we,paragraph
310,230.0,418.544,305.0,418.544,305.0,427.735,230.0,427.735,introduce,paragraph
311,311.0,418.544,336.0,418.544,336.0,427.735,311.0,427.735,the,paragraph
312,343.0,418.544,371.0,418.544,371.0,427.735,343.0,427.735,last,paragraph
313,377.0,418.544,409.0,418.544,409.0,427.735,377.0,427.735,ﬂow,paragraph
314,415.0,418.544,496.0,418.544,496.0,427.735,415.0,427.735,equivalent,paragraph
315,502.0,418.544,519.0,418.544,519.0,427.735,502.0,427.735,to,paragraph
316,525.0,418.544,548.0,418.544,548.0,427.735,525.0,427.735,(3),paragraph
317,554.0,418.544,588.0,418.544,588.0,427.735,554.0,427.735,that,paragraph
318,594.0,418.544,615.0,418.544,615.0,427.735,594.0,427.735,we,paragraph
319,621.0,418.544,649.0,418.544,649.0,427.735,621.0,427.735,will,paragraph
320,656.0,418.544,700.0,418.544,700.0,427.735,656.0,427.735,study,paragraph
321,706.0,418.544,721.0,418.544,721.0,427.735,706.0,427.735,in,paragraph
322,727.0,418.544,753.0,418.544,753.0,427.735,727.0,427.735,the,paragraph
323,759.0,418.544,794.0,418.544,794.0,427.735,759.0,427.735,next,paragraph
324,800.0,418.544,862.0,418.544,862.0,427.735,800.0,427.735,sections,paragraph
325,868.0,418.544,874.0,418.544,874.0,427.735,868.0,427.735,:,paragraph
326,383.0,444.703,397.0,444.703,397.0,460.257,383.0,460.257,−,equation
327,530.0,444.703,545.0,444.703,545.0,460.257,530.0,460.257,∇,equation
328,356.0,451.06600000000003,372.0,451.06600000000003,372.0,460.257,356.0,460.257,(∂,equation
329,401.0,451.06600000000003,413.0,451.06600000000003,413.0,460.257,401.0,460.257,L,equation
330,419.0,451.06600000000003,426.0,451.06600000000003,426.0,460.257,419.0,460.257,),equation
331,430.0,448.945,440.0,448.945,440.0,460.257,430.0,460.257,h¯,equation
332,445.0,451.06600000000003,459.0,451.06600000000003,459.0,460.257,445.0,460.257,=,equation
333,465.0,451.06600000000003,478.0,451.06600000000003,478.0,460.257,465.0,460.257,R,equation
334,486.0,448.945,507.0,448.945,507.0,460.257,486.0,460.257,[h¯],equation
335,511.0,451.06600000000003,525.0,451.06600000000003,525.0,460.257,511.0,460.257,+,equation
336,545.0,449.652,590.0,449.652,590.0,460.257,545.0,460.257,g0(t)R,equation
337,597.0,448.945,623.0,448.945,623.0,460.257,597.0,460.257,[h¯],,equation
338,853.0,451.06600000000003,877.0,451.06600000000003,877.0,460.257,853.0,460.257,(4),paragraph
339,372.0,454.601,378.0,454.601,378.0,461.671,372.0,461.671,t,equation
340,413.0,454.601,418.0,454.601,418.0,461.671,413.0,461.671,t,equation
341,478.0,454.601,486.0,454.601,486.0,461.671,478.0,461.671,0,equation
342,590.0,454.601,597.0,454.601,597.0,461.671,590.0,461.671,1,equation
343,156.0,484.295,191.0,484.295,191.0,493.486,156.0,493.486,with,paragraph
344,419.0,509.74699999999996,430.0,509.74699999999996,430.0,521.766,419.0,521.766,−,equation
345,442.0,509.74699999999996,451.0,509.74699999999996,451.0,526.008,442.0,526.008,∗,equation
346,470.0,509.74699999999996,479.0,509.74699999999996,479.0,526.008,470.0,526.008,∗,equation
347,313.0,513.989,356.0,513.989,356.0,526.715,313.0,526.715,R0[h¯],equation
348,372.0,516.817,392.0,516.817,392.0,526.008,372.0,526.008,:=,equation
349,408.0,513.989,419.0,513.989,419.0,526.008,408.0,526.008,h¯,equation
350,430.0,514.696,437.0,514.696,437.0,521.766,430.0,521.766,1,equation
351,455.0,513.989,567.0,513.989,567.0,552.874,455.0,552.874,h¯(cid:16)(cid:16)(cid:0)Rm(g0(t))(cid:1),equation
352,656.0,516.11,667.0,516.11,667.0,550.753,656.0,550.753,(cid:17),equation
353,739.0,516.11,750.0,516.11,750.0,550.753,739.0,550.753,(cid:17),equation
354,453.0,524.594,464.0,524.594,464.0,535.906,453.0,535.906,−,equation
355,476.0,524.594,485.0,524.594,485.0,540.855,476.0,540.855,∗,equation
356,520.0,524.594,531.0,524.594,531.0,535.906,520.0,535.906,−,equation
357,543.0,524.594,552.0,524.594,552.0,540.855,543.0,540.855,∗,equation
358,556.0,524.594,571.0,524.594,571.0,540.855,556.0,540.855,∇,equation
359,617.0,524.594,626.0,524.594,626.0,540.855,617.0,540.855,∗,equation
360,630.0,524.594,645.0,524.594,645.0,540.855,630.0,540.855,∇,equation
361,408.0,531.664,453.0,531.664,453.0,540.855,408.0,540.855,+g(t),equation
362,464.0,529.543,471.0,529.543,471.0,535.906,464.0,535.906,1,equation
363,489.0,531.664,520.0,531.664,520.0,540.855,489.0,540.855,g(t),equation
364,531.0,529.543,538.0,529.543,538.0,535.906,531.0,535.906,1,equation
365,571.0,528.836,613.0,528.836,613.0,540.855,571.0,540.855,g0(t)h¯,equation
366,645.0,528.836,687.0,528.836,687.0,540.855,645.0,540.855,g0(t)h¯,equation
367,255.0,540.855,270.0,540.855,270.0,557.116,255.0,557.116,∇,equation
368,408.0,540.855,424.0,540.855,424.0,557.116,408.0,557.116,∇,equation
369,585.0,540.855,600.0,540.855,600.0,557.116,585.0,557.116,−,equation
370,670.0,540.855,685.0,540.855,685.0,557.116,670.0,557.116,∇,equation
371,270.0,545.804,315.0,545.804,315.0,557.116,270.0,557.116,g0(t)R,equation
372,323.0,545.097,343.0,545.097,343.0,557.116,323.0,557.116,[h¯],equation
373,372.0,547.9250000000001,392.0,547.9250000000001,392.0,557.116,372.0,557.116,:=,equation
374,424.0,545.804,454.0,545.804,454.0,553.581,424.0,553.581,g0(t),equation
375,488.0,547.9250000000001,497.0,547.9250000000001,497.0,557.116,488.0,557.116,g,equation
376,505.0,547.9250000000001,525.0,547.9250000000001,525.0,557.116,505.0,557.116,(t),equation
377,530.0,547.9250000000001,544.0,547.9250000000001,544.0,557.116,530.0,557.116,+,equation
378,548.0,545.097,558.0,545.097,558.0,557.116,548.0,557.116,h¯,equation
379,567.0,544.39,580.0,544.39,580.0,551.46,567.0,551.46,ab,equation
380,604.0,547.9250000000001,612.0,547.9250000000001,612.0,557.116,604.0,557.116,g,equation
381,620.0,545.804,655.0,545.804,655.0,557.116,620.0,557.116,(t)ab,equation
382,685.0,545.097,726.0,545.097,726.0,557.116,685.0,557.116,g0(t)h¯,equation
383,753.0,547.9250000000001,758.0,547.9250000000001,758.0,557.116,753.0,557.116,,,equation
384,315.0,551.46,322.0,551.46,322.0,557.823,315.0,557.823,1,equation
385,343.0,551.46,354.0,551.46,354.0,557.823,343.0,557.823,ij,equation
386,424.0,552.167,431.0,552.167,431.0,558.53,424.0,558.53,a,equation
387,497.0,551.46,504.0,551.46,504.0,557.823,497.0,557.823,0,equation
388,612.0,551.46,620.0,551.46,620.0,557.823,612.0,557.823,0,equation
389,685.0,552.874,691.0,552.874,691.0,559.2370000000001,685.0,559.2370000000001,b,equation
390,726.0,551.46,737.0,551.46,737.0,557.823,726.0,557.823,ij,equation
391,156.0,580.447,208.0,580.447,208.0,589.6379999999999,156.0,589.6379999999999,where,,paragraph
