0,206.0,91.987,222.0,91.987,222.0,101.263,206.0,101.263,18,paragraph
1,275.0,91.987,339.0,91.987,339.0,101.263,275.0,101.263,JACOPO,paragraph
2,344.0,91.987,365.0,91.987,365.0,101.263,344.0,101.263,DE,paragraph
3,370.0,91.987,419.0,91.987,419.0,101.263,370.0,101.263,SIMOI,,paragraph
4,424.0,91.987,476.0,91.987,476.0,101.263,424.0,101.263,VADIM,paragraph
5,481.0,91.987,566.0,91.987,566.0,101.263,481.0,101.263,KALOSHIN,,paragraph
6,571.0,91.987,605.0,91.987,605.0,101.263,571.0,101.263,AND,paragraph
7,610.0,91.987,687.0,91.987,687.0,101.263,610.0,101.263,QIAOLING,paragraph
8,692.0,91.987,724.0,91.987,724.0,101.263,692.0,101.263,WEI,paragraph
9,534.0,104.355,550.0,104.355,550.0,125.226,534.0,125.226,⊂,paragraph
10,758.0,104.355,764.0,104.355,764.0,125.226,758.0,125.226,·,paragraph
11,206.0,112.85799999999999,233.0,112.85799999999999,233.0,125.226,206.0,125.226,full,paragraph
12,241.0,112.85799999999999,314.0,112.85799999999999,314.0,125.226,241.0,125.226,measure.,paragraph
13,326.0,112.85799999999999,435.0,112.85799999999999,435.0,125.226,326.0,125.226,Furthermore,,paragraph
14,443.0,112.85799999999999,468.0,112.85799999999999,468.0,125.226,443.0,125.226,the,paragraph
15,476.0,112.85799999999999,499.0,112.85799999999999,499.0,125.226,476.0,125.226,set,paragraph
16,507.0,112.85799999999999,519.0,112.85799999999999,519.0,125.226,507.0,125.226,U,paragraph
17,557.0,112.85799999999999,570.0,112.85799999999999,570.0,125.226,557.0,125.226,U,paragraph
18,585.0,112.85799999999999,601.0,112.85799999999999,601.0,125.226,585.0,125.226,of,paragraph
19,609.0,112.85799999999999,617.0,112.85799999999999,617.0,125.226,609.0,125.226,τ,paragraph
20,627.0,112.85799999999999,663.0,112.85799999999999,663.0,125.226,627.0,125.226,such,paragraph
21,671.0,112.85799999999999,703.0,112.85799999999999,703.0,125.226,671.0,125.226,that,paragraph
22,711.0,112.85799999999999,724.0,112.85799999999999,724.0,125.226,711.0,125.226,L,paragraph
23,732.0,112.85799999999999,755.0,112.85799999999999,755.0,125.226,732.0,125.226,(τ;,paragraph
24,764.0,112.85799999999999,771.0,112.85799999999999,771.0,125.226,764.0,125.226,),paragraph
25,779.0,112.85799999999999,793.0,112.85799999999999,793.0,125.226,779.0,125.226,is,paragraph
26,519.0,118.26899999999999,526.0,118.26899999999999,526.0,125.99900000000001,519.0,125.99900000000001,0,paragraph
27,570.0,118.26899999999999,577.0,118.26899999999999,577.0,125.99900000000001,570.0,125.99900000000001,1,paragraph
28,724.0,118.26899999999999,730.0,118.26899999999999,730.0,125.99900000000001,724.0,125.99900000000001,q,paragraph
29,206.0,126.772,227.0,126.772,227.0,138.367,206.0,138.367,an,paragraph
30,233.0,126.772,304.0,126.772,304.0,138.367,233.0,138.367,excellent,paragraph
31,310.0,126.772,361.0,126.772,361.0,138.367,310.0,138.367,Morse,paragraph
32,367.0,126.772,436.0,126.772,436.0,138.367,367.0,138.367,function,paragraph
33,442.0,126.772,501.0,126.772,501.0,138.367,442.0,138.367,(Morse,paragraph
34,507.0,126.772,576.0,126.772,576.0,138.367,507.0,138.367,function,paragraph
35,582.0,126.772,631.0,126.772,631.0,138.367,582.0,138.367,whose,paragraph
36,637.0,126.772,694.0,126.772,694.0,138.367,637.0,138.367,critical,paragraph
37,700.0,126.772,749.0,126.772,749.0,138.367,700.0,138.367,points,paragraph
38,755.0,126.772,793.0,126.772,793.0,138.367,755.0,138.367,have,paragraph
39,206.0,140.686,274.0,140.686,274.0,152.281,206.0,152.281,pairwise,paragraph
40,281.0,140.686,342.0,140.686,342.0,152.281,281.0,152.281,distinct,paragraph
41,349.0,140.686,406.0,140.686,406.0,152.281,349.0,152.281,critical,paragraph
42,413.0,140.686,471.0,140.686,471.0,152.281,413.0,152.281,values),paragraph
43,477.0,140.686,491.0,140.686,491.0,152.281,477.0,152.281,is,paragraph
44,497.0,140.686,530.0,140.686,530.0,152.281,497.0,152.281,also,paragraph
45,536.0,140.686,557.0,140.686,557.0,152.281,536.0,152.281,an,paragraph
46,563.0,140.686,601.0,140.686,601.0,152.281,563.0,152.281,open,paragraph
47,608.0,140.686,658.0,140.686,658.0,152.281,608.0,152.281,subset,paragraph
48,664.0,140.686,680.0,140.686,680.0,152.281,664.0,152.281,of,paragraph
49,686.0,140.686,713.0,140.686,713.0,152.281,686.0,152.281,full,paragraph
50,719.0,140.686,793.0,140.686,793.0,152.281,719.0,152.281,measure.,paragraph
51,302.0,145.324,315.0,145.324,315.0,165.422,302.0,165.422,∈,paragraph
52,582.0,145.324,588.0,145.324,588.0,165.422,582.0,165.422,·,paragraph
53,206.0,153.827,235.0,153.827,235.0,165.422,206.0,165.422,For,paragraph
54,243.0,153.827,272.0,153.827,272.0,165.422,243.0,165.422,any,paragraph
55,280.0,153.827,288.0,153.827,288.0,165.422,280.0,165.422,τ,paragraph
56,322.0,153.827,338.0,153.827,338.0,165.422,322.0,165.422,X,paragraph
57,345.0,153.827,351.0,153.827,351.0,165.422,345.0,165.422,,,paragraph
58,359.0,153.827,384.0,153.827,384.0,165.422,359.0,165.422,the,paragraph
59,391.0,153.827,448.0,153.827,448.0,165.422,391.0,165.422,critical,paragraph
60,456.0,153.827,505.0,153.827,505.0,165.422,456.0,165.422,points,paragraph
61,512.0,153.827,528.0,153.827,528.0,165.422,512.0,165.422,of,paragraph
62,535.0,153.827,548.0,153.827,548.0,165.422,535.0,165.422,L,paragraph
63,556.0,153.827,579.0,153.827,579.0,165.422,556.0,165.422,(τ;,paragraph
64,588.0,153.827,595.0,153.827,595.0,165.422,588.0,165.422,),paragraph
65,603.0,153.827,667.0,153.827,667.0,165.422,603.0,165.422,depends,paragraph
66,674.0,153.827,747.0,153.827,747.0,165.422,674.0,165.422,smoothly,paragraph
67,754.0,153.827,775.0,153.827,775.0,165.422,754.0,165.422,on,paragraph
68,782.0,153.827,790.0,153.827,790.0,165.422,782.0,165.422,τ,paragraph
69,288.0,159.238,295.0,159.238,295.0,166.968,288.0,166.968,0,paragraph
70,338.0,159.238,345.0,159.238,345.0,166.968,338.0,166.968,0,paragraph
71,548.0,159.238,555.0,159.238,555.0,166.968,548.0,166.968,q,paragraph
72,206.0,167.74099999999999,258.0,167.74099999999999,258.0,179.336,206.0,179.336,within,paragraph
73,265.0,167.74099999999999,274.0,167.74099999999999,274.0,179.336,265.0,179.336,a,paragraph
74,281.0,167.74099999999999,371.0,167.74099999999999,371.0,179.336,281.0,179.336,suﬃciently,paragraph
75,378.0,167.74099999999999,422.0,167.74099999999999,422.0,179.336,378.0,179.336,small,paragraph
76,428.0,167.74099999999999,535.0,167.74099999999999,535.0,179.336,428.0,179.336,neighborhood,paragraph
77,542.0,167.74099999999999,558.0,167.74099999999999,558.0,179.336,542.0,179.336,of,paragraph
78,564.0,167.74099999999999,573.0,167.74099999999999,573.0,179.336,564.0,179.336,τ,paragraph
79,580.0,167.74099999999999,586.0,167.74099999999999,586.0,179.336,580.0,179.336,.,paragraph
80,595.0,167.74099999999999,645.0,167.74099999999999,645.0,179.336,595.0,179.336,Hence,paragraph
81,652.0,167.74099999999999,674.0,167.74099999999999,674.0,179.336,652.0,179.336,we,paragraph
82,681.0,167.74099999999999,718.0,167.74099999999999,718.0,179.336,681.0,179.336,have,paragraph
83,573.0,172.379,580.0,172.379,580.0,180.109,573.0,180.109,0,paragraph
84,387.0,180.882,391.0,180.882,391.0,194.023,387.0,194.023,(cid:48),paragraph
85,524.0,180.109,530.0,180.109,530.0,200.207,524.0,200.207,·,paragraph
86,589.0,180.109,602.0,180.109,602.0,200.207,589.0,200.207,∈,paragraph
87,371.0,188.612,387.0,188.612,387.0,200.207,371.0,200.207,∆,paragraph
88,395.0,188.612,420.0,188.612,420.0,200.207,395.0,200.207,(τ),paragraph
89,425.0,188.612,440.0,188.612,440.0,200.207,425.0,200.207,=,paragraph
90,446.0,188.612,463.0,188.612,463.0,200.207,446.0,200.207,2(cid:96),paragraph
91,480.0,188.612,521.0,188.612,521.0,200.207,480.0,200.207,(n(τ,,paragraph
92,530.0,188.612,550.0,188.612,550.0,200.207,530.0,200.207,)),,paragraph
93,573.0,188.612,581.0,188.612,581.0,200.207,573.0,200.207,τ,paragraph
94,607.0,188.612,620.0,188.612,620.0,200.207,607.0,200.207,U,paragraph
95,387.0,194.023,393.0,194.023,393.0,201.75300000000001,387.0,201.75300000000001,q,paragraph
96,463.0,192.477,478.0,192.477,478.0,200.98000000000002,463.0,200.98000000000002,Sq,paragraph
97,620.0,193.25,627.0,193.25,627.0,200.98000000000002,620.0,200.98000000000002,0,paragraph
98,206.0,210.25600000000003,230.0,210.25600000000003,230.0,221.85099999999997,206.0,221.85099999999997,for,paragraph
99,237.0,210.25600000000003,258.0,210.25600000000003,258.0,221.85099999999997,237.0,221.85099999999997,an,paragraph
100,264.0,210.25600000000003,337.0,210.25600000000003,337.0,221.85099999999997,264.0,221.85099999999997,arbitrary,paragraph
101,344.0,210.25600000000003,378.0,210.25600000000003,378.0,221.85099999999997,344.0,221.85099999999997,(i.e.,paragraph
102,385.0,210.25600000000003,412.0,210.25600000000003,412.0,221.85099999999997,385.0,221.85099999999997,not,paragraph
103,419.0,210.25600000000003,508.0,210.25600000000003,508.0,221.85099999999997,419.0,221.85099999999997,necessarily,paragraph
104,514.0,210.25600000000003,607.0,210.25600000000003,607.0,221.85099999999997,514.0,221.85099999999997,isospectral),paragraph
105,614.0,208.71,636.0,208.71,636.0,221.85099999999997,614.0,221.85099999999997,C2,paragraph
106,643.0,210.25600000000003,744.0,210.25600000000003,744.0,221.85099999999997,643.0,221.85099999999997,deformation,paragraph
107,751.0,210.25600000000003,767.0,210.25600000000003,767.0,221.85099999999997,751.0,221.85099999999997,γ.,paragraph
108,226.0,231.89999999999998,253.0,231.89999999999998,253.0,243.495,226.0,243.495,We,paragraph
109,262.0,231.89999999999998,295.0,231.89999999999998,295.0,243.495,262.0,243.495,now,paragraph
110,304.0,231.89999999999998,353.0,231.89999999999998,353.0,243.495,304.0,243.495,deﬁne,paragraph
111,362.0,231.89999999999998,481.0,231.89999999999998,481.0,243.495,362.0,243.495,conventionally,paragraph
112,490.0,231.89999999999998,517.0,231.89999999999998,517.0,243.495,490.0,243.495,the,paragraph
113,526.0,231.89999999999998,610.0,231.89999999999998,610.0,243.495,526.0,243.495,additional,paragraph
114,619.0,231.89999999999998,702.0,231.89999999999998,702.0,243.495,619.0,243.495,functional,paragraph
115,711.0,231.89999999999998,719.0,231.89999999999998,719.0,243.495,711.0,243.495,(cid:96),paragraph
116,741.0,231.89999999999998,766.0,231.89999999999998,766.0,243.495,741.0,243.495,(ν),paragraph
117,775.0,231.89999999999998,793.0,231.89999999999998,793.0,243.495,775.0,243.495,as,paragraph
118,719.0,236.53799999999998,740.0,236.53799999999998,740.0,244.268,719.0,244.268,Ω,1,paragraph
119,206.0,245.814,233.0,245.814,233.0,257.409,206.0,257.409,the,paragraph
120,240.0,245.814,325.0,245.814,325.0,257.409,240.0,257.409,evaluation,paragraph
121,332.0,245.814,347.0,245.814,347.0,257.409,332.0,257.409,of,paragraph
122,353.0,245.814,380.0,245.814,380.0,257.409,353.0,257.409,the,paragraph
123,386.0,245.814,455.0,245.814,455.0,257.409,386.0,257.409,function,paragraph
124,462.0,245.814,471.0,245.814,471.0,257.409,462.0,257.409,ν,paragraph
125,479.0,245.814,496.0,245.814,496.0,257.409,479.0,257.409,at,paragraph
126,502.0,245.814,529.0,245.814,529.0,257.409,502.0,257.409,the,paragraph
127,535.0,245.814,597.0,245.814,597.0,257.409,535.0,257.409,marked,paragraph
128,603.0,245.814,647.0,245.814,647.0,257.409,603.0,257.409,point,paragraph
129,653.0,245.814,662.0,245.814,662.0,257.409,653.0,257.409,s,paragraph
130,668.0,245.814,683.0,245.814,683.0,257.409,668.0,257.409,=,paragraph
131,688.0,245.814,703.0,245.814,703.0,257.409,688.0,257.409,0,,paragraph
132,710.0,245.814,745.0,245.814,745.0,257.409,710.0,257.409,that,paragraph
133,751.0,245.814,764.0,245.814,764.0,257.409,751.0,257.409,is,paragraph
134,771.0,245.814,793.0,245.814,793.0,257.409,771.0,257.409,we,paragraph
135,206.0,258.95500000000004,261.0,258.95500000000004,261.0,270.54999999999995,206.0,270.54999999999995,simply,paragraph
136,268.0,258.95500000000004,289.0,258.95500000000004,289.0,270.54999999999995,268.0,270.54999999999995,let,paragraph
137,439.0,279.82599999999996,447.0,279.82599999999996,447.0,291.421,439.0,291.421,(cid:96),paragraph
138,468.0,279.82599999999996,494.0,279.82599999999996,494.0,291.421,468.0,291.421,(ν),paragraph
139,499.0,279.82599999999996,514.0,279.82599999999996,514.0,291.421,499.0,291.421,=,paragraph
140,520.0,279.82599999999996,560.0,279.82599999999996,560.0,291.421,520.0,291.421,ν(0).,paragraph
141,447.0,284.464,468.0,284.464,468.0,292.194,447.0,292.194,Ω,1,paragraph
142,206.0,300.697,274.0,300.697,274.0,313.065,206.0,313.065,Observe,paragraph
143,279.0,300.697,314.0,300.697,314.0,313.065,279.0,313.065,that,paragraph
144,320.0,300.697,331.0,300.697,331.0,313.065,320.0,313.065,if,paragraph
145,337.0,300.697,358.0,300.697,358.0,313.065,337.0,313.065,(Ω,paragraph
146,367.0,300.697,378.0,300.697,378.0,313.838,367.0,313.838,)|,paragraph
147,386.0,300.697,400.0,300.697,400.0,313.838,386.0,313.838,|≤,paragraph
148,414.0,300.697,427.0,300.697,427.0,313.065,414.0,313.065,is,paragraph
149,432.0,300.697,442.0,300.697,442.0,313.065,432.0,313.065,a,paragraph
150,448.0,300.697,539.0,300.697,539.0,313.065,448.0,313.065,normalized,paragraph
151,545.0,300.697,600.0,300.697,600.0,313.065,545.0,313.065,family,,paragraph
152,606.0,300.697,644.0,300.697,644.0,313.065,606.0,313.065,then,paragraph
153,649.0,300.697,676.0,300.697,676.0,313.065,649.0,313.065,the,paragraph
154,682.0,300.697,743.0,300.697,743.0,313.065,682.0,313.065,marked,paragraph
155,749.0,300.697,793.0,300.697,793.0,313.065,749.0,313.065,point,paragraph
156,358.0,306.108,364.0,306.108,364.0,313.838,358.0,313.838,τ,paragraph
157,378.0,306.108,384.0,306.108,384.0,313.838,378.0,313.838,τ,paragraph
158,400.0,306.108,407.0,306.108,407.0,313.838,400.0,313.838,1,paragraph
159,596.0,306.108,602.0,306.108,602.0,326.206,596.0,326.206,·,paragraph
160,206.0,314.611,219.0,314.611,219.0,326.206,206.0,326.206,is,paragraph
161,226.0,314.611,266.0,314.611,266.0,326.206,226.0,326.206,ﬁxed,paragraph
162,273.0,314.611,290.0,314.611,290.0,326.206,273.0,326.206,at,paragraph
163,297.0,314.611,324.0,314.611,324.0,326.206,297.0,326.206,the,paragraph
164,331.0,314.611,378.0,314.611,378.0,326.206,331.0,326.206,origin,paragraph
165,385.0,314.611,422.0,314.611,422.0,326.206,385.0,326.206,and,,paragraph
166,429.0,314.611,508.0,314.611,508.0,326.206,429.0,326.206,therefore,,paragraph
167,515.0,314.611,523.0,314.611,523.0,326.206,515.0,326.206,(cid:96),paragraph
168,552.0,314.611,593.0,314.611,593.0,326.206,552.0,326.206,(n(τ,,paragraph
169,602.0,314.611,617.0,314.611,617.0,326.206,602.0,326.206,)),paragraph
170,623.0,314.611,638.0,314.611,638.0,326.206,623.0,326.206,=,paragraph
171,644.0,314.611,659.0,314.611,659.0,326.206,644.0,326.206,0.,paragraph
172,670.0,314.611,696.0,314.611,696.0,326.206,670.0,326.206,We,paragraph
173,703.0,314.611,793.0,314.611,793.0,326.206,703.0,326.206,summarize,paragraph
174,523.0,319.24899999999997,551.0,319.24899999999997,551.0,327.752,523.0,327.752,Ωτ,1,paragraph
175,206.0,328.525,234.0,328.525,234.0,340.12,206.0,340.12,our,paragraph
176,240.0,328.525,305.0,328.525,305.0,340.12,240.0,340.12,ﬁndings,paragraph
177,312.0,328.525,328.0,328.525,328.0,340.12,312.0,340.12,in,paragraph
178,334.0,328.525,361.0,328.525,361.0,340.12,334.0,340.12,the,paragraph
179,367.0,328.525,441.0,328.525,441.0,340.12,367.0,340.12,following,paragraph
180,448.0,328.525,536.0,328.525,536.0,340.12,448.0,340.12,statement.,paragraph
181,206.0,363.31,297.0,363.31,297.0,375.678,206.0,375.678,Corollary,paragraph
182,305.0,363.31,340.0,363.31,340.0,375.678,305.0,375.678,4.8.,paragraph
183,348.0,363.31,374.0,363.31,374.0,375.678,348.0,375.678,Let,paragraph
184,382.0,363.31,403.0,363.31,403.0,375.678,382.0,375.678,(Ω,paragraph
185,412.0,362.537,423.0,362.537,423.0,376.45099999999996,412.0,376.45099999999996,)|,paragraph
186,430.0,362.537,445.0,362.537,445.0,376.45099999999996,430.0,376.45099999999996,|≤,paragraph
187,460.0,363.31,477.0,363.31,477.0,375.678,460.0,375.678,be,paragraph
188,485.0,363.31,494.0,363.31,494.0,375.678,485.0,375.678,a,paragraph
189,502.0,363.31,592.0,363.31,592.0,375.678,502.0,375.678,normalized,paragraph
190,600.0,363.31,684.0,363.31,684.0,375.678,600.0,375.678,isospectral,paragraph
191,692.0,363.31,749.0,363.31,749.0,375.678,692.0,375.678,family,,paragraph
192,757.0,363.31,793.0,363.31,793.0,375.678,757.0,375.678,then,paragraph
193,288.0,368.721,303.0,368.721,303.0,388.819,288.0,388.819,≥,paragraph
194,403.0,368.721,409.0,368.721,409.0,376.45099999999996,403.0,376.45099999999996,τ,paragraph
195,423.0,368.721,429.0,368.721,429.0,376.45099999999996,423.0,376.45099999999996,τ,paragraph
196,445.0,368.721,452.0,368.721,452.0,376.45099999999996,445.0,376.45099999999996,1,paragraph
197,487.0,368.721,493.0,368.721,493.0,388.819,487.0,388.819,·,paragraph
198,633.0,368.721,646.0,368.721,646.0,388.819,633.0,388.819,∈,paragraph
199,657.0,368.721,672.0,368.721,672.0,388.819,657.0,388.819,−,paragraph
200,206.0,377.224,230.0,377.224,230.0,388.819,206.0,388.819,for,paragraph
201,237.0,377.224,267.0,377.224,267.0,388.819,237.0,388.819,any,paragraph
202,274.0,377.224,282.0,377.224,282.0,388.819,274.0,388.819,q,paragraph
203,309.0,377.224,318.0,377.224,318.0,388.819,309.0,388.819,0,paragraph
204,325.0,377.224,347.0,377.224,347.0,388.819,325.0,388.819,we,paragraph
205,354.0,377.224,391.0,377.224,391.0,388.819,354.0,388.819,have,paragraph
206,398.0,377.224,406.0,377.224,406.0,388.819,398.0,388.819,(cid:96),paragraph
207,434.0,377.224,453.0,377.224,453.0,388.819,434.0,388.819,(n,paragraph
208,462.0,377.224,484.0,377.224,484.0,388.819,462.0,388.819,(τ,,paragraph
209,493.0,377.224,508.0,377.224,508.0,388.819,493.0,388.819,)),paragraph
210,513.0,377.224,528.0,377.224,528.0,388.819,513.0,388.819,=,paragraph
211,534.0,377.224,543.0,377.224,543.0,388.819,534.0,388.819,0,paragraph
212,550.0,377.224,574.0,377.224,574.0,388.819,550.0,388.819,for,paragraph
213,580.0,377.224,610.0,377.224,610.0,388.819,580.0,388.819,any,paragraph
214,617.0,377.224,625.0,377.224,625.0,388.819,617.0,388.819,τ,paragraph
215,651.0,377.224,657.0,377.224,657.0,388.819,651.0,388.819,[,paragraph
216,672.0,377.224,687.0,377.224,687.0,388.819,672.0,388.819,1,,paragraph
217,690.0,377.224,711.0,377.224,711.0,388.819,690.0,388.819,1].,paragraph
218,406.0,381.862,433.0,381.862,433.0,390.365,406.0,390.365,Ωτ,q,paragraph
219,453.0,381.862,460.0,381.862,460.0,389.592,453.0,389.592,γ,paragraph
220,226.0,398.868,254.0,398.868,254.0,410.463,226.0,410.463,Let,paragraph
221,260.0,398.868,278.0,398.868,278.0,410.463,260.0,410.463,us,paragraph
222,285.0,398.868,318.0,398.868,318.0,410.463,285.0,410.463,now,paragraph
223,325.0,398.868,374.0,398.868,374.0,410.463,325.0,410.463,deﬁne,paragraph
224,380.0,398.868,407.0,398.868,407.0,410.463,380.0,410.463,the,paragraph
225,413.0,398.868,458.0,398.868,458.0,410.463,413.0,410.463,space,paragraph
226,464.0,398.868,479.0,398.868,479.0,410.463,464.0,410.463,of,paragraph
227,486.0,398.095,576.0,398.095,576.0,410.463,486.0,410.463,Cr-smooth,paragraph
228,582.0,398.868,619.0,398.868,619.0,410.463,582.0,410.463,even,paragraph
229,626.0,398.868,702.0,398.868,702.0,410.463,626.0,410.463,functions,paragraph
230,398.0,411.23600000000005,408.0,411.23600000000005,408.0,431.33400000000006,398.0,431.33400000000006,{,paragraph
231,424.0,411.23600000000005,437.0,411.23600000000005,437.0,431.33400000000006,424.0,431.33400000000006,∈,paragraph
232,473.0,413.555,486.0,413.555,486.0,429.01500000000004,473.0,429.01500000000004,T,paragraph
233,618.0,411.23600000000005,633.0,411.23600000000005,633.0,431.33400000000006,618.0,431.33400000000006,−,paragraph
234,650.0,411.23600000000005,660.0,411.23600000000005,660.0,431.33400000000006,650.0,431.33400000000006,},paragraph
235,334.0,418.19300000000004,355.0,418.19300000000004,355.0,431.33400000000006,334.0,431.33400000000006,Cr,paragraph
236,378.0,419.73900000000003,393.0,419.73900000000003,393.0,431.33400000000006,378.0,431.33400000000006,=,paragraph
237,408.0,419.73900000000003,418.0,419.73900000000003,418.0,431.33400000000006,408.0,431.33400000000006,ν,paragraph
238,443.0,418.19300000000004,473.0,418.19300000000004,473.0,431.33400000000006,443.0,431.33400000000006,Cr(,paragraph
239,486.0,418.19300000000004,501.0,418.19300000000004,501.0,431.33400000000006,486.0,431.33400000000006,1),paragraph
240,507.0,419.73900000000003,533.0,419.73900000000003,533.0,431.33400000000006,507.0,431.33400000000006,s.t.,paragraph
241,539.0,419.73900000000003,574.0,419.73900000000003,574.0,431.33400000000006,539.0,431.33400000000006,ν(ξ),paragraph
242,580.0,419.73900000000003,594.0,419.73900000000003,594.0,431.33400000000006,580.0,431.33400000000006,=,paragraph
243,600.0,419.73900000000003,618.0,419.73900000000003,618.0,431.33400000000006,600.0,431.33400000000006,ν(,paragraph
244,633.0,419.73900000000003,650.0,419.73900000000003,650.0,431.33400000000006,633.0,431.33400000000006,ξ),paragraph
245,660.0,419.73900000000003,665.0,419.73900000000003,665.0,431.33400000000006,660.0,431.33400000000006,.,paragraph
246,348.0,425.92300000000006,372.0,425.92300000000006,372.0,433.653,348.0,433.653,sym,paragraph
247,697.0,432.88000000000005,717.0,432.88000000000005,717.0,453.751,697.0,453.751,→,paragraph
248,722.0,435.972,746.0,435.972,746.0,451.43199999999996,722.0,451.43199999999996,RN,paragraph
249,206.0,442.15599999999995,233.0,442.15599999999995,233.0,453.751,206.0,453.751,We,paragraph
250,239.0,442.15599999999995,277.0,442.15599999999995,277.0,453.751,239.0,453.751,then,paragraph
251,283.0,442.15599999999995,332.0,442.15599999999995,332.0,453.751,283.0,453.751,deﬁne,paragraph
252,338.0,442.15599999999995,365.0,442.15599999999995,365.0,453.751,338.0,453.751,the,paragraph
253,371.0,442.15599999999995,450.0,442.15599999999995,450.0,453.751,371.0,453.751,linearized,paragraph
254,456.0,442.15599999999995,541.0,442.15599999999995,541.0,453.751,456.0,453.751,isospectral,paragraph
255,548.0,442.15599999999995,616.0,442.15599999999995,616.0,453.751,548.0,453.751,operator,paragraph
256,625.0,440.60999999999996,636.0,440.60999999999996,636.0,451.43199999999996,625.0,451.43199999999996,T,paragraph
257,643.0,442.15599999999995,648.0,442.15599999999995,648.0,453.751,643.0,453.751,:,paragraph
258,653.0,440.60999999999996,675.0,440.60999999999996,675.0,453.751,653.0,453.751,Cr,paragraph
259,747.0,442.15599999999995,752.0,442.15599999999995,752.0,453.751,747.0,453.751,:,paragraph
260,667.0,447.56699999999995,691.0,447.56699999999995,691.0,455.29699999999997,667.0,455.29699999999997,sym,paragraph
261,525.0,467.66499999999996,530.0,467.66499999999996,530.0,487.763,525.0,487.763,·,equation
262,533.0,467.66499999999996,539.0,467.66499999999996,539.0,487.763,533.0,487.763,·,equation
263,542.0,467.66499999999996,547.0,467.66499999999996,547.0,487.763,542.0,487.763,·,equation
264,626.0,467.66499999999996,631.0,467.66499999999996,631.0,487.763,626.0,487.763,·,equation
265,635.0,467.66499999999996,640.0,467.66499999999996,640.0,487.763,635.0,487.763,·,equation
266,643.0,467.66499999999996,649.0,467.66499999999996,649.0,487.763,643.0,487.763,·,equation
267,206.0,476.168,246.0,476.168,246.0,487.763,206.0,487.763,(4.6),equation
268,331.0,474.622,342.0,474.622,342.0,485.444,331.0,485.444,T,equation
269,353.0,476.168,363.0,476.168,363.0,487.763,353.0,487.763,ν,equation
270,369.0,476.168,384.0,476.168,384.0,487.763,369.0,487.763,=,equation
271,390.0,476.168,405.0,476.168,405.0,487.763,390.0,487.763,((cid:96),equation
272,427.0,476.168,458.0,476.168,458.0,487.763,427.0,487.763,(ν),,equation
273,461.0,476.168,469.0,476.168,469.0,487.763,461.0,487.763,(cid:96),equation
274,490.0,476.168,521.0,476.168,521.0,487.763,490.0,487.763,(ν),,equation
275,554.0,476.168,559.0,476.168,559.0,487.763,554.0,487.763,,,equation
276,562.0,476.168,571.0,476.168,571.0,487.763,562.0,487.763,(cid:96),equation
277,592.0,476.168,623.0,476.168,623.0,487.763,592.0,487.763,(ν),,equation
278,652.0,476.168,659.0,476.168,659.0,487.763,652.0,487.763,),equation
279,663.0,476.168,668.0,476.168,668.0,487.763,663.0,487.763,.,equation
280,342.0,480.806,352.0,480.806,352.0,488.536,342.0,488.536,Ω,equation
281,405.0,480.806,426.0,480.806,426.0,488.536,405.0,488.536,Ω,0,equation
282,469.0,480.806,490.0,480.806,490.0,488.536,469.0,488.536,Ω,1,equation
283,570.0,480.806,591.0,480.806,591.0,488.536,570.0,488.536,Ω,q,equation
284,425.0,503.223,439.0,503.223,439.0,517.1370000000001,425.0,517.1370000000001,∞,paragraph
285,226.0,510.18,244.0,510.18,244.0,521.7750000000001,226.0,521.7750000000001,In,paragraph
286,249.0,510.18,286.0,510.18,286.0,521.7750000000001,249.0,521.7750000000001,fact,,paragraph
287,292.0,508.634,303.0,508.634,303.0,519.456,292.0,519.456,T,paragraph
288,310.0,510.18,338.0,510.18,338.0,521.7750000000001,310.0,521.7750000000001,has,paragraph
289,344.0,510.18,389.0,510.18,389.0,521.7750000000001,344.0,521.7750000000001,range,paragraph
290,395.0,510.18,411.0,510.18,411.0,521.7750000000001,395.0,521.7750000000001,in,paragraph
291,417.0,510.18,425.0,510.18,425.0,521.7750000000001,417.0,521.7750000000001,(cid:96),paragraph
292,439.0,510.18,445.0,510.18,445.0,521.7750000000001,439.0,521.7750000000001,,,paragraph
293,451.0,510.18,471.0,510.18,471.0,521.7750000000001,451.0,521.7750000000001,by,paragraph
294,477.0,510.18,555.0,510.18,555.0,521.7750000000001,477.0,521.7750000000001,deﬁnition,paragraph
295,561.0,510.18,577.0,510.18,577.0,521.7750000000001,561.0,521.7750000000001,of,paragraph
296,582.0,510.18,609.0,510.18,609.0,521.7750000000001,582.0,521.7750000000001,the,paragraph
297,615.0,510.18,706.0,510.18,706.0,521.7750000000001,615.0,521.7750000000001,functionals,paragraph
298,711.0,510.18,720.0,510.18,720.0,521.7750000000001,711.0,521.7750000000001,(cid:96),paragraph
299,741.0,510.18,746.0,510.18,746.0,521.7750000000001,741.0,521.7750000000001,,,paragraph
300,752.0,510.18,793.0,510.18,793.0,521.7750000000001,752.0,521.7750000000001,since,paragraph
301,720.0,515.591,746.0,515.591,746.0,535.689,720.0,535.689,Ω,≥q,paragraph
302,206.0,524.094,227.0,524.094,227.0,535.689,206.0,535.689,by,paragraph
303,234.0,524.094,255.0,524.094,255.0,535.689,234.0,535.689,[2,,paragraph
304,263.0,524.094,325.0,524.094,325.0,535.689,263.0,535.689,Lemma,paragraph
305,332.0,524.094,353.0,524.094,353.0,535.689,332.0,535.689,8],,paragraph
306,361.0,524.094,403.0,524.094,403.0,535.689,361.0,535.689,there,paragraph
307,411.0,524.094,457.0,524.094,457.0,535.689,411.0,535.689,exists,paragraph
308,465.0,524.094,507.0,524.094,507.0,535.689,465.0,535.689,some,paragraph
309,515.0,524.094,528.0,524.094,528.0,535.689,515.0,535.689,C,paragraph
310,537.0,524.094,552.0,524.094,552.0,535.689,537.0,535.689,>,paragraph
311,560.0,524.094,570.0,524.094,570.0,535.689,560.0,535.689,0,paragraph
312,578.0,524.094,595.0,524.094,595.0,535.689,578.0,535.689,so,paragraph
313,602.0,524.094,637.0,524.094,637.0,535.689,602.0,535.689,that,paragraph
314,645.0,524.094,668.0,524.094,668.0,535.689,645.0,535.689,for,paragraph
315,676.0,524.094,706.0,524.094,706.0,535.689,676.0,535.689,any,paragraph
316,713.0,524.094,722.0,524.094,722.0,535.689,713.0,535.689,q,paragraph
317,753.0,524.094,763.0,524.094,763.0,535.689,753.0,535.689,2,paragraph
318,771.0,524.094,793.0,524.094,793.0,535.689,771.0,535.689,we,paragraph
319,304.0,528.7320000000001,319.0,528.7320000000001,319.0,549.603,304.0,549.603,≤,paragraph
320,206.0,537.235,244.0,537.235,244.0,549.603,206.0,549.603,have,paragraph
321,251.0,537.235,274.0,537.235,274.0,549.603,251.0,549.603,sin,paragraph
322,277.0,536.462,297.0,536.462,297.0,549.603,277.0,549.603,ϕk,paragraph
323,324.0,537.235,363.0,537.235,363.0,549.603,324.0,549.603,C/q.,paragraph
324,290.0,543.419,296.0,543.419,296.0,551.149,290.0,551.149,q,paragraph
325,226.0,551.149,253.0,551.149,253.0,562.744,226.0,562.744,We,paragraph
326,260.0,551.149,294.0,551.149,294.0,562.744,260.0,562.744,now,paragraph
327,302.0,551.149,347.0,551.149,347.0,562.744,302.0,562.744,prove,paragraph
328,355.0,551.149,390.0,551.149,390.0,562.744,355.0,562.744,that,paragraph
329,397.0,551.149,425.0,551.149,425.0,562.744,397.0,562.744,our,paragraph
330,433.0,551.149,476.0,551.149,476.0,562.744,433.0,562.744,Main,paragraph
331,484.0,551.149,558.0,551.149,558.0,562.744,484.0,562.744,Theorem,paragraph
332,566.0,551.149,579.0,551.149,579.0,562.744,566.0,562.744,is,paragraph
333,586.0,551.149,648.0,551.149,648.0,562.744,586.0,562.744,implied,paragraph
334,656.0,551.149,676.0,551.149,676.0,562.744,656.0,562.744,by,paragraph
335,684.0,551.149,710.0,551.149,710.0,562.744,684.0,562.744,the,paragraph
336,718.0,551.149,793.0,551.149,793.0,562.744,718.0,562.744,following,paragraph
337,206.0,565.063,289.0,565.063,289.0,576.658,206.0,576.658,statement,paragraph
338,206.0,599.8480000000001,292.0,599.8480000000001,292.0,611.443,206.0,611.443,Theorem,paragraph
339,303.0,599.8480000000001,337.0,599.8480000000001,337.0,611.443,303.0,611.443,4.9.,paragraph
340,347.0,599.8480000000001,373.0,599.8480000000001,373.0,611.443,347.0,611.443,Let,paragraph
341,382.0,599.8480000000001,391.0,599.8480000000001,391.0,611.443,382.0,611.443,r,paragraph
342,402.0,599.8480000000001,416.0,599.8480000000001,416.0,611.443,402.0,611.443,=,paragraph
343,427.0,599.8480000000001,442.0,599.8480000000001,442.0,611.443,427.0,611.443,8;,paragraph
344,453.0,599.8480000000001,493.0,599.8480000000001,493.0,611.443,453.0,611.443,there,paragraph
345,503.0,599.8480000000001,548.0,599.8480000000001,548.0,611.443,503.0,611.443,exists,paragraph
346,558.0,599.8480000000001,566.0,599.8480000000001,566.0,611.443,558.0,611.443,δ,paragraph
347,577.0,599.8480000000001,592.0,599.8480000000001,592.0,611.443,577.0,611.443,>,paragraph
348,602.0,599.8480000000001,612.0,599.8480000000001,612.0,611.443,602.0,611.443,0,paragraph
349,621.0,599.8480000000001,639.0,599.8480000000001,639.0,611.443,621.0,611.443,so,paragraph
350,648.0,599.8480000000001,680.0,599.8480000000001,680.0,611.443,648.0,611.443,that,paragraph
351,690.0,599.8480000000001,715.0,599.8480000000001,715.0,611.443,690.0,611.443,the,paragraph
352,724.0,599.8480000000001,793.0,599.8480000000001,793.0,611.443,724.0,611.443,operator,paragraph
353,289.0,605.259,308.0,605.259,308.0,625.3570000000001,289.0,625.3570000000001,→,paragraph
354,322.0,606.8050000000001,336.0,606.8050000000001,336.0,620.719,322.0,620.719,∞,paragraph
355,526.0,605.259,539.0,605.259,539.0,625.3570000000001,526.0,625.3570000000001,∈,paragraph
356,206.0,612.216,218.0,612.216,218.0,623.038,206.0,623.038,T,paragraph
357,234.0,613.7620000000001,239.0,613.7620000000001,239.0,625.3570000000001,234.0,625.3570000000001,:,paragraph
358,245.0,612.989,266.0,612.989,266.0,625.3570000000001,245.0,625.3570000000001,Cr,paragraph
359,314.0,613.7620000000001,322.0,613.7620000000001,322.0,625.3570000000001,314.0,625.3570000000001,(cid:96),paragraph
360,343.0,613.7620000000001,357.0,613.7620000000001,357.0,625.3570000000001,343.0,625.3570000000001,is,paragraph
361,364.0,613.7620000000001,433.0,613.7620000000001,433.0,625.3570000000001,364.0,625.3570000000001,injective,paragraph
362,439.0,613.7620000000001,463.0,613.7620000000001,463.0,625.3570000000001,439.0,625.3570000000001,for,paragraph
363,470.0,613.7620000000001,500.0,613.7620000000001,500.0,625.3570000000001,470.0,625.3570000000001,any,paragraph
364,507.0,613.7620000000001,520.0,613.7620000000001,520.0,625.3570000000001,507.0,625.3570000000001,Ω,paragraph
365,544.0,612.216,568.0,612.216,568.0,625.3570000000001,544.0,625.3570000000001,Sr.,paragraph
366,218.0,618.4000000000001,228.0,618.4000000000001,228.0,626.13,218.0,626.13,Ω,paragraph
367,259.0,619.946,283.0,619.946,283.0,627.676,259.0,627.676,sym,paragraph
368,555.0,619.946,561.0,619.946,561.0,627.676,555.0,627.676,δ,paragraph
369,206.0,657.823,251.0,657.823,251.0,669.418,206.0,669.418,Proof,paragraph
370,258.0,657.823,273.0,657.823,273.0,669.418,258.0,669.418,of,paragraph
371,280.0,657.823,353.0,657.823,353.0,669.418,280.0,669.418,Theorem,paragraph
372,360.0,657.823,391.0,657.823,391.0,669.418,360.0,669.418,3.4.,paragraph
373,399.0,657.823,463.0,657.823,463.0,669.418,399.0,669.418,Assume,paragraph
374,469.0,657.823,504.0,657.823,504.0,669.418,469.0,669.418,that,paragraph
375,510.0,657.823,519.0,657.823,519.0,669.418,510.0,669.418,δ,paragraph
376,526.0,657.823,538.0,657.823,538.0,669.418,526.0,669.418,is,paragraph
377,544.0,657.823,634.0,657.823,634.0,669.418,544.0,669.418,suﬃciently,paragraph
378,640.0,657.823,683.0,657.823,683.0,669.418,640.0,669.418,small,paragraph
379,689.0,657.823,706.0,657.823,706.0,669.418,689.0,669.418,so,paragraph
380,712.0,657.823,747.0,657.823,747.0,669.418,712.0,669.418,that,paragraph
381,753.0,657.823,793.0,657.823,793.0,669.418,753.0,669.418,The-,paragraph
382,713.0,662.461,726.0,662.461,726.0,683.332,713.0,683.332,∈,paragraph
383,739.0,662.461,754.0,662.461,754.0,683.332,739.0,683.332,−,paragraph
384,206.0,670.9639999999999,248.0,670.9639999999999,248.0,683.332,206.0,683.332,orem,paragraph
385,256.0,670.9639999999999,280.0,670.9639999999999,280.0,683.332,256.0,683.332,4.9,paragraph
386,288.0,670.9639999999999,337.0,670.9639999999999,337.0,683.332,288.0,683.332,holds.,paragraph
387,350.0,670.9639999999999,418.0,670.9639999999999,418.0,683.332,350.0,683.332,Suppose,paragraph
388,426.0,670.9639999999999,446.0,670.9639999999999,446.0,683.332,426.0,683.332,by,paragraph
389,454.0,670.9639999999999,564.0,670.9639999999999,564.0,683.332,454.0,683.332,contradiction,paragraph
390,572.0,670.9639999999999,607.0,670.9639999999999,607.0,683.332,572.0,683.332,that,paragraph
391,615.0,670.9639999999999,637.0,670.9639999999999,637.0,683.332,615.0,683.332,for,paragraph
392,645.0,670.9639999999999,687.0,670.9639999999999,687.0,683.332,645.0,683.332,some,paragraph
393,695.0,670.9639999999999,703.0,670.9639999999999,703.0,683.332,695.0,683.332,τ,paragraph
394,734.0,670.9639999999999,739.0,670.9639999999999,739.0,683.332,734.0,683.332,[,paragraph
395,754.0,670.9639999999999,769.0,670.9639999999999,769.0,683.332,754.0,683.332,1,,paragraph
396,772.0,670.9639999999999,793.0,670.9639999999999,793.0,683.332,772.0,683.332,1],,paragraph
