0,121.0,61.50899999999999,149.0,61.50899999999999,149.0,69.99300000000001,121.0,69.99300000000001,[26],reference
1,159.0,61.50899999999999,181.0,61.50899999999999,181.0,69.99300000000001,159.0,69.99300000000001,M.,reference
2,187.0,61.50899999999999,243.0,61.50899999999999,243.0,69.99300000000001,187.0,69.99300000000001,Priego,,reference
3,250.0,61.50899999999999,286.0,61.50899999999999,286.0,69.99300000000001,250.0,69.99300000000001,O.E.,reference
4,293.0,61.50899999999999,351.0,61.50899999999999,351.0,69.99300000000001,293.0,69.99300000000001,Garcia,,reference
5,357.0,61.50899999999999,376.0,61.50899999999999,376.0,69.99300000000001,357.0,69.99300000000001,V.,reference
6,382.0,61.50899999999999,440.0,61.50899999999999,440.0,69.99300000000001,382.0,69.99300000000001,Naulin,,reference
7,447.0,61.50899999999999,568.0,61.50899999999999,568.0,69.99300000000001,447.0,69.99300000000001,J.J.Rasmussen,,reference
8,574.0,61.50899999999999,619.0,61.50899999999999,619.0,69.99300000000001,574.0,69.99300000000001,Phys.,reference
9,625.0,61.50899999999999,690.0,61.50899999999999,690.0,69.99300000000001,625.0,69.99300000000001,Plasmas,reference
10,696.0,61.50899999999999,723.0,61.50899999999999,723.0,69.99300000000001,696.0,69.99300000000001,12,,reference
11,729.0,61.50899999999999,784.0,61.50899999999999,784.0,69.99300000000001,729.0,69.99300000000001,062312,reference
12,790.0,61.50899999999999,846.0,61.50899999999999,846.0,69.99300000000001,790.0,69.99300000000001,(2005).,reference
13,121.0,79.184,149.0,79.184,149.0,88.375,121.0,88.375,[27],reference
14,159.0,79.184,178.0,79.184,178.0,88.375,159.0,88.375,N.,reference
15,184.0,79.184,246.0,79.184,246.0,88.375,184.0,88.375,Dubuit,,reference
16,252.0,79.184,271.0,79.184,271.0,88.375,252.0,88.375,X.,reference
17,277.0,79.184,339.0,79.184,339.0,88.375,277.0,88.375,Garbet,,reference
18,345.0,79.184,363.0,79.184,363.0,88.375,345.0,88.375,T.,reference
19,369.0,79.184,426.0,79.184,426.0,88.375,369.0,88.375,Parisot,reference
20,432.0,79.184,448.0,79.184,448.0,88.375,432.0,88.375,et,reference
21,454.0,79.184,473.0,79.184,473.0,88.375,454.0,88.375,al,,reference
22,481.0,79.184,525.0,79.184,525.0,88.375,481.0,88.375,Phys.,reference
23,532.0,79.184,597.0,79.184,597.0,88.375,532.0,88.375,Plasmas,reference
24,603.0,79.184,629.0,79.184,629.0,88.375,603.0,88.375,14,,reference
25,636.0,79.184,691.0,79.184,691.0,88.375,636.0,88.375,042301,reference
26,697.0,79.184,753.0,79.184,753.0,88.375,697.0,88.375,(2007).,reference
27,121.0,97.566,149.0,97.566,149.0,106.75699999999999,121.0,106.75699999999999,[28],reference
28,159.0,97.566,174.0,97.566,174.0,106.75699999999999,159.0,106.75699999999999,S.,reference
29,180.0,97.566,254.0,97.566,254.0,106.75699999999999,180.0,106.75699999999999,Futatani,,reference
30,260.0,97.566,443.0,97.566,443.0,106.75699999999999,260.0,106.75699999999999,D.del-Castillo-Negrete,,reference
31,449.0,97.566,468.0,97.566,468.0,106.75699999999999,449.0,106.75699999999999,X.,reference
32,474.0,97.566,531.0,97.566,531.0,106.75699999999999,474.0,106.75699999999999,Garbet,reference
33,537.0,97.566,552.0,97.566,552.0,106.75699999999999,537.0,106.75699999999999,et,reference
34,558.0,97.566,583.0,97.566,583.0,106.75699999999999,558.0,106.75699999999999,al.,,reference
35,591.0,97.566,635.0,97.566,635.0,106.75699999999999,591.0,106.75699999999999,Phys.,reference
36,641.0,97.566,677.0,97.566,677.0,106.75699999999999,641.0,106.75699999999999,Rev.,reference
37,684.0,97.566,723.0,97.566,723.0,106.75699999999999,684.0,106.75699999999999,Lett.,reference
38,729.0,97.566,765.0,97.566,765.0,106.75699999999999,729.0,106.75699999999999,109,,reference
39,771.0,97.566,826.0,97.566,826.0,106.75699999999999,771.0,106.75699999999999,185005,reference
40,833.0,97.566,889.0,97.566,889.0,106.75699999999999,833.0,106.75699999999999,(2012).,reference
41,121.0,115.94800000000001,149.0,115.94800000000001,149.0,125.139,121.0,125.139,[29],reference
42,159.0,115.94800000000001,178.0,115.94800000000001,178.0,125.139,159.0,125.139,H.,reference
43,184.0,115.94800000000001,249.0,115.94800000000001,249.0,125.139,184.0,125.139,Deutsch,reference
44,255.0,115.94800000000001,284.0,115.94800000000001,284.0,125.139,255.0,125.139,and,reference
45,290.0,115.94800000000001,328.0,115.94800000000001,328.0,125.139,290.0,125.139,T.D.,reference
46,334.0,115.94800000000001,382.0,115.94800000000001,382.0,125.139,334.0,125.139,M¨ark,,reference
47,390.0,115.94800000000001,418.0,115.94800000000001,418.0,125.139,390.0,125.139,Int.,reference
48,425.0,115.94800000000001,439.0,115.94800000000001,439.0,125.139,425.0,125.139,J.,reference
49,445.0,115.94800000000001,486.0,115.94800000000001,486.0,125.139,445.0,125.139,Mass,reference
50,492.0,115.94800000000001,573.0,115.94800000000001,573.0,125.139,492.0,125.139,Spectrom.,reference
51,579.0,115.94800000000001,605.0,115.94800000000001,605.0,125.139,579.0,125.139,Ion,reference
52,611.0,115.94800000000001,654.0,115.94800000000001,654.0,125.139,611.0,125.139,Proc.,reference
53,660.0,115.94800000000001,686.0,115.94800000000001,686.0,125.139,660.0,125.139,79,,reference
54,692.0,115.94800000000001,715.0,115.94800000000001,715.0,125.139,692.0,125.139,R1,reference
55,721.0,115.94800000000001,777.0,115.94800000000001,777.0,125.139,721.0,125.139,(1987).,reference
56,121.0,134.33,149.0,134.33,149.0,143.52100000000002,121.0,143.52100000000002,[30],reference
57,159.0,134.33,178.0,134.33,178.0,143.52100000000002,159.0,143.52100000000002,H.,reference
58,184.0,134.33,254.0,134.33,254.0,143.52100000000002,184.0,143.52100000000002,Deutsch,,reference
59,260.0,134.33,279.0,134.33,279.0,143.52100000000002,260.0,143.52100000000002,K.,reference
60,285.0,134.33,344.0,134.33,344.0,143.52100000000002,285.0,143.52100000000002,Becker,,reference
61,350.0,134.33,387.0,134.33,387.0,143.52100000000002,350.0,143.52100000000002,T.D.,reference
62,393.0,134.33,441.0,134.33,441.0,143.52100000000002,393.0,143.52100000000002,M¨ark,,reference
63,449.0,134.33,516.0,134.33,516.0,143.52100000000002,449.0,143.52100000000002,Contrib.,reference
64,522.0,134.33,581.0,134.33,581.0,143.52100000000002,522.0,143.52100000000002,Plasma,reference
65,587.0,134.33,631.0,134.33,631.0,143.52100000000002,587.0,143.52100000000002,Phys.,reference
66,637.0,134.33,663.0,134.33,663.0,143.52100000000002,637.0,143.52100000000002,35,,reference
67,669.0,134.33,697.0,134.33,697.0,143.52100000000002,669.0,143.52100000000002,421,reference
68,703.0,134.33,754.0,134.33,754.0,143.52100000000002,703.0,143.52100000000002,(1995),reference
69,121.0,152.005,149.0,152.005,149.0,161.196,121.0,161.196,[31],reference
70,159.0,152.005,178.0,152.005,178.0,161.196,159.0,161.196,H.,reference
71,185.0,152.005,254.0,152.005,254.0,161.196,185.0,161.196,Deutsch,,reference
72,261.0,152.005,281.0,152.005,281.0,161.196,261.0,161.196,K.,reference
73,287.0,152.005,346.0,152.005,346.0,161.196,287.0,161.196,Becker,,reference
74,353.0,152.005,374.0,152.005,374.0,161.196,353.0,161.196,M.,reference
75,381.0,152.005,440.0,152.005,440.0,161.196,381.0,161.196,Probst,,reference
76,447.0,152.005,484.0,152.005,484.0,161.196,447.0,161.196,T.D.,reference
77,491.0,152.005,539.0,152.005,539.0,161.196,491.0,161.196,M¨ark,,reference
78,549.0,152.005,624.0,152.005,624.0,161.196,549.0,161.196,Advances,reference
79,631.0,152.005,646.0,152.005,646.0,161.196,631.0,161.196,in,reference
80,653.0,152.005,716.0,152.005,716.0,161.196,653.0,161.196,Atomic,,reference
81,723.0,152.005,802.0,152.005,802.0,161.196,723.0,161.196,Molecular,reference
82,809.0,152.005,838.0,152.005,838.0,161.196,809.0,161.196,and,reference
83,845.0,152.005,904.0,152.005,904.0,161.196,845.0,161.196,Optical,reference
84,159.0,170.387,219.0,170.387,219.0,179.578,159.0,179.578,Physics,reference
85,225.0,170.387,251.0,170.387,251.0,179.578,225.0,179.578,57,,reference
86,257.0,170.387,275.0,170.387,275.0,179.578,257.0,179.578,87,reference
87,281.0,170.387,337.0,170.387,337.0,179.578,281.0,179.578,(2009).,reference
88,121.0,188.769,149.0,188.769,149.0,197.96,121.0,197.96,[32],reference
89,159.0,188.769,237.0,188.769,237.0,197.96,159.0,197.96,K.Becker,,reference
90,243.0,188.769,324.0,188.769,324.0,197.96,243.0,197.96,F.Biasioli,,reference
91,330.0,188.769,402.0,188.769,402.0,197.96,330.0,197.96,G.Deniﬂ,,reference
92,408.0,188.769,424.0,188.769,424.0,197.96,408.0,197.96,et,reference
93,430.0,188.769,454.0,188.769,454.0,197.96,430.0,197.96,al.,,reference
94,462.0,188.769,506.0,188.769,506.0,197.96,462.0,197.96,NIST,reference
95,512.0,188.769,569.0,188.769,569.0,197.96,512.0,197.96,Special,reference
96,575.0,188.769,679.0,188.769,679.0,197.96,575.0,197.96,Publications,,reference
97,685.0,188.769,722.0,188.769,722.0,197.96,685.0,197.96,926,,reference
98,728.0,188.769,789.0,188.769,789.0,197.96,728.0,197.96,205-209,reference
99,795.0,188.769,851.0,188.769,851.0,197.96,795.0,197.96,(1988).,reference
100,121.0,207.15099999999998,149.0,207.15099999999998,149.0,216.34199999999998,121.0,216.34199999999998,[33],reference
101,159.0,207.15099999999998,197.0,207.15099999999998,197.0,216.34199999999998,159.0,216.34199999999998,T.D.,reference
102,203.0,207.15099999999998,251.0,207.15099999999998,251.0,216.34199999999998,203.0,216.34199999999998,M¨ark,,reference
103,259.0,207.15099999999998,317.0,207.15099999999998,317.0,216.34199999999998,259.0,216.34199999999998,Plasma,reference
104,323.0,207.15099999999998,367.0,207.15099999999998,367.0,216.34199999999998,323.0,216.34199999999998,Phys.,reference
105,373.0,207.15099999999998,439.0,207.15099999999998,439.0,216.34199999999998,373.0,216.34199999999998,Control.,reference
106,445.0,207.15099999999998,498.0,207.15099999999998,498.0,216.34199999999998,445.0,216.34199999999998,Fusion,reference
107,504.0,207.15099999999998,530.0,207.15099999999998,530.0,216.34199999999998,504.0,216.34199999999998,34,,reference
108,536.0,207.15099999999998,573.0,207.15099999999998,573.0,216.34199999999998,536.0,216.34199999999998,2083,reference
109,579.0,207.15099999999998,635.0,207.15099999999998,635.0,216.34199999999998,579.0,216.34199999999998,(1992).,reference
110,121.0,224.826,149.0,224.826,149.0,234.01700000000002,121.0,234.01700000000002,[34],reference
111,159.0,224.826,193.0,224.826,193.0,234.01700000000002,159.0,234.01700000000002,S.H.,reference
112,199.0,224.826,257.0,224.826,257.0,234.01700000000002,199.0,234.01700000000002,Mu¨ller,,reference
113,263.0,224.826,281.0,224.826,281.0,234.01700000000002,263.0,234.01700000000002,C.,reference
114,287.0,224.826,355.0,224.826,355.0,234.01700000000002,287.0,234.01700000000002,Holland,,reference
115,361.0,224.826,399.0,224.826,399.0,234.01700000000002,361.0,234.01700000000002,G.R.,reference
116,405.0,224.826,462.0,224.826,462.0,234.01700000000002,405.0,234.01700000000002,Tynan,,reference
117,469.0,224.826,502.0,224.826,502.0,234.01700000000002,469.0,234.01700000000002,J.H.,reference
118,508.0,224.826,532.0,224.826,532.0,234.01700000000002,508.0,234.01700000000002,Hu,reference
119,538.0,224.826,568.0,224.826,568.0,234.01700000000002,538.0,234.01700000000002,and,reference
120,574.0,224.826,592.0,224.826,592.0,234.01700000000002,574.0,234.01700000000002,V.,reference
121,599.0,224.826,657.0,224.826,657.0,234.01700000000002,599.0,234.01700000000002,Naulin,,reference
122,665.0,224.826,724.0,224.826,724.0,234.01700000000002,665.0,234.01700000000002,Plasma,reference
123,730.0,224.826,774.0,224.826,774.0,234.01700000000002,730.0,234.01700000000002,Phys.,reference
124,780.0,224.826,846.0,224.826,846.0,234.01700000000002,780.0,234.01700000000002,Control.,reference
125,852.0,224.826,904.0,224.826,904.0,234.01700000000002,852.0,234.01700000000002,Fusion,reference
126,159.0,243.20799999999997,185.0,243.20799999999997,185.0,252.399,159.0,252.399,51,,reference
127,191.0,243.20799999999997,246.0,243.20799999999997,246.0,252.399,191.0,252.399,105014,reference
128,252.0,243.20799999999997,303.0,243.20799999999997,303.0,252.399,252.0,252.399,(2009),reference
129,121.0,261.59,149.0,261.59,149.0,270.781,121.0,270.781,[35],reference
130,159.0,261.59,177.0,261.59,177.0,270.781,159.0,270.781,T.,reference
131,184.0,261.59,249.0,261.59,249.0,270.781,184.0,270.781,Maihom,reference
132,255.0,261.59,267.0,261.59,267.0,270.781,255.0,270.781,I.,reference
133,273.0,261.59,338.0,261.59,338.0,270.781,273.0,270.781,Sukuba,,reference
134,344.0,261.59,363.0,261.59,363.0,270.781,344.0,270.781,R.,reference
135,369.0,261.59,420.0,261.59,420.0,270.781,369.0,270.781,Janev,,reference
136,426.0,261.59,442.0,261.59,442.0,270.781,426.0,270.781,et,reference
137,448.0,261.59,472.0,261.59,472.0,270.781,448.0,270.781,al.,,reference
138,480.0,261.59,515.0,261.59,515.0,270.781,480.0,270.781,Eur.,reference
139,521.0,261.59,566.0,261.59,566.0,270.781,521.0,270.781,Phys.,reference
140,572.0,261.59,586.0,261.59,586.0,270.781,572.0,270.781,J.,reference
141,592.0,261.59,611.0,261.59,611.0,270.781,592.0,270.781,D.,reference
142,618.0,261.59,644.0,261.59,644.0,270.781,618.0,270.781,67,,reference
143,650.0,261.59,659.0,261.59,659.0,270.781,650.0,270.781,2,reference
144,665.0,261.59,721.0,261.59,721.0,270.781,665.0,270.781,(2013).,reference
145,121.0,279.97200000000004,149.0,279.97200000000004,149.0,289.16299999999995,121.0,289.16299999999995,[36],reference
146,159.0,279.97200000000004,178.0,279.97200000000004,178.0,289.16299999999995,159.0,289.16299999999995,K.,reference
147,185.0,279.97200000000004,237.0,279.97200000000004,237.0,289.16299999999995,185.0,289.16299999999995,Gluch,,reference
148,243.0,279.97200000000004,259.0,279.97200000000004,259.0,289.16299999999995,243.0,289.16299999999995,P.,reference
149,265.0,279.97200000000004,327.0,279.97200000000004,327.0,289.16299999999995,265.0,289.16299999999995,Scheier,,reference
150,333.0,279.97200000000004,357.0,279.97200000000004,357.0,289.16299999999995,333.0,289.16299999999995,W.,reference
151,363.0,279.97200000000004,469.0,279.97200000000004,469.0,289.16299999999995,363.0,289.16299999999995,Schustereder,,reference
152,475.0,279.97200000000004,491.0,279.97200000000004,491.0,289.16299999999995,475.0,289.16299999999995,et,reference
153,497.0,279.97200000000004,521.0,279.97200000000004,521.0,289.16299999999995,497.0,289.16299999999995,al.,,reference
154,529.0,279.97200000000004,558.0,279.97200000000004,558.0,289.16299999999995,529.0,289.16299999999995,Int.,reference
155,564.0,279.97200000000004,579.0,279.97200000000004,579.0,289.16299999999995,564.0,289.16299999999995,J.,reference
156,585.0,279.97200000000004,625.0,279.97200000000004,625.0,289.16299999999995,585.0,289.16299999999995,Mass,reference
157,631.0,279.97200000000004,712.0,279.97200000000004,712.0,289.16299999999995,631.0,289.16299999999995,Spectrom.,reference
158,718.0,279.97200000000004,755.0,279.97200000000004,755.0,289.16299999999995,718.0,289.16299999999995,228,,reference
159,761.0,279.97200000000004,789.0,279.97200000000004,789.0,289.16299999999995,761.0,289.16299999999995,307,reference
160,795.0,279.97200000000004,851.0,279.97200000000004,851.0,289.16299999999995,795.0,289.16299999999995,(2003).,reference
161,121.0,297.647,149.0,297.647,149.0,306.838,121.0,306.838,[37],reference
162,159.0,297.647,174.0,297.647,174.0,306.838,159.0,306.838,S.,reference
163,180.0,297.647,214.0,297.647,214.0,306.838,180.0,306.838,Feil,,reference
164,220.0,297.647,240.0,297.647,240.0,306.838,220.0,306.838,K.,reference
165,246.0,297.647,299.0,297.647,299.0,306.838,246.0,306.838,Gluch,,reference
166,305.0,297.647,323.0,297.647,323.0,306.838,305.0,306.838,A.,reference
167,330.0,297.647,390.0,297.647,390.0,306.838,330.0,306.838,Bacher,,reference
168,396.0,297.647,411.0,297.647,411.0,306.838,396.0,306.838,et,reference
169,417.0,297.647,442.0,297.647,442.0,306.838,417.0,306.838,al.,,reference
170,450.0,297.647,465.0,297.647,465.0,306.838,450.0,306.838,J.,reference
171,471.0,297.647,523.0,297.647,523.0,306.838,471.0,306.838,Chem.,reference
172,529.0,297.647,573.0,297.647,573.0,306.838,529.0,306.838,Phys.,reference
173,579.0,297.647,616.0,297.647,616.0,306.838,579.0,306.838,124,,reference
174,622.0,297.647,677.0,297.647,677.0,306.838,622.0,306.838,214307,reference
175,683.0,297.647,739.0,297.647,739.0,306.838,683.0,306.838,(2006).,reference
176,121.0,316.029,149.0,316.029,149.0,325.22,121.0,325.22,[38],reference
177,159.0,316.029,178.0,316.029,178.0,325.22,159.0,325.22,N.,reference
178,184.0,316.029,282.0,316.029,282.0,325.22,184.0,325.22,Endstrasser,,reference
179,289.0,316.029,306.0,316.029,306.0,325.22,289.0,325.22,F.,reference
180,312.0,316.029,367.0,316.029,367.0,325.22,312.0,325.22,Zappa,,reference
181,373.0,316.029,392.0,316.029,392.0,325.22,373.0,325.22,A.,reference
182,398.0,316.029,489.0,316.029,489.0,325.22,398.0,325.22,Mauracher,,reference
183,495.0,316.029,510.0,316.029,510.0,325.22,495.0,325.22,et,reference
184,516.0,316.029,541.0,316.029,541.0,325.22,516.0,325.22,al.,,reference
185,549.0,316.029,577.0,316.029,577.0,325.22,549.0,325.22,Int.,reference
186,583.0,316.029,598.0,316.029,598.0,325.22,583.0,325.22,J.,reference
187,604.0,316.029,644.0,316.029,644.0,325.22,604.0,325.22,Mass,reference
188,650.0,316.029,731.0,316.029,731.0,325.22,650.0,325.22,Spectrom.,reference
189,738.0,316.029,774.0,316.029,774.0,325.22,738.0,325.22,280,,reference
190,780.0,316.029,799.0,316.029,799.0,325.22,780.0,325.22,65,reference
191,805.0,316.029,861.0,316.029,861.0,325.22,805.0,325.22,(2009).,reference
192,121.0,334.411,149.0,334.411,149.0,343.602,121.0,343.602,[39],reference
193,159.0,334.411,174.0,334.411,174.0,343.602,159.0,343.602,S.,reference
194,180.0,334.411,214.0,334.411,214.0,343.602,180.0,343.602,Feil,,reference
195,220.0,334.411,239.0,334.411,239.0,343.602,220.0,343.602,A.,reference
196,245.0,334.411,306.0,334.411,306.0,343.602,245.0,343.602,Bacher,,reference
197,312.0,334.411,331.0,334.411,331.0,343.602,312.0,343.602,K.,reference
198,337.0,334.411,390.0,334.411,390.0,343.602,337.0,343.602,Gluch,,reference
199,396.0,334.411,411.0,334.411,411.0,343.602,396.0,343.602,et,reference
200,417.0,334.411,442.0,334.411,442.0,343.602,417.0,343.602,al.,,reference
201,450.0,334.411,479.0,334.411,479.0,343.602,450.0,343.602,Int.,reference
202,485.0,334.411,499.0,334.411,499.0,343.602,485.0,343.602,J.,reference
203,505.0,334.411,546.0,334.411,546.0,343.602,505.0,343.602,Mass,reference
204,552.0,334.411,633.0,334.411,633.0,343.602,552.0,343.602,Spectrom.,reference
205,639.0,334.411,676.0,334.411,676.0,343.602,639.0,343.602,253,,reference
206,682.0,334.411,709.0,334.411,709.0,343.602,682.0,343.602,122,reference
207,715.0,334.411,771.0,334.411,771.0,343.602,715.0,343.602,(2006).,reference
208,121.0,352.793,149.0,352.793,149.0,361.984,121.0,361.984,[40],reference
209,159.0,352.793,192.0,352.793,192.0,361.984,159.0,361.984,S.E.,reference
210,198.0,352.793,253.0,352.793,253.0,361.984,198.0,361.984,Huber,,reference
211,259.0,352.793,274.0,352.793,274.0,361.984,259.0,361.984,J.,reference
212,280.0,352.793,364.0,352.793,364.0,361.984,280.0,361.984,Seebacher,,reference
213,370.0,352.793,389.0,352.793,389.0,361.984,370.0,361.984,A.,reference
214,395.0,352.793,443.0,352.793,443.0,361.984,395.0,361.984,Kendl,reference
215,449.0,352.793,478.0,352.793,478.0,361.984,449.0,361.984,and,reference
216,485.0,352.793,504.0,352.793,504.0,361.984,485.0,361.984,D.,reference
217,510.0,352.793,564.0,352.793,564.0,361.984,510.0,361.984,Reiter,,reference
218,572.0,352.793,639.0,352.793,639.0,361.984,572.0,361.984,Contrib.,reference
219,645.0,352.793,704.0,352.793,704.0,361.984,645.0,361.984,Plasma,reference
220,710.0,352.793,754.0,352.793,754.0,361.984,710.0,361.984,Phys.,reference
221,760.0,352.793,786.0,352.793,786.0,361.984,760.0,361.984,51,,reference
222,792.0,352.793,820.0,352.793,820.0,361.984,792.0,361.984,931,reference
223,826.0,352.793,882.0,352.793,882.0,361.984,826.0,361.984,(2011).,reference
224,121.0,371.175,149.0,371.175,149.0,379.65900000000005,121.0,379.65900000000005,[41],reference
225,159.0,371.175,178.0,371.175,178.0,379.65900000000005,159.0,379.65900000000005,D.,reference
226,184.0,371.175,233.0,371.175,233.0,379.65900000000005,184.0,379.65900000000005,Reiter,reference
227,240.0,371.175,269.0,371.175,269.0,379.65900000000005,240.0,379.65900000000005,and,reference
228,275.0,371.175,313.0,371.175,313.0,379.65900000000005,275.0,379.65900000000005,R.K.,reference
229,319.0,371.175,371.0,371.175,371.0,379.65900000000005,319.0,379.65900000000005,Janev,,reference
230,379.0,371.175,446.0,371.175,446.0,379.65900000000005,379.0,379.65900000000005,Contrib.,reference
231,452.0,371.175,510.0,371.175,510.0,379.65900000000005,452.0,379.65900000000005,Plasma,reference
232,517.0,371.175,561.0,371.175,561.0,379.65900000000005,517.0,379.65900000000005,Phys.,reference
233,567.0,371.175,588.0,371.175,588.0,379.65900000000005,567.0,379.65900000000005,50,reference
234,594.0,371.175,621.0,371.175,621.0,379.65900000000005,594.0,379.65900000000005,986,reference
235,628.0,371.175,684.0,371.175,684.0,379.65900000000005,628.0,379.65900000000005,(2010).,reference
236,121.0,388.85,149.0,388.85,149.0,398.04099999999994,121.0,398.04099999999994,[42],reference
237,159.0,388.85,178.0,388.85,178.0,398.04099999999994,159.0,398.04099999999994,D.,reference
238,184.0,388.85,233.0,388.85,233.0,398.04099999999994,184.0,398.04099999999994,Reiter,reference
239,240.0,388.85,269.0,388.85,269.0,398.04099999999994,240.0,398.04099999999994,and,reference
240,275.0,388.85,293.0,388.85,293.0,398.04099999999994,275.0,398.04099999999994,B.,reference
241,299.0,388.85,372.0,388.85,372.0,398.04099999999994,299.0,398.04099999999994,Ku¨ppers,,reference
242,381.0,388.85,561.0,388.85,561.0,398.04099999999994,381.0,398.04099999999994,http://www.hydkin.de,reference
243,567.0,388.85,623.0,388.85,623.0,398.04099999999994,567.0,398.04099999999994,(2010).,reference
244,121.0,407.23199999999997,149.0,407.23199999999997,149.0,416.423,121.0,416.423,[43],reference
245,159.0,407.23199999999997,178.0,407.23199999999997,178.0,416.423,159.0,416.423,A.,reference
246,183.0,407.23199999999997,277.0,407.23199999999997,277.0,416.423,183.0,416.423,Kallenbach,,reference
247,283.0,407.23199999999997,305.0,407.23199999999997,305.0,416.423,283.0,416.423,M.,reference
248,310.0,407.23199999999997,376.0,407.23199999999997,376.0,416.423,310.0,416.423,Bernert,,reference
249,382.0,407.23199999999997,401.0,407.23199999999997,401.0,416.423,382.0,416.423,R.,reference
250,406.0,407.23199999999997,445.0,407.23199999999997,445.0,416.423,406.0,416.423,Dux,,reference
251,451.0,407.23199999999997,466.0,407.23199999999997,466.0,416.423,451.0,416.423,et,reference
252,471.0,407.23199999999997,491.0,407.23199999999997,491.0,416.423,471.0,416.423,al.,reference
253,498.0,407.23199999999997,569.0,407.23199999999997,569.0,416.423,498.0,416.423,Impurity,reference
254,574.0,407.23199999999997,633.0,407.23199999999997,633.0,416.423,574.0,416.423,seeding,reference
255,638.0,407.23199999999997,660.0,407.23199999999997,660.0,416.423,638.0,416.423,for,reference
256,666.0,407.23199999999997,734.0,407.23199999999997,734.0,416.423,666.0,416.423,tokamak,reference
257,739.0,407.23199999999997,787.0,407.23199999999997,787.0,416.423,739.0,416.423,power,reference
258,792.0,407.23199999999997,859.0,407.23199999999997,859.0,416.423,792.0,416.423,exhaust:,reference
259,867.0,407.23199999999997,904.0,407.23199999999997,904.0,416.423,867.0,416.423,from,reference
260,159.0,425.614,217.0,425.614,217.0,434.805,159.0,434.805,present,reference
261,223.0,425.614,280.0,425.614,280.0,434.805,223.0,434.805,devices,reference
262,286.0,425.614,310.0,425.614,310.0,434.805,286.0,434.805,via,reference
263,316.0,425.614,362.0,425.614,362.0,434.805,316.0,434.805,ITER,reference
264,368.0,425.614,384.0,425.614,384.0,434.805,368.0,434.805,to,reference
265,390.0,425.614,453.0,425.614,453.0,434.805,390.0,434.805,DEMO,,reference
266,459.0,425.614,517.0,425.614,517.0,434.805,459.0,434.805,Plasma,reference
267,523.0,425.614,567.0,425.614,567.0,434.805,523.0,434.805,Phys.,reference
268,574.0,425.614,625.0,425.614,625.0,434.805,574.0,434.805,Contr.,reference
269,631.0,425.614,683.0,425.614,683.0,434.805,631.0,434.805,Fusion,reference
270,690.0,425.614,746.0,425.614,746.0,434.805,690.0,434.805,(2014),,reference
271,752.0,425.614,767.0,425.614,767.0,434.805,752.0,434.805,in,reference
272,773.0,425.614,817.0,425.614,817.0,434.805,773.0,434.805,print.,reference
273,121.0,443.996,149.0,443.996,149.0,453.187,121.0,453.187,[44],reference
274,159.0,443.996,192.0,443.996,192.0,453.187,159.0,453.187,R.J.,reference
275,198.0,443.996,277.0,443.996,277.0,453.187,198.0,453.187,Maqueda,,reference
276,283.0,443.996,321.0,443.996,321.0,453.187,283.0,453.187,G.A.,reference
277,327.0,443.996,396.0,443.996,396.0,453.187,327.0,453.187,Wurden,,reference
278,402.0,443.996,437.0,443.996,437.0,453.187,402.0,453.187,D.P.,reference
279,443.0,443.996,497.0,443.996,497.0,453.187,443.0,453.187,Stotler,reference
280,503.0,443.996,518.0,443.996,518.0,453.187,503.0,453.187,et,reference
281,524.0,443.996,549.0,443.996,549.0,453.187,524.0,453.187,al.,,reference
282,557.0,443.996,593.0,443.996,593.0,453.187,557.0,453.187,Rev.,reference
283,600.0,443.996,628.0,443.996,628.0,453.187,600.0,453.187,Sci.,reference
284,634.0,443.996,703.0,443.996,703.0,453.187,634.0,453.187,Instrum.,reference
285,709.0,443.996,735.0,443.996,735.0,453.187,709.0,453.187,74,,reference
286,742.0,443.996,778.0,443.996,778.0,453.187,742.0,453.187,2020,reference
287,784.0,443.996,840.0,443.996,840.0,453.187,784.0,453.187,(2003).,reference
288,121.0,461.671,149.0,461.671,149.0,470.862,121.0,470.862,[45],reference
289,159.0,461.671,195.0,461.671,195.0,470.862,159.0,470.862,K.L.,reference
290,201.0,461.671,238.0,461.671,238.0,470.862,201.0,470.862,Bell,,reference
291,244.0,461.671,281.0,461.671,281.0,470.862,244.0,470.862,H.B.,reference
292,287.0,461.671,355.0,461.671,355.0,470.862,287.0,470.862,Gilbody,,reference
293,361.0,461.671,395.0,461.671,395.0,470.862,361.0,470.862,J.G.,reference
294,401.0,461.671,465.0,461.671,465.0,470.862,401.0,470.862,Hughes,,reference
295,471.0,461.671,486.0,461.671,486.0,470.862,471.0,470.862,et,reference
296,493.0,461.671,517.0,461.671,517.0,470.862,493.0,470.862,al.,,reference
297,525.0,461.671,542.0,461.671,542.0,470.862,525.0,470.862,L.,reference
298,548.0,461.671,592.0,461.671,592.0,470.862,548.0,470.862,Phys.,reference
299,598.0,461.671,650.0,461.671,650.0,470.862,598.0,470.862,Chem.,reference
300,656.0,461.671,688.0,461.671,688.0,470.862,656.0,470.862,Ref.,reference
301,695.0,461.671,734.0,461.671,734.0,470.862,695.0,470.862,Data,reference
302,740.0,461.671,766.0,461.671,766.0,470.862,740.0,470.862,12,,reference
303,772.0,461.671,800.0,461.671,800.0,470.862,772.0,470.862,891,reference
304,806.0,461.671,862.0,461.671,862.0,470.862,806.0,470.862,(1983).,reference
305,121.0,480.05300000000005,149.0,480.05300000000005,149.0,489.24399999999997,121.0,489.24399999999997,[46],reference
306,159.0,480.05300000000005,178.0,480.05300000000005,178.0,489.24399999999997,159.0,489.24399999999997,Y.,reference
307,184.0,480.05300000000005,271.0,480.05300000000005,271.0,489.24399999999997,184.0,489.24399999999997,Ralchenko,,reference
308,277.0,480.05300000000005,296.0,480.05300000000005,296.0,489.24399999999997,277.0,489.24399999999997,R.,reference
309,302.0,480.05300000000005,354.0,480.05300000000005,354.0,489.24399999999997,302.0,489.24399999999997,Janev,,reference
310,360.0,480.05300000000005,378.0,480.05300000000005,378.0,489.24399999999997,360.0,489.24399999999997,T.,reference
311,384.0,480.05300000000005,424.0,480.05300000000005,424.0,489.24399999999997,384.0,489.24399999999997,Kato,reference
312,430.0,480.05300000000005,446.0,480.05300000000005,446.0,489.24399999999997,430.0,489.24399999999997,et,reference
313,452.0,480.05300000000005,476.0,480.05300000000005,476.0,489.24399999999997,452.0,489.24399999999997,al.,,reference
314,484.0,480.05300000000005,542.0,480.05300000000005,542.0,489.24399999999997,484.0,489.24399999999997,Atomic,reference
315,548.0,480.05300000000005,578.0,480.05300000000005,578.0,489.24399999999997,548.0,489.24399999999997,and,reference
316,584.0,480.05300000000005,646.0,480.05300000000005,646.0,489.24399999999997,584.0,489.24399999999997,Nuclear,reference
317,652.0,480.05300000000005,691.0,480.05300000000005,691.0,489.24399999999997,652.0,489.24399999999997,Data,reference
318,697.0,480.05300000000005,744.0,480.05300000000005,744.0,489.24399999999997,697.0,489.24399999999997,tables,reference
319,751.0,480.05300000000005,777.0,480.05300000000005,777.0,489.24399999999997,751.0,489.24399999999997,94,,reference
320,783.0,480.05300000000005,810.0,480.05300000000005,810.0,489.24399999999997,783.0,489.24399999999997,603,reference
321,816.0,480.05300000000005,872.0,480.05300000000005,872.0,489.24399999999997,816.0,489.24399999999997,(2008).,reference
322,121.0,498.43499999999995,149.0,498.43499999999995,149.0,507.626,121.0,507.626,[47],reference
323,159.0,498.43499999999995,186.0,498.43499999999995,186.0,507.626,159.0,507.626,S.I.,reference
324,192.0,498.43499999999995,322.0,498.43499999999995,322.0,507.626,192.0,507.626,Krasheninnikov,,reference
325,330.0,498.43499999999995,374.0,498.43499999999995,374.0,507.626,330.0,507.626,Phys.,reference
326,380.0,498.43499999999995,419.0,498.43499999999995,419.0,507.626,380.0,507.626,Lett.,reference
327,425.0,498.43499999999995,439.0,498.43499999999995,439.0,507.626,425.0,507.626,A,reference
328,445.0,498.43499999999995,482.0,498.43499999999995,482.0,507.626,445.0,507.626,283,,reference
329,488.0,498.43499999999995,515.0,498.43499999999995,515.0,507.626,488.0,507.626,368,reference
330,521.0,498.43499999999995,577.0,498.43499999999995,577.0,507.626,521.0,507.626,(2001).,reference
331,121.0,516.817,149.0,516.817,149.0,526.008,121.0,526.008,[48],reference
332,159.0,516.817,198.0,516.817,198.0,526.008,159.0,526.008,G.Q.,reference
333,204.0,516.817,226.0,516.817,226.0,526.008,204.0,526.008,Yu,reference
334,233.0,516.817,262.0,516.817,262.0,526.008,233.0,526.008,and,reference
335,268.0,516.817,295.0,516.817,295.0,526.008,268.0,526.008,S.I.,reference
336,301.0,516.817,431.0,516.817,431.0,526.008,301.0,526.008,Krasheninnikov,,reference
337,439.0,516.817,483.0,516.817,483.0,526.008,439.0,526.008,Phys.,reference
338,489.0,516.817,555.0,516.817,555.0,526.008,489.0,526.008,Plasmas,reference
339,561.0,516.817,587.0,516.817,587.0,526.008,561.0,526.008,10,,reference
340,593.0,516.817,630.0,516.817,630.0,526.008,593.0,526.008,4413,reference
341,636.0,516.817,692.0,516.817,692.0,526.008,636.0,526.008,(2003).,reference
342,121.0,534.492,149.0,534.492,149.0,543.683,121.0,543.683,[49],reference
343,159.0,534.492,196.0,534.492,196.0,543.683,159.0,543.683,O.E.,reference
344,201.0,534.492,259.0,534.492,259.0,543.683,201.0,543.683,Garcia,,reference
345,264.0,534.492,283.0,534.492,283.0,543.683,264.0,543.683,V.,reference
346,288.0,534.492,346.0,534.492,346.0,543.683,288.0,543.683,Naulin,,reference
347,351.0,534.492,389.0,534.492,389.0,543.683,351.0,543.683,A.H.,reference
348,394.0,534.492,451.0,534.492,451.0,543.683,394.0,543.683,Nielsen,reference
349,456.0,534.492,486.0,534.492,486.0,543.683,456.0,543.683,and,reference
350,490.0,534.492,520.0,534.492,520.0,543.683,490.0,543.683,J.J.,reference
351,524.0,534.492,617.0,534.492,617.0,543.683,524.0,543.683,Rasmussen,,reference
352,623.0,534.492,667.0,534.492,667.0,543.683,623.0,543.683,Phys.,reference
353,672.0,534.492,709.0,534.492,709.0,543.683,672.0,543.683,Rev.,reference
354,713.0,534.492,752.0,534.492,752.0,543.683,713.0,543.683,Lett.,reference
355,757.0,534.492,783.0,534.492,783.0,543.683,757.0,543.683,92,,reference
356,788.0,534.492,843.0,534.492,843.0,543.683,788.0,543.683,165003,reference
357,848.0,534.492,904.0,534.492,904.0,543.683,848.0,543.683,(2004).,reference
358,121.0,552.874,149.0,552.874,149.0,562.065,121.0,562.065,[50],reference
359,159.0,552.874,196.0,552.874,196.0,562.065,159.0,562.065,O.E.,reference
360,202.0,552.874,260.0,552.874,260.0,562.065,202.0,562.065,Garcia,,reference
361,266.0,552.874,304.0,552.874,304.0,562.065,266.0,562.065,N.H.,reference
362,310.0,552.874,348.0,552.874,348.0,562.065,310.0,562.065,Bian,reference
363,354.0,552.874,383.0,552.874,383.0,562.065,354.0,562.065,and,reference
364,389.0,552.874,413.0,552.874,413.0,562.065,389.0,562.065,W.,reference
365,420.0,552.874,530.0,552.874,530.0,562.065,420.0,562.065,Fundamenski,,reference
366,538.0,552.874,583.0,552.874,583.0,562.065,538.0,562.065,Phys.,reference
367,589.0,552.874,654.0,552.874,654.0,562.065,589.0,562.065,Plasmas,reference
368,661.0,552.874,687.0,552.874,687.0,562.065,661.0,562.065,13,,reference
369,693.0,552.874,748.0,552.874,748.0,562.065,693.0,562.065,082309,reference
370,754.0,552.874,805.0,552.874,805.0,562.065,754.0,562.065,(2006),reference
371,121.0,571.2560000000001,149.0,571.2560000000001,149.0,580.447,121.0,580.447,[51],reference
372,159.0,571.2560000000001,196.0,571.2560000000001,196.0,580.447,159.0,580.447,O.E.,reference
373,202.0,571.2560000000001,260.0,571.2560000000001,260.0,580.447,202.0,580.447,Garcia,,reference
374,268.0,571.2560000000001,327.0,571.2560000000001,327.0,580.447,268.0,580.447,Plasma,reference
375,333.0,571.2560000000001,363.0,571.2560000000001,363.0,580.447,333.0,580.447,and,reference
376,369.0,571.2560000000001,421.0,571.2560000000001,421.0,580.447,369.0,580.447,Fusion,reference
377,427.0,571.2560000000001,498.0,571.2560000000001,498.0,580.447,427.0,580.447,Research,reference
378,504.0,571.2560000000001,520.0,571.2560000000001,520.0,580.447,504.0,580.447,4,,reference
379,526.0,571.2560000000001,554.0,571.2560000000001,554.0,580.447,526.0,580.447,019,reference
380,560.0,571.2560000000001,616.0,571.2560000000001,616.0,580.447,560.0,580.447,(2009).,reference
381,121.0,589.6379999999999,149.0,589.6379999999999,149.0,598.829,121.0,598.829,[52],reference
382,159.0,589.6379999999999,192.0,589.6379999999999,192.0,598.829,159.0,598.829,J.R.,reference
383,198.0,589.6379999999999,254.0,589.6379999999999,254.0,598.829,198.0,598.829,Angus,,reference
384,260.0,589.6379999999999,301.0,589.6379999999999,301.0,598.829,260.0,598.829,M.V.,reference
385,307.0,589.6379999999999,385.0,589.6379999999999,385.0,598.829,307.0,598.829,Umansky,,reference
386,392.0,589.6379999999999,421.0,589.6379999999999,421.0,598.829,392.0,598.829,and,reference
387,427.0,589.6379999999999,454.0,589.6379999999999,454.0,598.829,427.0,598.829,S.I.,reference
388,460.0,589.6379999999999,590.0,589.6379999999999,590.0,598.829,460.0,598.829,Krasheninnikov,,reference
389,598.0,589.6379999999999,642.0,589.6379999999999,642.0,598.829,598.0,598.829,Phys.,reference
390,648.0,589.6379999999999,685.0,589.6379999999999,685.0,598.829,648.0,598.829,Rev.,reference
391,691.0,589.6379999999999,730.0,589.6379999999999,730.0,598.829,691.0,598.829,Lett.,reference
392,736.0,589.6379999999999,773.0,589.6379999999999,773.0,598.829,736.0,598.829,108,,reference
393,779.0,589.6379999999999,834.0,589.6379999999999,834.0,598.829,779.0,598.829,215002,reference
394,840.0,589.6379999999999,896.0,589.6379999999999,896.0,598.829,840.0,598.829,(2012).,reference
395,121.0,607.313,149.0,607.313,149.0,616.504,121.0,616.504,[53],reference
396,159.0,607.313,192.0,607.313,192.0,616.504,159.0,616.504,J.R.,reference
397,198.0,607.313,254.0,607.313,254.0,616.504,198.0,616.504,Angus,,reference
398,260.0,607.313,301.0,607.313,301.0,616.504,260.0,616.504,M.V.,reference
399,307.0,607.313,385.0,607.313,385.0,616.504,307.0,616.504,Umansky,,reference
400,392.0,607.313,421.0,607.313,421.0,616.504,392.0,616.504,and,reference
401,427.0,607.313,454.0,607.313,454.0,616.504,427.0,616.504,S.I.,reference
402,460.0,607.313,590.0,607.313,590.0,616.504,460.0,616.504,Krasheninnikov,,reference
403,598.0,607.313,612.0,607.313,612.0,616.504,598.0,616.504,J.,reference
404,619.0,607.313,661.0,607.313,661.0,616.504,619.0,616.504,Nucl.,reference
405,667.0,607.313,742.0,607.313,742.0,616.504,667.0,616.504,Materials,reference
406,748.0,607.313,785.0,607.313,785.0,616.504,748.0,616.504,438,,reference
407,791.0,607.313,829.0,607.313,829.0,616.504,791.0,616.504,S572,reference
408,835.0,607.313,891.0,607.313,891.0,616.504,835.0,616.504,(2013).,reference
409,493.0,634.886,512.0,634.886,512.0,644.784,493.0,644.784,19,paragraph
