0,927.0,27.828,933.0,27.828,933.0,35.558,927.0,35.558,2,paragraph
1,79.0,53.337,126.0,53.337,126.0,64.932,79.0,64.932,would,paragraph
2,131.0,53.337,189.0,53.337,189.0,64.932,131.0,64.932,actually,paragraph
3,194.0,53.337,248.0,53.337,248.0,64.932,194.0,64.932,achieve,paragraph
4,253.0,53.337,342.0,53.337,342.0,64.932,253.0,64.932,compromise,paragraph
5,347.0,53.337,375.0,53.337,375.0,64.932,347.0,64.932,and,paragraph
6,379.0,53.337,402.0,53.337,402.0,64.932,379.0,64.932,the,paragraph
7,407.0,53.337,491.0,53.337,491.0,64.932,407.0,64.932,concessions,paragraph
8,521.0,53.337,565.0,53.337,565.0,64.932,521.0,64.932,access,paragraph
9,571.0,53.337,622.0,53.337,622.0,64.932,571.0,64.932,control,paragraph
10,629.0,53.337,674.0,53.337,674.0,64.932,629.0,64.932,model,paragraph
11,681.0,53.337,721.0,53.337,721.0,64.932,681.0,64.932,being,paragraph
12,727.0,53.337,762.0,53.337,762.0,64.932,727.0,64.932,used,paragraph
13,768.0,53.337,814.0,53.337,814.0,64.932,768.0,64.932,—e.g.,,paragraph
14,820.0,53.337,888.0,53.337,888.0,64.932,820.0,64.932,Facebook,paragraph
15,895.0,53.337,933.0,53.337,933.0,64.932,895.0,64.932,users,paragraph
16,79.0,63.386,111.0,63.386,111.0,75.754,79.0,75.754,they,paragraph
17,118.0,63.386,161.0,63.386,161.0,75.754,118.0,75.754,might,paragraph
18,167.0,63.386,184.0,63.386,184.0,75.754,167.0,75.754,be,paragraph
19,191.0,63.386,242.0,63.386,242.0,75.754,191.0,75.754,willing,paragraph
20,248.0,63.386,262.0,63.386,262.0,75.754,248.0,75.754,to,paragraph
21,269.0,63.386,308.0,63.386,308.0,75.754,269.0,75.754,make,paragraph
22,315.0,63.386,329.0,63.386,329.0,75.754,315.0,75.754,to,paragraph
23,336.0,63.386,390.0,63.386,390.0,75.754,336.0,75.754,achieve,paragraph
24,397.0,63.386,407.0,63.386,407.0,75.754,397.0,75.754,it,paragraph
25,413.0,63.386,491.0,63.386,491.0,75.754,413.0,75.754,depending,paragraph
26,521.0,63.386,546.0,63.386,546.0,75.754,521.0,75.754,can,paragraph
27,550.0,63.386,601.0,63.386,601.0,75.754,550.0,75.754,specify,paragraph
28,606.0,63.386,688.0,63.386,688.0,75.754,606.0,75.754,preferences,paragraph
29,693.0,63.386,713.0,63.386,713.0,75.754,693.0,75.754,for,paragraph
30,718.0,63.386,726.0,63.386,726.0,75.754,718.0,75.754,a,paragraph
31,731.0,63.386,775.0,63.386,775.0,75.754,731.0,75.754,whole,paragraph
32,780.0,63.386,822.0,63.386,822.0,75.754,780.0,75.754,photo,paragraph
33,827.0,63.386,873.0,63.386,873.0,75.754,827.0,75.754,album,paragraph
34,877.0,63.386,891.0,63.386,891.0,75.754,877.0,75.754,at,paragraph
35,895.0,63.386,933.0,63.386,933.0,75.754,895.0,75.754,once.,paragraph
36,79.0,74.208,98.0,74.208,98.0,86.57600000000001,79.0,86.57600000000001,on,paragraph
37,104.0,74.208,127.0,74.208,127.0,86.57600000000001,104.0,86.57600000000001,the,paragraph
38,133.0,74.208,186.0,74.208,186.0,86.57600000000001,133.0,86.57600000000001,speciﬁc,paragraph
39,192.0,74.208,260.0,74.208,260.0,86.57600000000001,192.0,86.57600000000001,situation.,paragraph
40,266.0,74.208,302.0,74.208,302.0,86.57600000000001,266.0,86.57600000000001,Only,paragraph
41,308.0,74.208,335.0,74.208,335.0,86.57600000000001,308.0,86.57600000000001,[13],paragraph
42,341.0,74.208,410.0,74.208,410.0,86.57600000000001,341.0,86.57600000000001,considers,paragraph
43,416.0,74.208,453.0,74.208,453.0,86.57600000000001,416.0,86.57600000000001,more,paragraph
44,459.0,74.208,491.0,74.208,491.0,86.57600000000001,459.0,86.57600000000001,than,paragraph
45,537.0,74.98100000000001,623.0,74.98100000000001,623.0,86.57600000000001,537.0,86.57600000000001,Mainstream,paragraph
46,633.0,74.98100000000001,675.0,74.98100000000001,675.0,86.57600000000001,633.0,86.57600000000001,Social,paragraph
47,685.0,74.98100000000001,731.0,74.98100000000001,731.0,86.57600000000001,685.0,86.57600000000001,Media,paragraph
48,740.0,74.98100000000001,818.0,74.98100000000001,818.0,86.57600000000001,740.0,86.57600000000001,(Facebook,,paragraph
49,828.0,74.98100000000001,893.0,74.98100000000001,893.0,86.57600000000001,828.0,86.57600000000001,Google+,,paragraph
50,903.0,74.98100000000001,933.0,74.98100000000001,933.0,86.57600000000001,903.0,86.57600000000001,etc.),paragraph
51,79.0,85.03,106.0,85.03,106.0,96.625,79.0,96.625,one,paragraph
52,112.0,85.03,143.0,85.03,143.0,96.625,112.0,96.625,way,paragraph
53,150.0,85.03,164.0,85.03,164.0,96.625,150.0,96.625,of,paragraph
54,171.0,85.03,257.0,85.03,257.0,96.625,171.0,96.625,aggregating,paragraph
55,264.0,85.03,306.0,85.03,306.0,96.625,264.0,96.625,users’,paragraph
56,313.0,85.03,367.0,85.03,367.0,96.625,313.0,96.625,privacy,paragraph
57,374.0,85.03,461.0,85.03,461.0,96.625,374.0,96.625,preferences,,paragraph
58,467.0,85.03,491.0,85.03,491.0,96.625,467.0,96.625,but,paragraph
59,521.0,85.03,555.0,85.03,555.0,97.398,521.0,97.398,have,paragraph
60,565.0,85.03,643.0,85.03,643.0,97.398,565.0,97.398,predeﬁned,paragraph
61,653.0,85.03,704.0,85.03,704.0,97.398,653.0,97.398,groups,paragraph
62,713.0,85.03,741.0,85.03,741.0,97.398,713.0,97.398,and,paragraph
63,750.0,85.03,779.0,85.03,779.0,97.398,750.0,97.398,also,paragraph
64,789.0,85.03,829.0,85.03,829.0,97.398,789.0,97.398,allow,paragraph
65,838.0,85.03,876.0,85.03,876.0,97.398,838.0,97.398,users,paragraph
66,886.0,85.03,900.0,85.03,900.0,97.398,886.0,97.398,to,paragraph
67,910.0,85.03,933.0,85.03,933.0,97.398,910.0,97.398,de-,paragraph
68,79.0,95.852,102.0,95.852,102.0,107.447,79.0,107.447,the,paragraph
69,109.0,95.852,140.0,95.852,140.0,107.447,109.0,107.447,user,paragraph
70,146.0,95.852,174.0,95.852,174.0,107.447,146.0,107.447,that,paragraph
71,181.0,95.852,239.0,95.852,239.0,107.447,181.0,107.447,uploads,paragraph
72,246.0,95.852,268.0,95.852,268.0,107.447,246.0,107.447,the,paragraph
73,275.0,95.852,307.0,95.852,307.0,107.447,275.0,107.447,item,paragraph
74,314.0,95.852,370.0,95.852,370.0,107.447,314.0,107.447,chooses,paragraph
75,376.0,95.852,399.0,95.852,399.0,107.447,376.0,107.447,the,paragraph
76,406.0,95.852,491.0,95.852,491.0,107.447,406.0,107.447,aggregation,paragraph
77,521.0,95.852,548.0,95.852,548.0,108.22000000000001,521.0,108.22000000000001,ﬁne,paragraph
78,556.0,95.852,590.0,95.852,590.0,108.22000000000001,556.0,108.22000000000001,their,paragraph
79,598.0,95.852,630.0,95.852,630.0,108.22000000000001,598.0,108.22000000000001,own,paragraph
80,638.0,95.852,693.0,95.852,693.0,108.22000000000001,638.0,108.22000000000001,groups,,paragraph
81,701.0,95.852,733.0,95.852,733.0,108.22000000000001,701.0,108.22000000000001,each,paragraph
82,742.0,95.852,756.0,95.852,756.0,108.22000000000001,742.0,108.22000000000001,of,paragraph
83,764.0,95.852,808.0,95.852,808.0,108.22000000000001,764.0,108.22000000000001,which,paragraph
84,817.0,95.852,828.0,95.852,828.0,108.22000000000001,817.0,108.22000000000001,is,paragraph
85,836.0,95.852,910.0,95.852,910.0,108.22000000000001,836.0,108.22000000000001,composed,paragraph
86,918.0,95.852,933.0,95.852,933.0,108.22000000000001,918.0,108.22000000000001,of,paragraph
87,79.0,106.674,135.0,106.674,135.0,118.26899999999999,79.0,118.26899999999999,method,paragraph
88,141.0,106.674,155.0,106.674,155.0,118.26899999999999,141.0,118.26899999999999,to,paragraph
89,161.0,106.674,178.0,106.674,178.0,118.26899999999999,161.0,118.26899999999999,be,paragraph
90,184.0,106.674,243.0,106.674,243.0,118.26899999999999,184.0,118.26899999999999,applied,,paragraph
91,249.0,106.674,293.0,106.674,293.0,118.26899999999999,249.0,118.26899999999999,which,paragraph
92,299.0,106.674,361.0,106.674,361.0,118.26899999999999,299.0,118.26899999999999,becomes,paragraph
93,367.0,106.674,375.0,106.674,375.0,118.26899999999999,367.0,118.26899999999999,a,paragraph
94,381.0,106.674,450.0,106.674,450.0,118.26899999999999,381.0,118.26899999999999,unilateral,paragraph
95,456.0,106.674,491.0,106.674,491.0,118.26899999999999,456.0,118.26899999999999,deci-,paragraph
96,521.0,106.674,529.0,106.674,529.0,119.042,521.0,119.042,a,paragraph
97,537.0,106.674,557.0,106.674,557.0,119.042,537.0,119.042,set,paragraph
98,565.0,106.674,580.0,106.674,580.0,119.042,565.0,119.042,of,paragraph
99,588.0,106.674,643.0,106.674,643.0,119.042,588.0,119.042,friends.,paragraph
100,651.0,106.674,700.0,106.674,700.0,119.042,651.0,119.042,Access,paragraph
101,708.0,106.674,722.0,106.674,722.0,119.042,708.0,119.042,to,paragraph
102,730.0,106.674,769.0,106.674,769.0,119.042,730.0,119.042,items,paragraph
103,778.0,106.674,836.0,106.674,836.0,119.042,778.0,119.042,(photos,,paragraph
104,845.0,106.674,875.0,106.674,875.0,119.042,845.0,119.042,etc.),paragraph
105,883.0,106.674,908.0,106.674,908.0,119.042,883.0,119.042,can,paragraph
106,916.0,106.674,933.0,106.674,933.0,119.042,916.0,119.042,be,paragraph
107,79.0,117.496,109.0,117.496,109.0,129.091,79.0,129.091,sion,paragraph
108,115.0,117.496,172.0,117.496,172.0,129.091,115.0,129.091,without,paragraph
109,178.0,117.496,263.0,117.496,263.0,129.091,178.0,129.091,considering,paragraph
110,268.0,117.496,291.0,117.496,291.0,129.091,268.0,129.091,the,paragraph
111,297.0,117.496,379.0,117.496,379.0,129.091,297.0,129.091,preferences,paragraph
112,385.0,117.496,399.0,117.496,399.0,129.091,385.0,129.091,of,paragraph
113,405.0,117.496,427.0,117.496,427.0,129.091,405.0,129.091,the,paragraph
114,433.0,117.496,482.0,117.496,482.0,129.091,433.0,129.091,others.,paragraph
115,521.0,117.496,636.0,117.496,636.0,129.091,521.0,129.091,granted/denied,paragraph
116,643.0,117.496,657.0,117.496,657.0,129.091,643.0,129.091,to,paragraph
117,663.0,117.496,718.0,117.496,718.0,129.091,663.0,129.091,groups,,paragraph
118,725.0,117.496,807.0,117.496,807.0,129.091,725.0,129.091,individuals,paragraph
119,813.0,117.496,829.0,117.496,829.0,129.091,813.0,129.091,or,paragraph
120,835.0,117.496,868.0,117.496,868.0,129.091,835.0,129.091,both,paragraph
121,874.0,117.496,909.0,117.496,909.0,129.091,874.0,129.091,(e.g.,,paragraph
122,915.0,117.496,933.0,117.496,933.0,129.091,915.0,129.091,all,paragraph
123,96.0,128.318,111.0,128.318,111.0,140.686,96.0,140.686,In,paragraph
124,115.0,128.318,142.0,128.318,142.0,140.686,115.0,140.686,this,paragraph
125,146.0,128.318,191.0,128.318,191.0,140.686,146.0,140.686,paper,,paragraph
126,195.0,128.318,216.0,128.318,216.0,140.686,195.0,140.686,we,paragraph
127,221.0,128.318,274.0,128.318,274.0,140.686,221.0,140.686,present,paragraph
128,278.0,128.318,301.0,128.318,301.0,140.686,278.0,140.686,the,paragraph
129,305.0,128.318,334.0,128.318,334.0,140.686,305.0,140.686,ﬁrst,paragraph
130,338.0,128.318,443.0,128.318,443.0,140.686,338.0,140.686,computational,paragraph
131,447.0,128.318,491.0,128.318,491.0,140.686,447.0,140.686,mech-,paragraph
132,521.0,128.318,575.0,128.318,575.0,139.91299999999998,521.0,139.91299999999998,Friends,paragraph
133,585.0,128.318,620.0,128.318,620.0,139.91299999999998,585.0,139.91299999999998,have,paragraph
134,630.0,128.318,675.0,128.318,675.0,139.91299999999998,630.0,139.91299999999998,access,paragraph
135,685.0,128.318,699.0,128.318,699.0,139.91299999999998,685.0,139.91299999999998,to,paragraph
136,710.0,128.318,718.0,128.318,718.0,139.91299999999998,710.0,139.91299999999998,a,paragraph
137,728.0,128.318,770.0,128.318,770.0,139.91299999999998,728.0,139.91299999999998,photo,paragraph
138,781.0,128.318,827.0,128.318,827.0,139.91299999999998,781.0,139.91299999999998,except,paragraph
139,837.0,128.318,900.0,128.318,900.0,139.91299999999998,837.0,139.91299999999998,Charlie).,paragraph
140,910.0,128.318,933.0,128.318,933.0,139.91299999999998,910.0,139.91299999999998,We,paragraph
141,727.0,131.41,741.0,131.41,741.0,167.74099999999999,727.0,167.74099999999999,(cid:84)⊆,paragraph
142,79.0,139.14,123.0,139.14,123.0,150.735,79.0,150.735,anism,paragraph
143,128.0,139.14,148.0,139.14,148.0,150.735,128.0,150.735,for,paragraph
144,153.0,139.14,194.0,139.14,194.0,150.735,153.0,150.735,social,paragraph
145,198.0,139.14,243.0,139.14,243.0,150.735,198.0,150.735,media,paragraph
146,248.0,139.14,280.0,139.14,280.0,150.735,248.0,150.735,that,,paragraph
147,285.0,139.14,325.0,139.14,325.0,150.735,285.0,150.735,given,paragraph
148,330.0,139.14,352.0,139.14,352.0,150.735,330.0,150.735,the,paragraph
149,357.0,139.14,432.0,139.14,432.0,150.735,357.0,150.735,individual,paragraph
150,437.0,139.14,491.0,139.14,491.0,150.735,437.0,150.735,privacy,paragraph
151,521.0,139.14,583.0,139.14,583.0,150.735,521.0,150.735,formally,paragraph
152,590.0,139.14,635.0,139.14,635.0,150.735,590.0,150.735,deﬁne,paragraph
153,642.0,139.14,650.0,139.14,650.0,150.735,642.0,150.735,a,paragraph
154,657.0,139.14,701.0,139.14,701.0,150.735,657.0,150.735,group,paragraph
155,708.0,139.91299999999998,721.0,139.91299999999998,721.0,149.96200000000002,708.0,149.96200000000002,G,paragraph
156,749.0,139.91299999999998,760.0,139.91299999999998,760.0,149.96200000000002,749.0,149.96200000000002,U,paragraph
157,769.0,139.14,784.0,139.14,784.0,150.735,769.0,150.735,as,paragraph
158,791.0,139.14,800.0,139.14,800.0,150.735,791.0,150.735,a,paragraph
159,807.0,139.14,827.0,139.14,827.0,150.735,807.0,150.735,set,paragraph
160,834.0,139.14,849.0,139.14,849.0,150.735,834.0,150.735,of,paragraph
161,856.0,139.14,898.0,139.14,898.0,150.735,856.0,150.735,users,,paragraph
162,905.0,139.14,933.0,139.14,933.0,150.735,905.0,150.735,and,paragraph
163,79.0,149.96200000000002,162.0,149.96200000000002,162.0,161.557,79.0,161.557,preferences,paragraph
164,168.0,149.96200000000002,182.0,149.96200000000002,182.0,161.557,168.0,161.557,of,paragraph
165,189.0,149.96200000000002,222.0,149.96200000000002,222.0,161.557,189.0,161.557,each,paragraph
166,228.0,149.96200000000002,259.0,149.96200000000002,259.0,161.557,228.0,161.557,user,paragraph
167,265.0,149.96200000000002,329.0,149.96200000000002,329.0,161.557,265.0,161.557,involved,paragraph
168,336.0,149.96200000000002,350.0,149.96200000000002,350.0,161.557,336.0,161.557,in,paragraph
169,356.0,149.96200000000002,374.0,149.96200000000002,374.0,161.557,356.0,161.557,an,paragraph
170,380.0,149.96200000000002,417.0,149.96200000000002,417.0,161.557,380.0,161.557,item,,paragraph
171,423.0,149.96200000000002,435.0,149.96200000000002,435.0,161.557,423.0,161.557,is,paragraph
172,441.0,149.96200000000002,471.0,149.96200000000002,471.0,161.557,441.0,161.557,able,paragraph
173,477.0,149.96200000000002,491.0,149.96200000000002,491.0,161.557,477.0,161.557,to,paragraph
174,521.0,149.189,543.0,149.189,543.0,161.557,521.0,161.557,the,paragraph
175,551.0,149.189,571.0,149.189,571.0,161.557,551.0,161.557,set,paragraph
176,578.0,149.189,592.0,149.189,592.0,161.557,578.0,161.557,of,paragraph
177,599.0,149.189,617.0,149.189,617.0,161.557,599.0,161.557,all,paragraph
178,624.0,149.189,675.0,149.189,675.0,161.557,624.0,161.557,groups,paragraph
179,682.0,149.189,737.0,149.189,737.0,161.557,682.0,161.557,deﬁned,paragraph
180,744.0,149.189,762.0,149.189,762.0,161.557,744.0,161.557,by,paragraph
181,769.0,149.189,778.0,149.189,778.0,161.557,769.0,161.557,a,paragraph
182,785.0,149.189,856.0,149.189,856.0,161.557,785.0,161.557,particular,paragraph
183,863.0,149.189,894.0,149.189,894.0,161.557,863.0,161.557,user,paragraph
184,901.0,150.735,910.0,150.735,910.0,160.784,901.0,160.784,u,paragraph
185,918.0,149.189,933.0,149.189,933.0,161.557,918.0,161.557,as,paragraph
186,521.0,154.60000000000002,530.0,154.60000000000002,530.0,171.606,521.0,171.606,G,paragraph
187,566.0,154.60000000000002,575.0,154.60000000000002,575.0,171.606,566.0,171.606,{,paragraph
188,649.0,154.60000000000002,657.0,154.60000000000002,657.0,171.606,649.0,171.606,},paragraph
189,818.0,154.60000000000002,827.0,154.60000000000002,827.0,171.606,818.0,171.606,∅,paragraph
190,79.0,160.784,109.0,160.784,109.0,172.379,79.0,172.379,ﬁnd,paragraph
191,114.0,160.784,141.0,160.784,141.0,172.379,114.0,172.379,and,paragraph
192,146.0,160.784,197.0,160.784,197.0,172.379,146.0,172.379,resolve,paragraph
193,202.0,160.784,262.0,160.784,262.0,172.379,202.0,172.379,conﬂicts,paragraph
194,267.0,160.784,285.0,160.784,285.0,172.379,267.0,172.379,by,paragraph
195,290.0,160.784,354.0,160.784,354.0,172.379,290.0,172.379,applying,paragraph
196,359.0,160.784,367.0,160.784,367.0,172.379,359.0,172.379,a,paragraph
197,372.0,160.784,434.0,160.784,434.0,172.379,372.0,172.379,different,paragraph
198,439.0,160.784,491.0,160.784,491.0,172.379,439.0,172.379,conﬂict,paragraph
199,546.0,161.557,559.0,161.557,559.0,171.606,546.0,171.606,=,paragraph
200,575.0,161.557,587.0,161.557,587.0,171.606,575.0,171.606,G,paragraph
201,595.0,161.557,599.0,161.557,599.0,171.606,595.0,171.606,,,paragraph
202,602.0,161.557,606.0,161.557,606.0,171.606,602.0,171.606,.,paragraph
203,609.0,161.557,614.0,161.557,614.0,171.606,609.0,171.606,.,paragraph
204,616.0,161.557,621.0,161.557,621.0,171.606,616.0,171.606,.,paragraph
205,624.0,161.557,628.0,161.557,628.0,171.606,624.0,171.606,,,paragraph
206,631.0,161.557,644.0,161.557,644.0,171.606,631.0,171.606,G,paragraph
207,657.0,160.011,661.0,160.011,661.0,172.379,657.0,172.379,,,paragraph
208,668.0,160.011,684.0,160.011,684.0,172.379,668.0,172.379,so,paragraph
209,691.0,160.011,719.0,160.011,719.0,172.379,691.0,172.379,that,paragraph
210,750.0,161.557,767.0,161.557,767.0,173.925,750.0,173.925,∈G,paragraph
211,778.0,161.557,791.0,161.557,791.0,171.606,778.0,171.606,G,paragraph
212,798.0,161.557,811.0,161.557,811.0,171.606,798.0,171.606,=,paragraph
213,827.0,160.011,831.0,160.011,831.0,172.379,827.0,172.379,.,paragraph
214,838.0,160.011,862.0,160.011,862.0,172.379,838.0,172.379,For,paragraph
215,870.0,160.011,933.0,160.011,933.0,172.379,870.0,172.379,instance,,paragraph
216,79.0,171.606,152.0,171.606,152.0,183.201,79.0,183.201,resolution,paragraph
217,158.0,171.606,214.0,171.606,214.0,183.201,158.0,183.201,method,paragraph
218,220.0,171.606,262.0,171.606,262.0,183.201,220.0,183.201,based,paragraph
219,268.0,171.606,286.0,171.606,286.0,183.201,268.0,183.201,on,paragraph
220,292.0,171.606,315.0,171.606,315.0,183.201,292.0,183.201,the,paragraph
221,321.0,171.606,405.0,171.606,405.0,183.201,321.0,183.201,concessions,paragraph
222,411.0,171.606,454.0,171.606,454.0,183.201,411.0,183.201,users’,paragraph
223,460.0,171.606,491.0,171.606,491.0,183.201,460.0,183.201,may,paragraph
224,521.0,165.422,558.0,165.422,558.0,183.201,521.0,183.201,Aulice,paragraph
225,565.0,165.422,597.0,165.422,597.0,183.201,565.0,183.201,ma1y,paragraph
226,604.0,170.833,638.0,170.833,638.0,183.201,604.0,183.201,have,paragraph
227,644.0,165.422,700.0,165.422,700.0,183.201,644.0,183.201,ldeﬁned,paragraph
228,708.0,170.833,730.0,170.833,730.0,183.201,708.0,183.201,the,paragraph
229,737.0,166.968,807.0,166.968,807.0,183.201,737.0,183.201,fGollouwing,paragraph
230,814.0,170.833,865.0,170.833,865.0,183.201,814.0,183.201,groups,paragraph
231,872.0,165.422,881.0,165.422,881.0,182.428,872.0,182.428,G,paragraph
232,920.0,172.379,933.0,172.379,933.0,182.428,920.0,182.428,=,paragraph
233,521.0,176.244,529.0,176.244,529.0,193.25,521.0,193.25,{,paragraph
234,807.0,176.244,815.0,176.244,815.0,193.25,807.0,193.25,},paragraph
235,881.0,176.244,912.0,176.244,912.0,183.201,881.0,183.201,Alice,paragraph
236,79.0,181.655,96.0,181.655,96.0,194.023,79.0,194.023,be,paragraph
237,100.0,181.655,151.0,181.655,151.0,194.023,100.0,194.023,willing,paragraph
238,155.0,181.655,170.0,181.655,170.0,194.023,155.0,194.023,to,paragraph
239,173.0,181.655,213.0,181.655,213.0,194.023,173.0,194.023,make,paragraph
240,217.0,181.655,231.0,181.655,231.0,194.023,217.0,194.023,in,paragraph
241,235.0,181.655,297.0,181.655,297.0,194.023,235.0,194.023,different,paragraph
242,301.0,181.655,375.0,181.655,375.0,194.023,301.0,194.023,situations.,paragraph
243,379.0,181.655,402.0,181.655,402.0,194.023,379.0,194.023,We,paragraph
244,406.0,181.655,434.0,181.655,434.0,194.023,406.0,194.023,also,paragraph
245,438.0,181.655,491.0,181.655,491.0,194.023,438.0,194.023,present,paragraph
246,529.0,182.428,651.0,182.428,651.0,193.25,529.0,193.25,CloseFriends,,paragraph
247,653.0,182.428,716.0,182.428,716.0,193.25,653.0,193.25,Family,,paragraph
248,719.0,182.428,807.0,182.428,807.0,192.477,719.0,192.477,Coworkers,paragraph
249,821.0,181.655,836.0,181.655,836.0,194.023,821.0,194.023,to,paragraph
250,842.0,181.655,903.0,181.655,903.0,194.023,842.0,194.023,organise,paragraph
251,909.0,181.655,933.0,181.655,933.0,194.023,909.0,194.023,her,paragraph
252,79.0,192.477,88.0,192.477,88.0,204.845,79.0,204.845,a,paragraph
253,95.0,192.477,125.0,192.477,125.0,204.845,95.0,204.845,user,paragraph
254,132.0,192.477,173.0,192.477,173.0,204.845,132.0,204.845,study,paragraph
255,180.0,192.477,258.0,192.477,258.0,204.845,180.0,204.845,comparing,paragraph
256,265.0,192.477,290.0,192.477,290.0,204.845,265.0,204.845,our,paragraph
257,297.0,192.477,402.0,192.477,402.0,204.845,297.0,204.845,computational,paragraph
258,409.0,192.477,491.0,192.477,491.0,204.845,409.0,204.845,mechanism,paragraph
259,521.0,192.477,566.0,192.477,566.0,204.845,521.0,204.845,online,paragraph
260,572.0,192.477,626.0,192.477,626.0,204.845,572.0,204.845,friends.,paragraph
261,884.0,197.888,890.0,197.888,890.0,214.894,884.0,214.894,(cid:104),paragraph
262,922.0,197.888,929.0,197.888,929.0,214.894,922.0,214.894,(cid:105),paragraph
263,79.0,203.299,94.0,203.299,94.0,214.894,79.0,214.894,of,paragraph
264,101.0,203.299,153.0,203.299,153.0,214.894,101.0,214.894,conﬂict,paragraph
265,160.0,203.299,233.0,203.299,233.0,214.894,160.0,214.894,resolution,paragraph
266,239.0,203.299,267.0,203.299,267.0,214.894,239.0,214.894,and,paragraph
267,274.0,203.299,312.0,203.299,312.0,214.894,274.0,214.894,other,paragraph
268,318.0,203.299,382.0,203.299,382.0,214.894,318.0,214.894,previous,paragraph
269,388.0,203.299,471.0,203.299,471.0,214.894,388.0,214.894,approaches,paragraph
270,477.0,203.299,491.0,203.299,491.0,214.894,477.0,214.894,to,paragraph
271,537.0,203.299,604.0,203.299,604.0,214.894,537.0,214.894,Deﬁnition,paragraph
272,610.0,203.299,622.0,203.299,622.0,214.894,610.0,214.894,1:,paragraph
273,630.0,203.299,643.0,203.299,643.0,215.66700000000003,630.0,215.66700000000003,A,paragraph
274,648.0,203.299,703.0,203.299,703.0,215.66700000000003,648.0,215.66700000000003,privacy,paragraph
275,708.0,203.299,753.0,203.299,753.0,215.66700000000003,708.0,215.66700000000003,policy,paragraph
276,758.0,204.845,768.0,204.845,768.0,214.894,758.0,214.894,P,paragraph
277,776.0,203.299,788.0,203.299,788.0,215.66700000000003,776.0,215.66700000000003,is,paragraph
278,793.0,203.299,801.0,203.299,801.0,215.66700000000003,793.0,215.66700000000003,a,paragraph
279,806.0,203.299,844.0,203.299,844.0,215.66700000000003,806.0,215.66700000000003,tuple,paragraph
280,849.0,204.845,860.0,204.845,860.0,214.894,849.0,214.894,P,paragraph
281,866.0,204.845,879.0,204.845,879.0,214.894,866.0,214.894,=,paragraph
282,890.0,204.845,907.0,204.845,907.0,214.894,890.0,214.894,A,,paragraph
283,909.0,204.845,921.0,204.845,921.0,214.894,909.0,214.894,E,paragraph
284,929.0,203.299,933.0,203.299,933.0,215.66700000000003,929.0,215.66700000000003,,,paragraph
285,902.0,208.71,915.0,208.71,915.0,224.94299999999998,902.0,224.94299999999998,⊆,paragraph
286,79.0,214.121,116.0,214.121,116.0,225.71599999999998,79.0,225.71599999999998,what,paragraph
287,121.0,214.121,159.0,214.121,159.0,225.71599999999998,121.0,225.71599999999998,users,paragraph
288,165.0,214.121,212.0,214.121,212.0,225.71599999999998,165.0,225.71599999999998,would,paragraph
289,217.0,214.121,236.0,214.121,236.0,225.71599999999998,217.0,225.71599999999998,do,paragraph
290,242.0,214.121,322.0,214.121,322.0,225.71599999999998,242.0,225.71599999999998,themselves,paragraph
291,327.0,214.121,396.0,214.121,396.0,225.71599999999998,327.0,225.71599999999998,manually,paragraph
292,401.0,214.121,415.0,214.121,415.0,225.71599999999998,401.0,225.71599999999998,in,paragraph
293,421.0,214.121,429.0,214.121,429.0,225.71599999999998,421.0,225.71599999999998,a,paragraph
294,435.0,214.121,491.0,214.121,491.0,225.71599999999998,435.0,225.71599999999998,number,paragraph
295,521.0,214.121,566.0,214.121,566.0,226.48899999999998,521.0,226.48899999999998,where,paragraph
296,571.0,215.66700000000003,584.0,215.66700000000003,584.0,224.94299999999998,571.0,224.94299999999998,A,paragraph
297,590.0,214.121,601.0,214.121,601.0,226.48899999999998,590.0,226.48899999999998,is,paragraph
298,607.0,214.121,630.0,214.121,630.0,226.48899999999998,607.0,226.48899999999998,the,paragraph
299,636.0,214.121,656.0,214.121,656.0,226.48899999999998,636.0,226.48899999999998,set,paragraph
300,662.0,214.121,676.0,214.121,676.0,226.48899999999998,662.0,226.48899999999998,of,paragraph
301,682.0,214.121,733.0,214.121,733.0,226.48899999999998,682.0,226.48899999999998,groups,paragraph
302,738.0,214.121,795.0,214.121,795.0,226.48899999999998,738.0,226.48899999999998,granted,paragraph
303,801.0,214.121,845.0,214.121,845.0,226.48899999999998,801.0,226.48899999999998,access,paragraph
304,851.0,214.121,878.0,214.121,878.0,226.48899999999998,851.0,226.48899999999998,and,paragraph
305,884.0,215.66700000000003,896.0,215.66700000000003,896.0,224.94299999999998,884.0,224.94299999999998,E,paragraph
306,920.0,215.66700000000003,931.0,215.66700000000003,931.0,224.94299999999998,920.0,224.94299999999998,U,paragraph
307,79.0,224.94299999999998,94.0,224.94299999999998,94.0,236.53799999999998,79.0,236.53799999999998,of,paragraph
308,99.0,224.94299999999998,173.0,224.94299999999998,173.0,236.53799999999998,99.0,236.53799999999998,situations.,paragraph
309,179.0,224.94299999999998,206.0,224.94299999999998,206.0,236.53799999999998,179.0,236.53799999999998,The,paragraph
310,211.0,224.94299999999998,259.0,224.94299999999998,259.0,236.53799999999998,211.0,236.53799999999998,results,paragraph
311,264.0,224.94299999999998,327.0,224.94299999999998,327.0,236.53799999999998,264.0,236.53799999999998,obtained,paragraph
312,333.0,224.94299999999998,388.0,224.94299999999998,388.0,236.53799999999998,333.0,236.53799999999998,suggest,paragraph
313,393.0,224.94299999999998,418.0,224.94299999999998,418.0,236.53799999999998,393.0,236.53799999999998,our,paragraph
314,423.0,224.94299999999998,491.0,224.94299999999998,491.0,236.53799999999998,423.0,236.53799999999998,proposed,paragraph
315,521.0,224.94299999999998,532.0,224.94299999999998,532.0,236.53799999999998,521.0,236.53799999999998,is,paragraph
316,538.0,224.94299999999998,546.0,224.94299999999998,546.0,236.53799999999998,538.0,236.53799999999998,a,paragraph
317,552.0,224.94299999999998,572.0,224.94299999999998,572.0,236.53799999999998,552.0,236.53799999999998,set,paragraph
318,578.0,224.94299999999998,592.0,224.94299999999998,592.0,236.53799999999998,578.0,236.53799999999998,of,paragraph
319,598.0,224.94299999999998,673.0,224.94299999999998,673.0,236.53799999999998,598.0,236.53799999999998,individual,paragraph
320,679.0,224.94299999999998,710.0,224.94299999999998,710.0,236.53799999999998,679.0,236.53799999999998,user,paragraph
321,715.0,224.94299999999998,796.0,224.94299999999998,796.0,236.53799999999998,715.0,236.53799999999998,exceptions.,paragraph
322,79.0,235.765,162.0,235.765,162.0,247.36,79.0,247.36,mechanism,paragraph
323,168.0,235.765,257.0,235.765,257.0,247.36,168.0,247.36,signiﬁcantly,paragraph
324,263.0,235.765,364.0,235.765,364.0,247.36,263.0,247.36,outperformed,paragraph
325,370.0,235.765,408.0,235.765,408.0,247.36,370.0,247.36,other,paragraph
326,414.0,235.765,491.0,235.765,491.0,247.36,414.0,247.36,previously,paragraph
327,537.0,235.765,564.0,235.765,564.0,248.133,537.0,248.133,The,paragraph
328,574.0,235.765,645.0,235.765,645.0,248.133,574.0,248.133,semantics,paragraph
329,655.0,235.765,670.0,235.765,670.0,248.133,655.0,248.133,of,paragraph
330,680.0,235.765,688.0,235.765,688.0,248.133,680.0,248.133,a,paragraph
331,698.0,235.765,789.0,235.765,789.0,248.133,698.0,248.133,group-based,paragraph
332,799.0,235.765,854.0,235.765,854.0,248.133,799.0,248.133,privacy,paragraph
333,864.0,235.765,908.0,235.765,908.0,248.133,864.0,248.133,policy,paragraph
334,918.0,235.765,933.0,235.765,933.0,248.133,918.0,248.133,in,paragraph
335,79.0,245.814,148.0,245.814,148.0,258.182,79.0,258.182,proposed,paragraph
336,153.0,245.814,235.0,245.814,235.0,258.182,153.0,258.182,approaches,paragraph
337,241.0,245.814,255.0,245.814,255.0,258.182,241.0,258.182,in,paragraph
338,261.0,245.814,301.0,245.814,301.0,258.182,261.0,258.182,terms,paragraph
339,307.0,245.814,321.0,245.814,321.0,258.182,307.0,258.182,of,paragraph
340,327.0,245.814,349.0,245.814,349.0,258.182,327.0,258.182,the,paragraph
341,355.0,245.814,412.0,245.814,412.0,258.182,355.0,258.182,number,paragraph
342,417.0,245.814,431.0,245.814,431.0,258.182,417.0,258.182,of,paragraph
343,437.0,245.814,476.0,245.814,476.0,258.182,437.0,258.182,times,paragraph
344,481.0,245.814,491.0,245.814,491.0,258.182,481.0,258.182,it,paragraph
345,521.0,246.58700000000002,556.0,246.58700000000002,556.0,258.182,521.0,258.182,most,paragraph
346,566.0,246.58700000000002,608.0,246.58700000000002,608.0,258.182,566.0,258.182,Social,paragraph
347,618.0,246.58700000000002,664.0,246.58700000000002,664.0,258.182,618.0,258.182,Media,paragraph
348,674.0,246.58700000000002,700.0,246.58700000000002,700.0,258.182,674.0,258.182,are:,paragraph
349,710.0,248.133,738.0,248.133,738.0,257.409,710.0,257.409,P.A,paragraph
350,748.0,246.58700000000002,770.0,246.58700000000002,770.0,258.182,748.0,258.182,are,paragraph
351,780.0,246.58700000000002,802.0,246.58700000000002,802.0,258.182,780.0,258.182,the,paragraph
352,812.0,246.58700000000002,863.0,246.58700000000002,863.0,258.182,812.0,258.182,groups,paragraph
353,873.0,246.58700000000002,901.0,246.58700000000002,901.0,258.182,873.0,258.182,that,paragraph
354,911.0,246.58700000000002,933.0,246.58700000000002,933.0,258.182,911.0,258.182,are,paragraph
355,79.0,256.636,142.0,256.636,142.0,269.00399999999996,79.0,269.00399999999996,matched,paragraph
356,147.0,256.636,238.0,256.636,238.0,269.00399999999996,147.0,269.00399999999996,participants’,paragraph
357,244.0,256.636,317.0,256.636,317.0,269.00399999999996,244.0,269.00399999999996,behaviour,paragraph
358,323.0,256.636,337.0,256.636,337.0,269.00399999999996,323.0,269.00399999999996,in,paragraph
359,343.0,256.636,365.0,256.636,365.0,269.00399999999996,343.0,269.00399999999996,the,paragraph
360,371.0,256.636,414.0,256.636,414.0,269.00399999999996,371.0,269.00399999999996,study.,paragraph
361,521.0,256.636,589.0,256.636,589.0,269.00399999999996,521.0,269.00399999999996,authorised,paragraph
362,597.0,257.409,617.0,257.409,617.0,269.00399999999996,597.0,269.00399999999996,(or,paragraph
363,625.0,257.409,686.0,257.409,686.0,269.00399999999996,625.0,269.00399999999996,granted),paragraph
364,694.0,257.409,738.0,257.409,738.0,269.00399999999996,694.0,269.00399999999996,access,paragraph
365,745.0,257.409,759.0,257.409,759.0,269.00399999999996,745.0,269.00399999999996,to,paragraph
366,767.0,257.409,789.0,257.409,789.0,269.00399999999996,767.0,269.00399999999996,the,paragraph
367,796.0,257.409,833.0,257.409,833.0,269.00399999999996,796.0,269.00399999999996,item;,paragraph
368,840.0,257.409,868.0,257.409,868.0,269.00399999999996,840.0,269.00399999999996,and,paragraph
369,875.0,258.95500000000004,902.0,258.95500000000004,902.0,268.231,875.0,268.231,P.E,paragraph
370,911.0,257.409,933.0,257.409,933.0,269.00399999999996,911.0,269.00399999999996,are,paragraph
371,80.0,268.231,91.0,268.231,91.0,282.918,80.0,282.918,2,section
372,111.0,268.231,236.0,268.231,236.0,282.918,111.0,282.918,BACKGROUND,section
373,521.0,268.231,529.0,268.231,529.0,279.82599999999996,521.0,279.82599999999996,a,paragraph
374,538.0,268.231,558.0,268.231,558.0,279.82599999999996,538.0,279.82599999999996,set,paragraph
375,568.0,268.231,582.0,268.231,582.0,279.82599999999996,568.0,279.82599999999996,of,paragraph
376,592.0,268.231,667.0,268.231,667.0,279.82599999999996,592.0,279.82599999999996,individual,paragraph
377,677.0,268.231,753.0,268.231,753.0,279.82599999999996,677.0,279.82599999999996,exceptions,paragraph
378,762.0,268.231,779.0,268.231,779.0,279.82599999999996,762.0,279.82599999999996,—,paragraph
379,788.0,268.231,830.0,268.231,830.0,279.82599999999996,788.0,279.82599999999996,either,paragraph
380,839.0,268.231,877.0,268.231,877.0,279.82599999999996,839.0,279.82599999999996,users,paragraph
381,886.0,268.231,901.0,268.231,901.0,279.82599999999996,886.0,279.82599999999996,in,paragraph
382,910.0,268.231,933.0,268.231,933.0,279.82599999999996,910.0,279.82599999999996,the,paragraph
383,521.0,279.053,598.0,279.053,598.0,290.648,521.0,290.648,authorised,paragraph
384,606.0,279.053,657.0,279.053,657.0,290.648,606.0,290.648,groups,paragraph
385,664.0,279.053,696.0,279.053,696.0,290.648,664.0,290.648,who,paragraph
386,704.0,279.053,726.0,279.053,726.0,290.648,704.0,290.648,are,paragraph
387,734.0,279.053,784.0,279.053,784.0,290.648,734.0,290.648,denied,paragraph
388,791.0,279.053,836.0,279.053,836.0,290.648,791.0,290.648,access,paragraph
389,843.0,279.053,933.0,279.053,933.0,290.648,843.0,290.648,individually,paragraph
390,96.0,288.329,154.0,288.329,154.0,299.92400000000004,96.0,299.92400000000004,Assume,paragraph
391,159.0,288.329,167.0,288.329,167.0,299.92400000000004,159.0,299.92400000000004,a,paragraph
392,172.0,288.329,209.0,288.329,209.0,299.92400000000004,172.0,299.92400000000004,ﬁnite,paragraph
393,214.0,288.329,234.0,288.329,234.0,299.92400000000004,214.0,299.92400000000004,set,paragraph
394,239.0,288.329,253.0,288.329,253.0,299.92400000000004,239.0,299.92400000000004,of,paragraph
395,258.0,288.329,296.0,288.329,296.0,299.92400000000004,258.0,299.92400000000004,users,paragraph
396,300.0,288.329,317.0,288.329,317.0,299.92400000000004,300.0,299.92400000000004,U,,paragraph
397,322.0,288.329,367.0,288.329,367.0,299.92400000000004,322.0,299.92400000000004,where,paragraph
398,372.0,288.329,380.0,288.329,380.0,299.92400000000004,372.0,299.92400000000004,a,paragraph
399,385.0,288.329,422.0,288.329,422.0,299.92400000000004,385.0,299.92400000000004,ﬁnite,paragraph
400,427.0,288.329,472.0,288.329,472.0,299.92400000000004,427.0,299.92400000000004,subset,paragraph
401,477.0,288.329,491.0,288.329,491.0,299.92400000000004,477.0,299.92400000000004,of,paragraph
402,521.0,289.102,536.0,289.102,536.0,301.47,521.0,301.47,or,paragraph
403,544.0,289.102,582.0,289.102,582.0,301.47,544.0,301.47,users,paragraph
404,591.0,289.102,623.0,289.102,623.0,301.47,591.0,301.47,who,paragraph
405,631.0,289.102,653.0,289.102,653.0,301.47,631.0,301.47,are,paragraph
406,661.0,289.102,717.0,289.102,717.0,301.47,661.0,301.47,granted,paragraph
407,726.0,289.102,770.0,289.102,770.0,301.47,726.0,301.47,access,paragraph
408,778.0,289.102,868.0,289.102,868.0,301.47,778.0,301.47,individually,paragraph
409,876.0,289.102,933.0,289.102,933.0,301.47,876.0,301.47,because,paragraph
410,225.0,292.967,237.0,292.967,237.0,309.973,225.0,309.973,⊆,paragraph
411,79.0,298.378,155.0,298.378,155.0,310.74600000000004,79.0,310.74600000000004,negotiating,paragraph
412,161.0,299.151,198.0,299.151,198.0,310.74600000000004,161.0,310.74600000000004,users,paragraph
413,205.0,300.697,218.0,300.697,218.0,309.973,205.0,309.973,N,paragraph
414,242.0,299.151,259.0,299.151,259.0,310.74600000000004,242.0,310.74600000000004,U,,paragraph
415,265.0,299.151,332.0,299.151,332.0,310.74600000000004,265.0,310.74600000000004,negotiate,paragraph
416,338.0,299.151,398.0,299.151,398.0,310.74600000000004,338.0,310.74600000000004,whether,paragraph
417,404.0,299.151,436.0,299.151,436.0,310.74600000000004,404.0,310.74600000000004,they,paragraph
418,442.0,299.151,491.0,299.151,491.0,310.74600000000004,442.0,310.74600000000004,should,paragraph
419,521.0,299.92400000000004,552.0,299.92400000000004,552.0,312.29200000000003,521.0,312.29200000000003,they,paragraph
420,561.0,299.92400000000004,584.0,299.92400000000004,584.0,312.29200000000003,561.0,312.29200000000003,are,paragraph
421,593.0,299.92400000000004,607.0,299.92400000000004,607.0,312.29200000000003,593.0,312.29200000000003,in,paragraph
422,616.0,299.92400000000004,639.0,299.92400000000004,639.0,312.29200000000003,616.0,312.29200000000003,the,paragraph
423,648.0,299.92400000000004,744.0,299.92400000000004,744.0,312.29200000000003,648.0,312.29200000000003,unauthorised,paragraph
424,753.0,299.92400000000004,804.0,299.92400000000004,804.0,312.29200000000003,753.0,312.29200000000003,groups,paragraph
425,813.0,299.92400000000004,869.0,299.92400000000004,869.0,312.29200000000003,813.0,312.29200000000003,(groups,paragraph
426,878.0,299.92400000000004,902.0,299.92400000000004,902.0,312.29200000000003,878.0,312.29200000000003,not,paragraph
427,911.0,299.92400000000004,933.0,299.92400000000004,933.0,312.29200000000003,911.0,312.29200000000003,ex-,paragraph
428,372.0,304.562,385.0,304.562,385.0,320.79499999999996,372.0,320.79499999999996,⊆,paragraph
429,79.0,309.973,118.0,309.973,118.0,322.341,79.0,322.341,grant,paragraph
430,125.0,309.973,133.0,309.973,133.0,322.341,125.0,322.341,a,paragraph
431,140.0,309.973,177.0,309.973,177.0,322.341,140.0,322.341,ﬁnite,paragraph
432,184.0,309.973,229.0,309.973,229.0,322.341,184.0,322.341,subset,paragraph
433,236.0,309.973,251.0,309.973,251.0,322.341,236.0,322.341,of,paragraph
434,257.0,309.973,296.0,309.973,296.0,321.568,257.0,321.568,target,paragraph
435,303.0,309.20000000000005,346.0,309.20000000000005,346.0,322.341,303.0,322.341,users1,paragraph
436,354.0,311.519,363.0,311.519,363.0,320.79499999999996,354.0,320.79499999999996,T,paragraph
437,392.0,311.519,403.0,311.519,403.0,320.79499999999996,392.0,320.79499999999996,U,paragraph
438,411.0,309.973,455.0,309.973,455.0,322.341,411.0,322.341,access,paragraph
439,462.0,309.973,476.0,309.973,476.0,322.341,462.0,322.341,to,paragraph
440,483.0,309.973,491.0,309.973,491.0,322.341,483.0,322.341,a,paragraph
441,521.0,310.74600000000004,571.0,310.74600000000004,571.0,322.341,521.0,322.341,plicitly,paragraph
442,577.0,310.74600000000004,634.0,310.74600000000004,634.0,322.341,577.0,322.341,granted,paragraph
443,640.0,310.74600000000004,694.0,310.74600000000004,694.0,322.341,640.0,322.341,access).,paragraph
444,700.0,310.74600000000004,783.0,310.74600000000004,783.0,322.341,700.0,322.341,Continuing,paragraph
445,789.0,310.74600000000004,812.0,310.74600000000004,812.0,322.341,789.0,322.341,the,paragraph
446,818.0,310.74600000000004,879.0,310.74600000000004,879.0,322.341,818.0,322.341,example,paragraph
447,886.0,310.74600000000004,933.0,310.74600000000004,933.0,322.341,886.0,322.341,above,,paragraph
448,79.0,320.79499999999996,150.0,320.79499999999996,150.0,332.39,79.0,332.39,particular,paragraph
449,158.0,320.79499999999996,229.0,320.79499999999996,229.0,332.39,158.0,332.39,co-owned,paragraph
450,237.0,320.79499999999996,273.0,320.79499999999996,273.0,332.39,237.0,332.39,item.,paragraph
451,281.0,320.79499999999996,305.0,320.79499999999996,305.0,332.39,281.0,332.39,For,paragraph
452,313.0,320.79499999999996,376.0,320.79499999999996,376.0,332.39,313.0,332.39,instance,,paragraph
453,384.0,320.79499999999996,421.0,320.79499999999996,421.0,332.39,384.0,332.39,Alice,paragraph
454,428.0,320.79499999999996,456.0,320.79499999999996,456.0,332.39,428.0,332.39,and,paragraph
455,464.0,320.79499999999996,491.0,320.79499999999996,491.0,332.39,464.0,332.39,Bob,paragraph
456,521.0,321.568,558.0,321.568,558.0,333.163,521.0,333.163,Alice,paragraph
457,565.0,321.568,616.0,321.568,616.0,333.163,565.0,333.163,deﬁnes,paragraph
458,623.0,321.568,647.0,321.568,647.0,333.163,623.0,333.163,her,paragraph
459,654.0,321.568,729.0,321.568,729.0,333.163,654.0,333.163,individual,paragraph
460,736.0,321.568,791.0,321.568,791.0,333.163,736.0,333.163,privacy,paragraph
461,797.0,321.568,842.0,321.568,842.0,333.163,797.0,333.163,policy,paragraph
462,849.0,321.568,869.0,321.568,869.0,333.163,849.0,333.163,for,paragraph
463,876.0,321.568,894.0,321.568,894.0,333.163,876.0,333.163,an,paragraph
464,900.0,321.568,933.0,321.568,933.0,333.163,900.0,333.163,item,paragraph
465,614.0,326.206,628.0,326.206,628.0,343.212,614.0,343.212,(cid:104){,paragraph
466,745.0,326.206,753.0,326.206,753.0,343.212,745.0,343.212,},paragraph
467,761.0,326.206,769.0,326.206,769.0,343.212,761.0,343.212,{,paragraph
468,837.0,326.206,852.0,326.206,852.0,343.212,837.0,343.212,}(cid:105),paragraph
469,79.0,331.617,167.0,331.617,167.0,343.212,79.0,343.212,(negotiating,paragraph
470,172.0,331.617,216.0,331.617,216.0,343.212,172.0,343.212,users),paragraph
471,221.0,331.617,287.0,331.617,287.0,343.212,221.0,343.212,negotiate,paragraph
472,293.0,331.617,334.0,331.617,334.0,343.212,293.0,343.212,about,paragraph
473,339.0,331.617,399.0,331.617,399.0,343.212,339.0,343.212,whether,paragraph
474,405.0,331.617,436.0,331.617,436.0,343.212,405.0,343.212,they,paragraph
475,442.0,331.617,491.0,331.617,491.0,343.212,442.0,343.212,should,paragraph
476,521.0,332.39,536.0,332.39,536.0,343.985,521.0,343.985,as,paragraph
477,543.0,333.163,554.0,333.163,554.0,343.212,543.0,343.212,P,paragraph
478,593.0,333.163,606.0,333.163,606.0,343.212,593.0,343.212,=,paragraph
479,628.0,332.39,745.0,332.39,745.0,342.439,628.0,342.439,CloseFriends,paragraph
480,753.0,333.163,758.0,333.163,758.0,343.212,753.0,343.212,,,paragraph
481,769.0,332.39,837.0,332.39,837.0,342.439,769.0,342.439,Charlie,paragraph
482,852.0,332.39,856.0,332.39,856.0,343.985,852.0,343.985,,,paragraph
483,863.0,332.39,888.0,332.39,888.0,343.985,863.0,343.985,i.e.,,paragraph
484,895.0,332.39,933.0,332.39,933.0,343.985,895.0,343.985,Alice,paragraph
485,554.0,337.028,584.0,337.028,584.0,343.985,554.0,343.985,Alice,paragraph
486,79.0,342.439,118.0,342.439,118.0,354.034,79.0,354.034,grant,paragraph
487,126.0,342.439,179.0,342.439,179.0,354.034,126.0,354.034,Charlie,paragraph
488,188.0,342.439,235.0,342.439,235.0,354.034,188.0,354.034,(target,paragraph
489,244.0,342.439,280.0,342.439,280.0,354.034,244.0,354.034,user),paragraph
490,289.0,342.439,333.0,342.439,333.0,354.034,289.0,354.034,access,paragraph
491,341.0,342.439,355.0,342.439,355.0,354.034,341.0,354.034,to,paragraph
492,364.0,342.439,372.0,342.439,372.0,354.034,364.0,354.034,a,paragraph
493,381.0,342.439,423.0,342.439,423.0,354.034,381.0,354.034,photo,paragraph
494,432.0,342.439,446.0,342.439,446.0,354.034,432.0,354.034,of,paragraph
495,454.0,342.439,491.0,342.439,491.0,354.034,454.0,354.034,them,paragraph
496,521.0,343.212,564.0,343.212,564.0,354.807,521.0,354.807,wants,paragraph
497,574.0,343.212,588.0,343.212,588.0,354.807,574.0,354.807,to,paragraph
498,598.0,343.212,636.0,343.212,636.0,354.807,598.0,354.807,share,paragraph
499,646.0,343.212,668.0,343.212,668.0,354.807,646.0,354.807,the,paragraph
500,678.0,343.212,710.0,343.212,710.0,354.807,678.0,354.807,item,paragraph
501,720.0,343.212,752.0,343.212,752.0,354.807,720.0,354.807,only,paragraph
502,762.0,343.212,795.0,343.212,795.0,354.807,762.0,354.807,with,paragraph
503,805.0,343.212,899.0,343.212,899.0,354.807,805.0,354.807,CloseFriends,paragraph
504,909.0,343.212,933.0,343.212,933.0,354.807,909.0,354.807,but,paragraph
505,79.0,352.488,142.0,352.488,142.0,364.856,79.0,364.856,depicted,paragraph
506,151.0,352.488,214.0,352.488,214.0,364.856,151.0,364.856,together.,paragraph
507,223.0,352.488,248.0,352.488,248.0,364.856,223.0,364.856,For,paragraph
508,257.0,352.488,328.0,352.488,328.0,364.856,257.0,364.856,simplicity,paragraph
509,338.0,352.488,365.0,352.488,365.0,364.856,338.0,364.856,and,paragraph
510,374.0,352.488,431.0,352.488,431.0,364.856,374.0,364.856,without,paragraph
511,441.0,352.488,468.0,352.488,468.0,364.856,441.0,364.856,loss,paragraph
512,477.0,352.488,491.0,352.488,491.0,364.856,477.0,364.856,of,paragraph
513,521.0,353.261,592.0,353.261,592.0,365.62899999999996,521.0,365.62899999999996,excluding,paragraph
514,598.0,353.261,655.0,353.261,655.0,365.62899999999996,598.0,365.62899999999996,Charlie.,paragraph
515,79.0,363.31,154.0,363.31,154.0,375.678,79.0,375.678,generality,,paragraph
516,161.0,363.31,183.0,363.31,183.0,375.678,161.0,375.678,we,paragraph
517,190.0,363.31,218.0,363.31,218.0,375.678,190.0,375.678,will,paragraph
518,225.0,363.31,286.0,363.31,286.0,375.678,225.0,375.678,consider,paragraph
519,294.0,363.31,302.0,363.31,302.0,375.678,294.0,375.678,a,paragraph
520,309.0,363.31,391.0,363.31,391.0,375.678,309.0,375.678,negotiation,paragraph
521,398.0,363.31,419.0,363.31,419.0,375.678,398.0,375.678,for,paragraph
522,426.0,363.31,452.0,363.31,452.0,375.678,426.0,375.678,one,paragraph
523,459.0,363.31,491.0,363.31,491.0,375.678,459.0,375.678,item,paragraph
524,79.0,374.132,112.0,374.132,112.0,386.5,79.0,386.5,over,paragraph
525,117.0,374.132,139.0,374.132,139.0,386.5,117.0,386.5,the,paragraph
526,144.0,374.132,191.0,374.132,191.0,386.5,144.0,386.5,course,paragraph
527,196.0,374.132,210.0,374.132,210.0,386.5,196.0,386.5,of,paragraph
528,215.0,374.132,241.0,374.132,241.0,386.5,215.0,386.5,this,paragraph
529,246.0,374.132,288.0,374.132,288.0,386.5,246.0,386.5,paper,paragraph
530,292.0,374.132,309.0,374.132,309.0,386.5,292.0,386.5,—,paragraph
531,313.0,374.132,342.0,374.132,342.0,386.5,313.0,386.5,e.g.,,paragraph
532,347.0,374.132,355.0,374.132,355.0,386.5,347.0,386.5,a,paragraph
533,360.0,374.132,402.0,374.132,402.0,386.5,360.0,386.5,photo,paragraph
534,407.0,374.132,435.0,374.132,435.0,386.5,407.0,386.5,that,paragraph
535,440.0,374.132,491.0,374.132,491.0,386.5,440.0,386.5,depicts,paragraph
536,521.0,374.132,543.0,374.132,543.0,385.727,521.0,385.727,2.2,section
537,560.0,374.132,624.0,374.132,624.0,385.727,560.0,385.727,Problem,section
538,629.0,374.132,708.0,374.132,708.0,385.727,629.0,385.727,Statement,section
539,79.0,384.954,102.0,384.954,102.0,396.54900000000004,79.0,396.54900000000004,the,paragraph
540,108.0,384.954,190.0,384.954,190.0,396.54900000000004,108.0,396.54900000000004,negotiating,paragraph
541,196.0,384.954,234.0,384.954,234.0,396.54900000000004,196.0,396.54900000000004,users,paragraph
542,241.0,384.954,301.0,384.954,301.0,396.54900000000004,241.0,396.54900000000004,together,paragraph
543,307.0,384.954,323.0,384.954,323.0,396.54900000000004,307.0,396.54900000000004,—,paragraph
544,329.0,384.954,357.0,384.954,357.0,396.54900000000004,329.0,396.54900000000004,and,paragraph
545,363.0,384.954,409.0,384.954,409.0,396.54900000000004,363.0,396.54900000000004,hence,,paragraph
546,415.0,384.954,437.0,384.954,437.0,396.54900000000004,415.0,396.54900000000004,we,paragraph
547,443.0,384.954,462.0,384.954,462.0,396.54900000000004,443.0,396.54900000000004,do,paragraph
548,468.0,384.954,491.0,384.954,491.0,396.54900000000004,468.0,396.54900000000004,not,paragraph
549,809.0,383.408,817.0,383.408,817.0,400.414,809.0,400.414,{,paragraph
550,888.0,383.408,896.0,383.408,896.0,400.414,888.0,400.414,},paragraph
551,537.0,389.592,581.0,389.592,581.0,401.187,537.0,401.187,Given,paragraph
552,585.0,389.592,594.0,389.592,594.0,401.187,585.0,401.187,a,paragraph
553,598.0,389.592,618.0,389.592,618.0,401.187,598.0,401.187,set,paragraph
554,623.0,389.592,638.0,389.592,638.0,401.187,623.0,401.187,of,paragraph
555,643.0,389.592,724.0,389.592,724.0,401.187,643.0,401.187,negotiating,paragraph
556,729.0,389.592,767.0,389.592,767.0,401.187,729.0,401.187,users,paragraph
557,772.0,391.138,785.0,391.138,785.0,400.414,772.0,400.414,N,paragraph
558,791.0,391.138,804.0,391.138,804.0,400.414,791.0,400.414,=,paragraph
559,817.0,391.138,826.0,391.138,826.0,400.414,817.0,400.414,n,paragraph
560,834.0,391.138,838.0,391.138,838.0,400.414,834.0,400.414,,,paragraph
561,841.0,391.138,846.0,391.138,846.0,400.414,841.0,400.414,.,paragraph
562,848.0,391.138,853.0,391.138,853.0,400.414,848.0,400.414,.,paragraph
563,855.0,391.138,860.0,391.138,860.0,400.414,855.0,400.414,.,paragraph
564,863.0,391.138,867.0,391.138,867.0,400.414,863.0,400.414,,,paragraph
565,870.0,391.138,880.0,391.138,880.0,400.414,870.0,400.414,n,paragraph
566,901.0,389.592,933.0,389.592,933.0,401.187,901.0,401.187,who,paragraph
567,79.0,395.776,198.0,395.776,198.0,410.463,79.0,410.463,i2n.1cludInedainvyidaudadl,section
568,198.0,395.776,247.0,395.776,247.0,410.463,198.0,410.463,iPtiroivnaacl,section
569,247.0,395.776,363.0,395.776,363.0,410.463,247.0,410.463,ynoPtraetifoenrefnocretshe,section
570,369.0,395.776,401.0,395.776,401.0,407.37100000000004,369.0,407.37100000000004,item,paragraph
571,406.0,395.776,420.0,395.776,420.0,407.37100000000004,406.0,407.37100000000004,in,paragraph
572,425.0,395.776,491.0,395.776,491.0,407.37100000000004,425.0,407.37100000000004,question.,paragraph
573,521.0,400.414,574.0,400.414,574.0,412.009,521.0,412.009,co-own,paragraph
574,581.0,400.414,598.0,400.414,598.0,412.009,581.0,412.009,an,paragraph
575,605.0,400.414,637.0,400.414,637.0,412.009,605.0,412.009,item,paragraph
576,644.0,400.414,660.0,400.414,660.0,412.009,644.0,412.009,—,paragraph
577,667.0,400.414,692.0,400.414,692.0,412.009,667.0,412.009,i.e.,,paragraph
578,698.0,400.414,735.0,400.414,735.0,412.009,698.0,412.009,there,paragraph
579,742.0,400.414,753.0,400.414,753.0,412.009,742.0,412.009,is,paragraph
580,760.0,400.414,786.0,400.414,786.0,412.009,760.0,412.009,one,paragraph
581,793.0,395.003,855.0,395.003,855.0,411.23600000000005,793.0,411.23600000000005,uploa1der,paragraph
582,862.0,394.23,873.0,394.23,873.0,411.23600000000005,862.0,411.23600000000005,∈,paragraph
583,879.0,395.003,892.0,395.003,892.0,411.23600000000005,879.0,411.23600000000005,Nk,paragraph
584,901.0,400.414,933.0,400.414,933.0,412.009,901.0,412.009,who,paragraph
585,96.0,415.101,182.0,415.101,182.0,426.696,96.0,426.696,Negotiating,paragraph
586,189.0,415.101,227.0,415.101,227.0,426.696,189.0,426.696,users,paragraph
587,233.0,415.101,268.0,415.101,268.0,426.696,233.0,426.696,have,paragraph
588,275.0,415.101,309.0,415.101,309.0,426.696,275.0,426.696,their,paragraph
589,316.0,415.101,348.0,415.101,348.0,426.696,316.0,426.696,own,paragraph
590,354.0,415.101,430.0,415.101,430.0,426.696,354.0,426.696,individual,paragraph
591,437.0,415.101,491.0,415.101,491.0,426.696,437.0,426.696,privacy,paragraph
592,521.0,411.23600000000005,579.0,411.23600000000005,579.0,422.831,521.0,422.831,uploads,paragraph
593,585.0,411.23600000000005,608.0,411.23600000000005,608.0,422.831,585.0,422.831,the,paragraph
594,615.0,411.23600000000005,647.0,411.23600000000005,647.0,422.831,615.0,422.831,item,paragraph
595,653.0,411.23600000000005,667.0,411.23600000000005,667.0,422.831,653.0,422.831,to,paragraph
596,674.0,411.23600000000005,715.0,411.23600000000005,715.0,422.831,674.0,422.831,social,paragraph
597,721.0,411.23600000000005,766.0,411.23600000000005,766.0,422.831,721.0,422.831,media,paragraph
598,773.0,411.23600000000005,800.0,411.23600000000005,800.0,422.831,773.0,422.831,and,paragraph
599,807.0,411.23600000000005,829.0,411.23600000000005,829.0,422.831,807.0,422.831,the,paragraph
600,836.0,411.23600000000005,862.0,411.23600000000005,862.0,422.831,836.0,422.831,rest,paragraph
601,869.0,411.23600000000005,883.0,411.23600000000005,883.0,422.831,869.0,422.831,in,paragraph
602,889.0,412.009,902.0,412.009,902.0,422.05800000000005,889.0,422.05800000000005,N,paragraph
603,911.0,411.23600000000005,933.0,411.23600000000005,933.0,422.831,911.0,422.831,are,paragraph
604,521.0,421.285,559.0,421.285,559.0,433.653,521.0,433.653,users,paragraph
605,563.0,421.285,620.0,421.285,620.0,433.653,563.0,433.653,affected,paragraph
606,625.0,421.285,643.0,421.285,643.0,433.653,625.0,433.653,by,paragraph
607,648.0,421.285,670.0,421.285,670.0,433.653,648.0,433.653,the,paragraph
608,675.0,421.285,711.0,421.285,711.0,433.653,675.0,433.653,item;,paragraph
609,716.0,421.285,744.0,421.285,744.0,433.653,716.0,433.653,and,paragraph
610,748.0,421.285,782.0,421.285,782.0,433.653,748.0,433.653,their,paragraph
611,787.0,421.285,862.0,421.285,862.0,433.653,787.0,433.653,individual,paragraph
612,867.0,421.285,933.0,421.285,933.0,433.653,867.0,433.653,(possibly,paragraph
613,79.0,425.92300000000006,162.0,425.92300000000006,162.0,437.518,79.0,437.518,preferences,paragraph
614,171.0,425.92300000000006,212.0,425.92300000000006,212.0,437.518,171.0,437.518,about,paragraph
615,222.0,425.92300000000006,244.0,425.92300000000006,244.0,437.518,222.0,437.518,the,paragraph
616,254.0,425.92300000000006,286.0,425.92300000000006,286.0,437.518,254.0,437.518,item,paragraph
617,295.0,425.92300000000006,311.0,425.92300000000006,311.0,437.518,295.0,437.518,—,paragraph
618,321.0,425.92300000000006,345.0,425.92300000000006,345.0,437.518,321.0,437.518,i.e.,,paragraph
619,355.0,425.92300000000006,369.0,425.92300000000006,369.0,437.518,355.0,437.518,to,paragraph
620,378.0,425.92300000000006,425.0,425.92300000000006,425.0,437.518,378.0,437.518,whom,paragraph
621,434.0,425.92300000000006,448.0,425.92300000000006,448.0,437.518,434.0,437.518,of,paragraph
622,458.0,425.92300000000006,491.0,425.92300000000006,491.0,437.518,458.0,437.518,their,paragraph
623,79.0,436.74499999999995,125.0,436.74499999999995,125.0,448.34,79.0,448.34,online,paragraph
624,135.0,436.74499999999995,186.0,436.74499999999995,186.0,448.34,135.0,448.34,friends,paragraph
625,196.0,436.74499999999995,228.0,436.74499999999995,228.0,448.34,196.0,448.34,they,paragraph
626,238.0,436.74499999999995,285.0,436.74499999999995,285.0,448.34,238.0,448.34,would,paragraph
627,296.0,436.74499999999995,322.0,436.74499999999995,322.0,448.34,296.0,448.34,like,paragraph
628,332.0,436.74499999999995,346.0,436.74499999999995,346.0,448.34,332.0,448.34,to,paragraph
629,357.0,436.74499999999995,395.0,436.74499999999995,395.0,448.34,357.0,448.34,share,paragraph
630,406.0,436.74499999999995,428.0,436.74499999999995,428.0,448.34,406.0,448.34,the,paragraph
631,439.0,436.74499999999995,471.0,436.74499999999995,471.0,448.34,439.0,448.34,item,paragraph
632,481.0,436.74499999999995,491.0,436.74499999999995,491.0,448.34,481.0,448.34,if,paragraph
633,521.0,432.107,602.0,432.107,602.0,444.47499999999997,521.0,444.47499999999997,conﬂicting),paragraph
634,610.0,432.107,665.0,432.107,665.0,444.47499999999997,610.0,444.47499999999997,privacy,paragraph
635,673.0,432.107,727.0,432.107,727.0,444.47499999999997,673.0,444.47499999999997,policies,paragraph
636,735.0,433.653,766.0,433.653,766.0,445.248,735.0,445.248,Pn1,,paragraph
637,768.0,433.653,773.0,433.653,773.0,443.70199999999994,768.0,443.70199999999994,.,paragraph
638,775.0,433.653,780.0,433.653,780.0,443.70199999999994,775.0,443.70199999999994,.,paragraph
639,783.0,433.653,787.0,433.653,787.0,443.70199999999994,783.0,443.70199999999994,.,paragraph
640,790.0,433.653,794.0,433.653,794.0,443.70199999999994,790.0,443.70199999999994,,,paragraph
641,797.0,433.653,822.0,433.653,822.0,445.248,797.0,445.248,Pnk,paragraph
642,832.0,432.107,852.0,432.107,852.0,444.47499999999997,832.0,444.47499999999997,for,paragraph
643,860.0,432.107,888.0,432.107,888.0,444.47499999999997,860.0,444.47499999999997,that,paragraph
644,896.0,432.107,933.0,432.107,933.0,444.47499999999997,896.0,444.47499999999997,item;,paragraph
645,521.0,442.929,553.0,442.929,553.0,455.29699999999997,521.0,455.29699999999997,how,paragraph
646,557.0,442.929,582.0,442.929,582.0,455.29699999999997,557.0,455.29699999999997,can,paragraph
647,586.0,442.929,608.0,442.929,608.0,455.29699999999997,586.0,455.29699999999997,the,paragraph
648,612.0,442.929,694.0,442.929,694.0,455.29699999999997,612.0,455.29699999999997,negotiating,paragraph
649,699.0,442.929,736.0,442.929,736.0,455.29699999999997,699.0,455.29699999999997,users,paragraph
650,741.0,442.929,779.0,442.929,779.0,455.29699999999997,741.0,455.29699999999997,agree,paragraph
651,784.0,442.929,802.0,442.929,802.0,455.29699999999997,784.0,455.29699999999997,on,paragraph
652,806.0,442.929,839.0,442.929,839.0,455.29699999999997,806.0,455.29699999999997,with,paragraph
653,843.0,442.929,894.0,442.929,894.0,455.29699999999997,843.0,455.29699999999997,whom,,paragraph
654,898.0,442.929,933.0,442.929,933.0,455.29699999999997,898.0,455.29699999999997,from,paragraph
655,79.0,446.794,111.0,446.794,111.0,459.162,79.0,459.162,they,paragraph
656,120.0,446.794,155.0,446.794,155.0,459.162,120.0,459.162,were,paragraph
657,164.0,446.794,178.0,446.794,178.0,459.162,164.0,459.162,to,paragraph
658,187.0,446.794,235.0,446.794,235.0,459.162,187.0,459.162,decide,paragraph
659,244.0,446.794,254.0,446.794,254.0,459.162,244.0,459.162,it,paragraph
660,263.0,446.794,348.0,446.794,348.0,459.162,263.0,459.162,unilaterally.,paragraph
661,357.0,446.794,372.0,446.794,372.0,459.162,357.0,459.162,In,paragraph
662,381.0,446.794,407.0,446.794,407.0,459.162,381.0,459.162,this,paragraph
663,416.0,446.794,461.0,446.794,461.0,459.162,416.0,459.162,paper,,paragraph
664,470.0,446.794,491.0,446.794,491.0,459.162,470.0,459.162,we,paragraph
665,773.0,447.56699999999995,781.0,447.56699999999995,781.0,464.573,773.0,464.573,{,paragraph
666,849.0,447.56699999999995,857.0,447.56699999999995,857.0,464.573,849.0,464.573,},paragraph
667,79.0,457.616,133.0,457.616,133.0,469.984,79.0,469.984,assume,paragraph
668,137.0,457.616,219.0,457.616,219.0,469.984,137.0,469.984,negotiating,paragraph
669,223.0,457.616,261.0,457.616,261.0,469.984,223.0,469.984,users,paragraph
670,265.0,457.616,316.0,457.616,316.0,469.984,265.0,469.984,specify,paragraph
671,320.0,457.616,354.0,457.616,354.0,469.984,320.0,469.984,their,paragraph
672,357.0,457.616,433.0,457.616,433.0,469.984,357.0,469.984,individual,paragraph
673,437.0,457.616,491.0,457.616,491.0,469.984,437.0,469.984,privacy,paragraph
674,521.0,453.751,543.0,453.751,543.0,465.346,521.0,465.346,the,paragraph
675,552.0,453.751,572.0,453.751,572.0,465.346,552.0,465.346,set,paragraph
676,580.0,453.751,594.0,453.751,594.0,465.346,580.0,465.346,of,paragraph
677,603.0,453.751,625.0,453.751,625.0,465.346,603.0,465.346,the,paragraph
678,634.0,453.751,675.0,453.751,675.0,465.346,634.0,465.346,target,paragraph
679,684.0,453.751,722.0,453.751,722.0,465.346,684.0,465.346,users,paragraph
680,730.0,455.29699999999997,739.0,455.29699999999997,739.0,464.573,730.0,464.573,T,paragraph
681,751.0,455.29699999999997,764.0,455.29699999999997,764.0,464.573,751.0,464.573,=,paragraph
682,781.0,455.29699999999997,799.0,455.29699999999997,799.0,465.346,781.0,465.346,t1,,paragraph
683,802.0,455.29699999999997,806.0,455.29699999999997,806.0,464.573,802.0,464.573,.,paragraph
684,809.0,455.29699999999997,814.0,455.29699999999997,814.0,464.573,809.0,464.573,.,paragraph
685,816.0,455.29699999999997,821.0,455.29699999999997,821.0,464.573,816.0,464.573,.,paragraph
686,823.0,455.29699999999997,828.0,455.29699999999997,828.0,464.573,823.0,464.573,,,paragraph
687,831.0,455.29699999999997,848.0,455.29699999999997,848.0,465.346,831.0,465.346,tm,paragraph
688,857.0,453.751,861.0,453.751,861.0,465.346,857.0,465.346,,,paragraph
689,870.0,453.751,892.0,453.751,892.0,465.346,870.0,465.346,the,paragraph
690,900.0,453.751,933.0,453.751,933.0,465.346,900.0,465.346,item,paragraph
691,521.0,464.573,571.0,464.573,571.0,476.168,521.0,476.168,should,paragraph
692,576.0,464.573,593.0,464.573,593.0,476.168,576.0,476.168,be,paragraph
693,599.0,464.573,654.0,464.573,654.0,476.168,599.0,476.168,shared?,paragraph
694,79.0,468.438,162.0,468.438,162.0,480.033,79.0,480.033,preferences,paragraph
695,169.0,468.438,209.0,468.438,209.0,480.033,169.0,480.033,using,paragraph
696,216.0,468.438,307.0,468.438,307.0,480.033,216.0,480.033,group-based,paragraph
697,315.0,468.438,359.0,468.438,359.0,480.033,315.0,480.033,access,paragraph
698,366.0,468.438,421.0,468.438,421.0,480.033,366.0,480.033,control,,paragraph
699,428.0,468.438,473.0,468.438,473.0,480.033,428.0,480.033,which,paragraph
700,480.0,468.438,491.0,468.438,491.0,480.033,480.0,480.033,is,paragraph
701,537.0,475.395,568.0,475.395,568.0,486.99,537.0,486.99,This,paragraph
702,574.0,475.395,635.0,475.395,635.0,486.99,574.0,486.99,problem,paragraph
703,640.0,475.395,665.0,475.395,665.0,486.99,640.0,486.99,can,paragraph
704,671.0,475.395,688.0,475.395,688.0,486.99,671.0,486.99,be,paragraph
705,693.0,475.395,785.0,475.395,785.0,486.99,693.0,486.99,decomposed,paragraph
706,791.0,475.395,823.0,475.395,823.0,486.99,791.0,486.99,into:,paragraph
707,79.0,479.26,154.0,479.26,154.0,490.855,79.0,490.855,nowadays,paragraph
708,162.0,479.26,247.0,479.26,247.0,490.855,162.0,490.855,mainstream,paragraph
709,255.0,479.26,269.0,479.26,269.0,490.855,255.0,490.855,in,paragraph
710,277.0,479.26,319.0,479.26,319.0,490.855,277.0,490.855,Social,paragraph
711,327.0,479.26,373.0,479.26,373.0,490.855,327.0,490.855,Media,paragraph
712,381.0,479.26,415.0,479.26,415.0,490.855,381.0,490.855,(e.g.,,paragraph
713,423.0,479.26,491.0,479.26,491.0,490.855,423.0,490.855,Facebook,paragraph
714,537.0,486.217,551.0,486.217,551.0,498.58500000000004,537.0,498.58500000000004,1),list
715,567.0,486.217,610.0,486.217,610.0,498.58500000000004,567.0,498.58500000000004,Given,list
716,624.0,486.217,646.0,486.217,646.0,498.58500000000004,624.0,498.58500000000004,the,list
717,660.0,486.217,680.0,486.217,680.0,498.58500000000004,660.0,498.58500000000004,set,list
718,693.0,486.217,708.0,486.217,708.0,498.58500000000004,693.0,498.58500000000004,of,list
719,721.0,486.217,796.0,486.217,796.0,498.58500000000004,721.0,498.58500000000004,individual,list
720,810.0,486.217,864.0,486.217,864.0,498.58500000000004,810.0,498.58500000000004,privacy,list
721,878.0,486.217,933.0,486.217,933.0,498.58500000000004,878.0,498.58500000000004,policies,list
722,79.0,490.082,108.0,490.082,108.0,501.677,79.0,501.677,lists,paragraph
723,116.0,490.082,131.0,490.082,131.0,501.677,116.0,501.677,or,paragraph
724,139.0,490.082,201.0,490.082,201.0,501.677,139.0,501.677,Google+,paragraph
725,209.0,490.082,263.0,490.082,263.0,501.677,209.0,501.677,circles),,paragraph
726,271.0,490.082,286.0,490.082,286.0,501.677,271.0,501.677,to,paragraph
727,294.0,490.082,360.0,490.082,360.0,501.677,294.0,501.677,highlight,paragraph
728,368.0,490.082,390.0,490.082,390.0,501.677,368.0,501.677,the,paragraph
729,398.0,490.082,460.0,490.082,460.0,501.677,398.0,501.677,practical,paragraph
730,468.0,490.082,491.0,490.082,491.0,501.677,468.0,501.677,ap-,paragraph
731,79.0,500.904,152.0,500.904,152.0,512.499,79.0,512.499,plicability,paragraph
732,160.0,500.904,175.0,500.904,175.0,512.499,160.0,512.499,of,paragraph
733,184.0,500.904,209.0,500.904,209.0,512.499,184.0,512.499,our,paragraph
734,217.0,500.904,286.0,500.904,286.0,512.499,217.0,512.499,proposed,paragraph
735,294.0,500.904,366.0,500.904,366.0,512.499,294.0,512.499,approach.,paragraph
736,375.0,500.904,445.0,500.904,445.0,512.499,375.0,512.499,However,,paragraph
737,454.0,500.904,491.0,500.904,491.0,512.499,454.0,512.499,other,paragraph
738,567.0,498.58500000000004,597.0,498.58500000000004,597.0,509.40700000000004,567.0,509.40700000000004,Pn1,,list
739,600.0,498.58500000000004,604.0,498.58500000000004,604.0,507.86100000000005,600.0,507.86100000000005,.,list
740,607.0,498.58500000000004,612.0,498.58500000000004,612.0,507.86100000000005,607.0,507.86100000000005,.,list
741,614.0,498.58500000000004,619.0,498.58500000000004,619.0,507.86100000000005,614.0,507.86100000000005,.,list
742,621.0,498.58500000000004,626.0,498.58500000000004,626.0,507.86100000000005,621.0,507.86100000000005,,,list
743,629.0,498.58500000000004,653.0,498.58500000000004,653.0,509.40700000000004,629.0,509.40700000000004,Pnk,list
744,661.0,497.039,675.0,497.039,675.0,508.634,661.0,508.634,of,list
745,680.0,497.039,713.0,497.039,713.0,508.634,680.0,508.634,each,list
746,718.0,497.039,800.0,497.039,800.0,508.634,718.0,508.634,negotiating,list
747,806.0,497.039,837.0,497.039,837.0,508.634,806.0,508.634,user,list
748,842.0,497.039,863.0,497.039,863.0,508.634,842.0,508.634,for,list
749,868.0,497.039,891.0,497.039,891.0,508.634,868.0,508.634,the,list
750,896.0,497.039,933.0,497.039,933.0,508.634,896.0,508.634,item,,list
751,567.0,507.86100000000005,599.0,507.86100000000005,599.0,519.456,567.0,519.456,how,list
752,605.0,507.86100000000005,630.0,507.86100000000005,630.0,519.456,605.0,519.456,can,list
753,636.0,507.86100000000005,658.0,507.86100000000005,658.0,519.456,636.0,519.456,we,list
754,664.0,507.86100000000005,721.0,507.86100000000005,721.0,519.456,664.0,519.456,identify,list
755,727.0,507.86100000000005,737.0,507.86100000000005,737.0,519.456,727.0,519.456,if,list
756,744.0,507.86100000000005,757.0,507.86100000000005,757.0,519.456,744.0,519.456,at,list
757,763.0,507.86100000000005,796.0,507.86100000000005,796.0,519.456,763.0,519.456,least,list
758,803.0,507.86100000000005,830.0,507.86100000000005,830.0,519.456,803.0,519.456,two,list
759,837.0,507.86100000000005,892.0,507.86100000000005,892.0,519.456,837.0,519.456,policies,list
760,898.0,507.86100000000005,933.0,507.86100000000005,933.0,519.456,898.0,519.456,have,list
761,79.0,510.95300000000003,124.0,510.95300000000003,124.0,523.321,79.0,523.321,access,paragraph
762,129.0,510.95300000000003,179.0,510.95300000000003,179.0,523.321,129.0,523.321,control,paragraph
763,184.0,510.95300000000003,267.0,510.95300000000003,267.0,523.321,184.0,523.321,approaches,paragraph
764,272.0,510.95300000000003,292.0,510.95300000000003,292.0,523.321,272.0,523.321,for,paragraph
765,297.0,510.95300000000003,339.0,510.95300000000003,339.0,523.321,297.0,523.321,Social,paragraph
766,344.0,510.95300000000003,390.0,510.95300000000003,390.0,523.321,344.0,523.321,Media,paragraph
767,395.0,510.95300000000003,436.0,510.95300000000003,436.0,523.321,395.0,523.321,could,paragraph
768,441.0,510.95300000000003,470.0,510.95300000000003,470.0,523.321,441.0,523.321,also,paragraph
769,475.0,510.95300000000003,491.0,510.95300000000003,491.0,523.321,475.0,523.321,be,paragraph
770,567.0,518.683,664.0,518.683,664.0,530.278,567.0,530.278,contradictory,list
771,674.0,518.683,740.0,518.683,740.0,530.278,674.0,530.278,decisions,list
772,750.0,518.683,766.0,518.683,766.0,530.278,750.0,530.278,—,list
773,776.0,518.683,791.0,518.683,791.0,530.278,776.0,530.278,or,list
774,801.0,517.9100000000001,856.0,517.9100000000001,856.0,530.278,801.0,530.278,conﬂicts,list
775,866.0,518.683,882.0,518.683,882.0,530.278,866.0,530.278,—,list
776,892.0,518.683,933.0,518.683,933.0,530.278,892.0,530.278,about,list
777,79.0,521.7750000000001,114.0,521.7750000000001,114.0,534.1429999999999,79.0,534.1429999999999,used,paragraph
778,122.0,521.7750000000001,136.0,521.7750000000001,136.0,534.1429999999999,122.0,534.1429999999999,in,paragraph
779,144.0,521.7750000000001,228.0,521.7750000000001,228.0,534.1429999999999,144.0,534.1429999999999,conjunction,paragraph
780,236.0,521.7750000000001,269.0,521.7750000000001,269.0,534.1429999999999,236.0,534.1429999999999,with,paragraph
781,276.0,521.7750000000001,301.0,521.7750000000001,301.0,534.1429999999999,276.0,534.1429999999999,our,paragraph
782,309.0,521.7750000000001,377.0,521.7750000000001,377.0,534.1429999999999,309.0,534.1429999999999,proposed,paragraph
783,385.0,521.7750000000001,467.0,521.7750000000001,467.0,534.1429999999999,385.0,534.1429999999999,mechanism,paragraph
784,475.0,521.7750000000001,491.0,521.7750000000001,491.0,534.1429999999999,475.0,534.1429999999999,—,paragraph
785,79.0,532.597,109.0,532.597,109.0,544.9649999999999,79.0,544.9649999999999,e.g.,,paragraph
786,116.0,532.597,249.0,532.597,249.0,544.9649999999999,116.0,544.9649999999999,relationship-based,paragraph
787,256.0,532.597,300.0,532.597,300.0,544.9649999999999,256.0,544.9649999999999,access,paragraph
788,308.0,532.597,358.0,532.597,358.0,544.9649999999999,308.0,544.9649999999999,control,paragraph
789,365.0,532.597,397.0,532.597,397.0,544.9649999999999,365.0,544.9649999999999,[14],,paragraph
790,404.0,532.597,435.0,532.597,435.0,544.9649999999999,404.0,544.9649999999999,[15],,paragraph
791,442.0,532.597,469.0,532.597,469.0,544.9649999999999,442.0,544.9649999999999,[16],paragraph
792,476.0,532.597,491.0,532.597,491.0,544.9649999999999,476.0,544.9649999999999,as,paragraph
793,567.0,529.505,627.0,529.505,627.0,541.0999999999999,567.0,541.0999999999999,whether,list
794,634.0,529.505,649.0,529.505,649.0,541.0999999999999,634.0,541.0999999999999,or,list
795,656.0,529.505,680.0,529.505,680.0,541.0999999999999,656.0,541.0999999999999,not,list
796,687.0,529.505,748.0,529.505,748.0,541.0999999999999,687.0,541.0999999999999,granting,list
797,755.0,529.505,797.0,529.505,797.0,541.0999999999999,755.0,541.0999999999999,target,list
798,804.0,529.505,842.0,529.505,842.0,541.0999999999999,804.0,541.0999999999999,users,list
799,849.0,530.278,858.0,530.278,858.0,540.327,849.0,540.327,T,list
800,867.0,529.505,912.0,529.505,912.0,541.0999999999999,867.0,541.0999999999999,access,list
801,918.0,529.505,933.0,529.505,933.0,541.0999999999999,918.0,541.0999999999999,to,list
802,567.0,539.554,589.0,539.554,589.0,551.922,567.0,551.922,the,list
803,595.0,539.554,631.0,539.554,631.0,551.922,595.0,551.922,item.,list
804,79.0,543.419,133.0,543.419,133.0,555.014,79.0,555.014,already,paragraph
805,140.0,543.419,188.0,543.419,188.0,555.014,140.0,555.014,shown,paragraph
806,195.0,543.419,209.0,543.419,209.0,555.014,195.0,555.014,in,paragraph
807,215.0,543.419,247.0,543.419,247.0,555.014,215.0,555.014,[17],,paragraph
808,253.0,543.419,268.0,543.419,268.0,555.014,253.0,555.014,or,paragraph
809,275.0,543.419,403.0,543.419,403.0,555.014,275.0,555.014,(semi-)automated,paragraph
810,409.0,543.419,491.0,543.419,491.0,555.014,409.0,555.014,approaches,paragraph
811,537.0,550.376,551.0,550.376,551.0,562.744,537.0,562.744,2),list
812,567.0,550.376,578.0,550.376,578.0,562.744,567.0,562.744,If,list
813,586.0,550.376,645.0,550.376,645.0,562.744,586.0,562.744,conﬂicts,list
814,653.0,550.376,675.0,550.376,675.0,562.744,653.0,562.744,are,list
815,683.0,550.376,749.0,550.376,749.0,562.744,683.0,562.744,detected,,list
816,756.0,550.376,788.0,550.376,788.0,562.744,756.0,562.744,how,list
817,796.0,550.376,821.0,550.376,821.0,562.744,796.0,562.744,can,list
818,829.0,550.376,850.0,550.376,850.0,562.744,829.0,562.744,we,list
819,858.0,550.376,917.0,550.376,917.0,562.744,858.0,562.744,propose,list
820,925.0,550.376,933.0,550.376,933.0,562.744,925.0,562.744,a,list
821,79.0,554.241,106.0,554.241,106.0,565.836,79.0,565.836,like,paragraph
822,111.0,554.241,142.0,554.241,142.0,565.836,111.0,565.836,[18],,paragraph
823,147.0,554.241,178.0,554.241,178.0,565.836,147.0,565.836,[19],,paragraph
824,183.0,554.241,214.0,554.241,214.0,565.836,183.0,565.836,[20].,paragraph
825,219.0,554.241,255.0,554.241,255.0,565.836,219.0,565.836,Note,paragraph
826,260.0,554.241,288.0,554.241,288.0,565.836,260.0,565.836,also,paragraph
827,293.0,554.241,322.0,554.241,322.0,565.836,293.0,565.836,that,paragraph
828,327.0,554.241,352.0,554.241,352.0,565.836,327.0,565.836,our,paragraph
829,357.0,554.241,424.0,554.241,424.0,565.836,357.0,565.836,approach,paragraph
830,429.0,554.241,463.0,554.241,463.0,565.836,429.0,565.836,does,paragraph
831,468.0,554.241,491.0,554.241,491.0,565.836,468.0,565.836,not,paragraph
832,567.0,561.198,626.0,561.198,626.0,572.793,567.0,572.793,solution,list
833,635.0,561.198,649.0,561.198,649.0,572.793,635.0,572.793,to,list
834,659.0,561.198,681.0,561.198,681.0,572.793,659.0,572.793,the,list
835,691.0,561.198,750.0,561.198,750.0,572.793,691.0,572.793,conﬂicts,list
836,760.0,561.198,803.0,561.198,803.0,572.793,760.0,572.793,found,list
837,813.0,561.198,841.0,561.198,841.0,572.793,813.0,572.793,that,list
838,850.0,561.198,908.0,561.198,908.0,572.793,850.0,572.793,respects,list
839,918.0,561.198,933.0,561.198,933.0,572.793,918.0,572.793,as,list
840,79.0,565.063,159.0,565.063,159.0,576.658,79.0,576.658,necessarily,paragraph
841,163.0,565.063,198.0,565.063,198.0,576.658,163.0,576.658,need,paragraph
842,203.0,565.063,240.0,565.063,240.0,576.658,203.0,576.658,users,paragraph
843,245.0,565.063,259.0,565.063,259.0,576.658,245.0,576.658,to,paragraph
844,263.0,565.063,314.0,565.063,314.0,576.658,263.0,576.658,specify,paragraph
845,319.0,565.063,353.0,565.063,353.0,576.658,319.0,576.658,their,paragraph
846,357.0,565.063,432.0,565.063,432.0,576.658,357.0,576.658,individual,paragraph
847,437.0,565.063,491.0,565.063,491.0,576.658,437.0,576.658,privacy,paragraph
848,567.0,572.02,608.0,572.02,608.0,583.615,567.0,583.615,much,list
849,616.0,572.02,631.0,572.02,631.0,583.615,616.0,583.615,as,list
850,639.0,572.02,698.0,572.02,698.0,583.615,639.0,583.615,possible,list
851,707.0,572.02,729.0,572.02,729.0,583.615,707.0,583.615,the,list
852,737.0,572.02,820.0,572.02,820.0,583.615,737.0,583.615,preferences,list
853,828.0,572.02,842.0,572.02,842.0,583.615,828.0,583.615,of,list
854,851.0,572.02,933.0,572.02,933.0,583.615,851.0,583.615,negotiating,list
855,79.0,575.112,162.0,575.112,162.0,587.48,79.0,587.48,preferences,paragraph
856,172.0,575.112,192.0,575.112,192.0,587.48,172.0,587.48,for,paragraph
857,202.0,575.112,235.0,575.112,235.0,587.48,202.0,587.48,each,paragraph
858,244.0,575.112,272.0,575.112,272.0,587.48,244.0,587.48,and,paragraph
859,282.0,575.112,322.0,575.112,322.0,587.48,282.0,587.48,every,paragraph
860,332.0,575.112,364.0,575.112,364.0,587.48,332.0,587.48,item,paragraph
861,374.0,575.112,450.0,575.112,450.0,587.48,374.0,587.48,separately,,paragraph
862,460.0,575.112,491.0,575.112,491.0,587.48,460.0,587.48,they,paragraph
863,79.0,585.934,120.0,585.934,120.0,598.302,79.0,598.302,could,paragraph
864,128.0,585.934,156.0,585.934,156.0,598.302,128.0,598.302,also,paragraph
865,164.0,585.934,215.0,585.934,215.0,598.302,164.0,598.302,specify,paragraph
866,222.0,585.934,245.0,585.934,245.0,598.302,222.0,598.302,the,paragraph
867,253.0,585.934,290.0,585.934,290.0,598.302,253.0,598.302,same,paragraph
868,297.0,585.934,380.0,585.934,380.0,598.302,297.0,598.302,preferences,paragraph
869,387.0,585.934,408.0,585.934,408.0,598.302,387.0,598.302,for,paragraph
870,416.0,585.934,491.0,585.934,491.0,598.302,416.0,598.302,collections,paragraph
871,567.0,582.842,605.0,582.842,605.0,594.437,567.0,594.437,users,list
872,610.0,582.842,629.0,582.842,629.0,594.437,610.0,594.437,N.,list
873,79.0,596.756,95.0,596.756,95.0,609.124,79.0,609.124,or,paragraph
874,102.0,596.756,174.0,596.756,174.0,609.124,102.0,609.124,categories,paragraph
875,180.0,596.756,195.0,596.756,195.0,609.124,180.0,609.124,of,paragraph
876,201.0,596.756,241.0,596.756,241.0,609.124,201.0,609.124,items,paragraph
877,247.0,596.756,268.0,596.756,268.0,609.124,247.0,609.124,for,paragraph
878,275.0,596.756,364.0,596.756,364.0,609.124,275.0,609.124,convenience,paragraph
879,370.0,596.756,441.0,596.756,441.0,609.124,370.0,609.124,according,paragraph
880,448.0,596.756,462.0,596.756,462.0,609.124,448.0,609.124,to,paragraph
881,469.0,596.756,491.0,596.756,491.0,609.124,469.0,609.124,the,paragraph
882,521.0,612.216,532.0,612.216,532.0,626.903,521.0,626.903,3,section
883,553.0,612.216,660.0,612.216,660.0,626.903,553.0,626.903,MECHANISM,section
884,666.0,612.216,759.0,612.216,759.0,626.903,666.0,626.903,OVERVIEW,section
885,93.0,620.719,102.0,620.719,102.0,629.995,93.0,629.995,1.,paragraph
886,107.0,620.719,125.0,620.719,125.0,629.995,107.0,629.995,We,footer
887,128.0,620.719,172.0,620.719,172.0,629.995,128.0,629.995,deﬁned,footer
888,175.0,620.719,193.0,620.719,193.0,629.995,175.0,629.995,the,footer
889,197.0,620.719,213.0,620.719,213.0,629.995,197.0,629.995,set,footer
890,216.0,620.719,228.0,620.719,228.0,629.995,216.0,629.995,of,footer
891,231.0,620.719,264.0,620.719,264.0,629.995,231.0,629.995,target,footer
892,268.0,620.719,298.0,620.719,298.0,629.995,268.0,629.995,users,footer
893,301.0,620.719,313.0,620.719,313.0,629.995,301.0,629.995,as,footer
894,317.0,620.719,323.0,620.719,323.0,629.995,317.0,629.995,a,footer
895,327.0,620.719,363.0,620.719,363.0,629.995,327.0,629.995,subset,footer
896,366.0,620.719,378.0,620.719,378.0,629.995,366.0,629.995,of,footer
897,381.0,620.719,399.0,620.719,399.0,629.995,381.0,629.995,the,footer
898,403.0,620.719,433.0,620.719,433.0,629.995,403.0,629.995,users,footer
899,436.0,620.719,448.0,620.719,448.0,629.995,436.0,629.995,to,footer
900,451.0,620.719,491.0,620.719,491.0,629.995,451.0,629.995,remain,footer
901,79.0,629.222,92.0,629.222,92.0,639.271,79.0,639.271,as,footer
902,98.0,629.222,141.0,629.222,141.0,639.271,98.0,639.271,general,footer
903,147.0,629.222,159.0,629.222,159.0,639.271,147.0,639.271,as,footer
904,165.0,629.222,215.0,629.222,215.0,639.271,165.0,639.271,possible;,footer
905,222.0,629.222,241.0,629.222,241.0,639.271,222.0,639.271,i.e.,,footer
906,248.0,629.222,293.0,629.222,293.0,639.271,248.0,639.271,without,footer
907,300.0,629.222,340.0,629.222,340.0,639.271,300.0,639.271,forcing,footer
908,347.0,629.222,355.0,629.222,355.0,639.271,347.0,639.271,it,footer
909,361.0,629.222,372.0,629.222,372.0,639.271,361.0,639.271,to,footer
910,379.0,629.222,416.0,629.222,416.0,639.271,379.0,639.271,satisfy,footer
911,422.0,629.222,429.0,629.222,429.0,639.271,422.0,639.271,a,footer
912,435.0,629.222,491.0,629.222,491.0,639.271,435.0,639.271,particular,footer
913,537.0,630.7679999999999,560.0,630.7679999999999,560.0,642.3629999999999,537.0,642.3629999999999,We,paragraph
914,564.0,630.7679999999999,622.0,630.7679999999999,622.0,642.3629999999999,564.0,642.3629999999999,propose,paragraph
915,627.0,630.7679999999999,650.0,630.7679999999999,650.0,642.3629999999999,627.0,642.3629999999999,the,paragraph
916,654.0,630.7679999999999,679.0,630.7679999999999,679.0,642.3629999999999,654.0,642.3629999999999,use,paragraph
917,683.0,630.7679999999999,698.0,630.7679999999999,698.0,642.3629999999999,683.0,642.3629999999999,of,paragraph
918,702.0,630.7679999999999,710.0,630.7679999999999,710.0,642.3629999999999,702.0,642.3629999999999,a,paragraph
919,715.0,630.7679999999999,781.0,630.7679999999999,781.0,642.3629999999999,715.0,642.3629999999999,mediator,paragraph
920,785.0,630.7679999999999,813.0,630.7679999999999,813.0,642.3629999999999,785.0,642.3629999999999,that,paragraph
921,818.0,630.7679999999999,868.0,630.7679999999999,868.0,642.3629999999999,818.0,642.3629999999999,detects,paragraph
922,873.0,630.7679999999999,933.0,630.7679999999999,933.0,642.3629999999999,873.0,642.3629999999999,conﬂicts,paragraph
923,79.0,638.4979999999999,132.0,638.4979999999999,132.0,647.774,79.0,647.774,property.,footer
924,135.0,638.4979999999999,191.0,638.4979999999999,191.0,647.774,135.0,647.774,However,,footer
925,194.0,638.4979999999999,212.0,638.4979999999999,212.0,647.774,194.0,647.774,the,footer
926,215.0,638.4979999999999,231.0,638.4979999999999,231.0,647.774,215.0,647.774,set,footer
927,235.0,638.4979999999999,246.0,638.4979999999999,246.0,647.774,235.0,647.774,of,footer
928,249.0,638.4979999999999,283.0,638.4979999999999,283.0,647.774,249.0,647.774,target,footer
929,286.0,638.4979999999999,316.0,638.4979999999999,316.0,647.774,286.0,647.774,users,footer
930,319.0,638.4979999999999,352.0,638.4979999999999,352.0,647.774,319.0,647.774,could,footer
931,355.0,638.4979999999999,368.0,638.4979999999999,368.0,647.774,355.0,647.774,be,footer
932,372.0,638.4979999999999,412.0,638.4979999999999,412.0,647.774,372.0,647.774,further,footer
933,415.0,638.4979999999999,467.0,638.4979999999999,467.0,647.774,415.0,647.774,qualiﬁed,footer
934,470.0,638.4979999999999,482.0,638.4979999999999,482.0,647.774,470.0,647.774,as,footer
935,485.0,638.4979999999999,491.0,638.4979999999999,491.0,647.774,485.0,647.774,a,footer
936,521.0,641.5899999999999,548.0,641.5899999999999,548.0,653.185,521.0,653.185,and,paragraph
937,555.0,641.5899999999999,617.0,641.5899999999999,617.0,653.185,555.0,653.185,suggests,paragraph
938,624.0,641.5899999999999,632.0,641.5899999999999,632.0,653.185,624.0,653.185,a,paragraph
939,639.0,641.5899999999999,697.0,641.5899999999999,697.0,653.185,639.0,653.185,possible,paragraph
940,704.0,641.5899999999999,763.0,641.5899999999999,763.0,653.185,704.0,653.185,solution,paragraph
941,770.0,641.5899999999999,784.0,641.5899999999999,784.0,653.185,770.0,653.185,to,paragraph
942,791.0,641.5899999999999,832.0,641.5899999999999,832.0,653.185,791.0,653.185,them.,paragraph
943,838.0,641.5899999999999,863.0,641.5899999999999,863.0,653.185,838.0,653.185,For,paragraph
944,870.0,641.5899999999999,933.0,641.5899999999999,933.0,653.185,870.0,653.185,instance,,paragraph
945,79.0,647.001,136.0,647.001,136.0,656.2769999999999,79.0,656.2769999999999,particular,footer
946,140.0,647.001,176.0,647.001,176.0,656.2769999999999,140.0,656.2769999999999,subset,footer
947,180.0,647.001,191.0,647.001,191.0,656.2769999999999,180.0,656.2769999999999,of,footer
948,195.0,647.001,225.0,647.001,225.0,656.2769999999999,195.0,656.2769999999999,users,footer
949,229.0,647.001,285.0,647.001,285.0,656.2769999999999,229.0,656.2769999999999,satisfying,footer
950,288.0,647.001,309.0,647.001,309.0,656.2769999999999,288.0,656.2769999999999,any,footer
951,313.0,647.001,364.0,647.001,364.0,656.2769999999999,313.0,656.2769999999999,property,footer
952,367.0,647.001,413.0,647.001,413.0,656.2769999999999,367.0,656.2769999999999,without,footer
953,416.0,647.001,470.0,647.001,470.0,656.2769999999999,416.0,656.2769999999999,changing,footer
954,473.0,647.001,491.0,647.001,491.0,656.2769999999999,473.0,656.2769999999999,the,footer
955,521.0,651.639,535.0,651.639,535.0,664.007,521.0,664.007,in,paragraph
956,541.0,651.639,577.0,651.639,577.0,664.007,541.0,664.007,most,paragraph
957,583.0,651.639,625.0,651.639,625.0,664.007,583.0,664.007,Social,paragraph
958,631.0,651.639,677.0,651.639,677.0,664.007,631.0,664.007,Media,paragraph
959,684.0,651.639,793.0,651.639,793.0,664.007,684.0,664.007,infrastructures,,paragraph
960,800.0,651.639,833.0,651.639,833.0,664.007,800.0,664.007,such,paragraph
961,839.0,651.639,854.0,651.639,854.0,664.007,839.0,664.007,as,paragraph
962,861.0,651.639,933.0,651.639,933.0,664.007,861.0,664.007,Facebook,,paragraph
963,79.0,655.504,145.0,655.504,145.0,665.553,79.0,665.553,subsequent,footer
964,149.0,655.504,230.0,655.504,230.0,665.553,149.0,665.553,formalisation;,footer
965,234.0,655.504,257.0,655.504,257.0,665.553,234.0,665.553,e.g.,,footer
966,262.0,655.504,280.0,655.504,280.0,665.553,262.0,665.553,the,footer
967,284.0,655.504,300.0,655.504,300.0,665.553,284.0,665.553,set,footer
968,305.0,655.504,316.0,655.504,316.0,665.553,305.0,665.553,of,footer
969,320.0,655.504,354.0,655.504,354.0,665.553,320.0,665.553,target,footer
970,358.0,655.504,388.0,655.504,388.0,665.553,358.0,665.553,users,footer
971,393.0,655.504,425.0,655.504,425.0,665.553,393.0,665.553,could,footer
972,430.0,655.504,443.0,655.504,443.0,665.553,430.0,665.553,be,footer
973,448.0,655.504,491.0,655.504,491.0,665.553,448.0,665.553,deﬁned,footer
974,79.0,664.78,92.0,664.78,92.0,674.056,79.0,674.056,as,footer
975,96.0,664.78,114.0,664.78,114.0,674.056,96.0,674.056,the,footer
976,119.0,664.78,153.0,664.78,153.0,674.056,119.0,674.056,union,footer
977,157.0,664.78,169.0,664.78,169.0,674.056,157.0,674.056,of,footer
978,173.0,664.78,187.0,664.78,187.0,674.056,173.0,674.056,all,footer
979,192.0,664.78,203.0,664.78,203.0,674.056,192.0,674.056,of,footer
980,208.0,664.78,226.0,664.78,226.0,674.056,208.0,674.056,the,footer
981,230.0,664.78,296.0,664.78,296.0,674.056,230.0,674.056,negotiating,footer
982,301.0,664.78,334.0,664.78,334.0,674.056,301.0,674.056,users’,footer
983,339.0,664.78,375.0,664.78,375.0,674.056,339.0,674.056,online,footer
984,380.0,664.78,424.0,664.78,424.0,674.056,380.0,674.056,friends.,footer
985,521.0,662.461,575.0,662.461,575.0,674.829,521.0,674.829,Twitter,,paragraph
986,583.0,662.461,645.0,662.461,645.0,674.829,583.0,674.829,Google+,paragraph
987,653.0,662.461,681.0,662.461,681.0,674.829,653.0,674.829,and,paragraph
988,689.0,662.461,712.0,662.461,712.0,674.829,689.0,674.829,the,paragraph
989,720.0,662.461,750.0,662.461,750.0,674.829,720.0,674.829,like,,paragraph
990,759.0,662.461,785.0,662.461,785.0,674.829,759.0,674.829,this,paragraph
991,793.0,662.461,859.0,662.461,859.0,674.829,793.0,674.829,mediator,paragraph
992,867.0,662.461,908.0,662.461,908.0,674.829,867.0,674.829,could,paragraph
993,916.0,662.461,933.0,662.461,933.0,674.829,916.0,674.829,be,paragraph
