0,910.0,27.055000000000003,918.0,27.055000000000003,918.0,37.104,910.0,37.104,8,paragraph
1,612.0,47.926,620.0,47.926,620.0,61.84,612.0,61.84,7,paragraph
2,624.0,47.926,632.0,47.926,632.0,61.84,624.0,61.84,5,paragraph
3,620.0,51.791000000000004,624.0,51.791000000000004,624.0,61.067,620.0,61.067,.,paragraph
4,656.0,51.791000000000004,676.0,51.791000000000004,676.0,65.705,656.0,65.705,(a),paragraph
5,742.0,52.56400000000001,768.0,52.56400000000001,768.0,66.478,742.0,66.478,1/β,paragraph
6,773.0,52.56400000000001,786.0,52.56400000000001,786.0,66.478,773.0,66.478,=,paragraph
7,790.0,52.56400000000001,832.0,52.56400000000001,832.0,67.25099999999999,790.0,67.25099999999999,0.5~Ω,paragraph
8,206.0,71.116,232.0,71.116,232.0,83.484,206.0,83.484,τ(1),equation
9,237.0,73.435,250.0,73.435,250.0,83.484,237.0,83.484,=,equation
10,254.0,73.435,289.0,73.435,289.0,83.484,254.0,83.484,2F(τ,equation
11,295.0,73.435,322.0,73.435,322.0,83.484,295.0,83.484,/2),,equation
12,459.0,73.435,488.0,73.435,488.0,83.484,459.0,83.484,(33),equation
13,581.0,73.435,604.0,73.435,604.0,77.30000000000001,581.0,77.30000000000001,),paragraph
14,624.0,69.57,632.0,69.57,632.0,83.484,624.0,83.484,5,paragraph
15,742.0,68.024,768.0,68.024,768.0,81.938,742.0,81.938,1/β,paragraph
16,773.0,68.024,786.0,68.024,786.0,81.938,773.0,81.938,=,paragraph
17,790.0,68.024,819.0,68.024,819.0,82.711,790.0,82.711,5~Ω,paragraph
18,206.0,78.84599999999999,232.0,78.84599999999999,232.0,100.49000000000001,206.0,100.49000000000001,τA(2),equation
19,237.0,91.214,250.0,91.214,250.0,100.49000000000001,237.0,100.49000000000001,=,equation
20,254.0,77.30000000000001,311.0,77.30000000000001,311.0,100.49000000000001,254.0,100.49000000000001,2F(τ(cid:15)/2,equation
21,315.0,91.214,328.0,91.214,328.0,100.49000000000001,315.0,100.49000000000001,+,equation
22,331.0,91.214,370.0,91.214,370.0,100.49000000000001,331.0,100.49000000000001,T/2),,equation
23,459.0,91.214,488.0,91.214,488.0,100.49000000000001,459.0,100.49000000000001,(34),equation
24,581.0,78.07300000000001,604.0,78.07300000000001,604.0,99.717,581.0,99.717,(Wτ(cid:2),paragraph
25,612.0,91.214,620.0,91.214,620.0,105.12800000000001,612.0,105.12800000000001,2,paragraph
26,624.0,91.214,632.0,91.214,632.0,105.12800000000001,624.0,105.12800000000001,5,paragraph
27,742.0,82.711,768.0,82.711,768.0,96.625,742.0,96.625,1/β,paragraph
28,773.0,82.711,786.0,82.711,786.0,96.625,773.0,96.625,=,paragraph
29,790.0,82.711,827.0,82.711,827.0,98.171,790.0,98.171,10~Ω,paragraph
30,213.0,96.625,223.0,96.625,223.0,102.80900000000001,213.0,102.80900000000001,A,equation
31,289.0,95.079,294.0,95.079,294.0,102.036,289.0,102.036,(cid:15),equation
32,620.0,95.079,624.0,95.079,624.0,105.12800000000001,620.0,105.12800000000001,.,paragraph
33,581.0,101.263,604.0,101.263,604.0,106.674,581.0,106.674,n,paragraph
34,581.0,106.674,604.0,106.674,604.0,108.993,581.0,108.993,l,paragraph
35,624.0,113.631,632.0,113.631,632.0,127.545,624.0,127.545,0,paragraph
36,104.0,123.68,145.0,123.68,145.0,133.72899999999998,104.0,133.72899999999998,which,paragraph
37,151.0,123.68,172.0,123.68,172.0,133.72899999999998,151.0,133.72899999999998,are,paragraph
38,178.0,123.68,191.0,123.68,191.0,133.72899999999998,178.0,133.72899999999998,in,paragraph
39,197.0,123.68,270.0,123.68,270.0,133.72899999999998,197.0,133.72899999999998,agreement,paragraph
40,275.0,123.68,307.0,123.68,307.0,133.72899999999998,275.0,133.72899999999998,with,paragraph
41,312.0,123.68,341.0,123.68,341.0,133.72899999999998,312.0,133.72899999999998,Ref.,paragraph
42,346.0,123.68,376.0,123.68,376.0,133.72899999999998,346.0,133.72899999999998,[14].,paragraph
43,638.0,131.41,646.0,131.41,646.0,145.324,638.0,145.324,0,paragraph
44,676.0,131.41,684.0,131.41,684.0,145.324,676.0,145.324,0,paragraph
45,688.0,131.41,705.0,131.41,705.0,145.324,688.0,145.324,25,paragraph
46,728.0,131.41,736.0,131.41,736.0,145.324,728.0,145.324,0,paragraph
47,741.0,131.41,749.0,131.41,749.0,145.324,741.0,145.324,5,paragraph
48,772.0,131.41,781.0,131.41,781.0,145.324,772.0,145.324,0,paragraph
49,785.0,131.41,801.0,131.41,801.0,145.324,785.0,145.324,75,paragraph
50,831.0,131.41,839.0,131.41,839.0,145.324,831.0,145.324,1,paragraph
51,104.0,135.27499999999998,115.0,135.27499999999998,115.0,145.324,104.0,145.324,If,paragraph
52,121.0,135.27499999999998,130.0,135.27499999999998,130.0,145.324,121.0,145.324,a,paragraph
53,136.0,135.27499999999998,210.0,135.27499999999998,210.0,145.324,136.0,145.324,symmetric,paragraph
54,217.0,135.27499999999998,267.0,135.27499999999998,267.0,145.324,217.0,145.324,driving,paragraph
55,274.0,135.27499999999998,281.0,135.27499999999998,281.0,145.324,274.0,145.324,f,paragraph
56,290.0,135.27499999999998,313.0,135.27499999999998,313.0,145.324,290.0,145.324,has,paragraph
57,320.0,135.27499999999998,350.0,135.27499999999998,350.0,145.324,320.0,145.324,only,paragraph
58,357.0,135.27499999999998,381.0,135.27499999999998,381.0,145.324,357.0,145.324,one,paragraph
59,388.0,135.27499999999998,455.0,135.27499999999998,455.0,145.324,388.0,145.324,minimum,paragraph
60,462.0,135.27499999999998,488.0,135.27499999999998,488.0,145.324,462.0,145.324,and,paragraph
61,684.0,135.27499999999998,688.0,135.27499999999998,688.0,144.551,684.0,144.551,.,paragraph
62,736.0,135.27499999999998,741.0,135.27499999999998,741.0,144.551,736.0,144.551,.,paragraph
63,781.0,135.27499999999998,785.0,135.27499999999998,785.0,144.551,781.0,144.551,.,paragraph
64,88.0,146.87,112.0,146.87,112.0,156.14600000000002,88.0,156.14600000000002,one,paragraph
65,118.0,146.87,189.0,146.87,189.0,156.14600000000002,118.0,156.14600000000002,maximum,paragraph
66,195.0,146.87,218.0,146.87,218.0,156.14600000000002,195.0,156.14600000000002,per,paragraph
67,224.0,146.87,274.0,146.87,274.0,156.14600000000002,224.0,156.14600000000002,period,,paragraph
68,280.0,146.87,311.0,146.87,311.0,156.14600000000002,280.0,156.14600000000002,such,paragraph
69,317.0,146.87,332.0,146.87,332.0,156.14600000000002,317.0,156.14600000000002,as,paragraph
70,338.0,146.87,352.0,146.87,352.0,156.919,338.0,156.919,f1,paragraph
71,359.0,146.87,374.0,146.87,374.0,156.14600000000002,359.0,156.14600000000002,or,paragraph
72,380.0,146.87,408.0,146.87,408.0,156.14600000000002,380.0,156.14600000000002,f(t),paragraph
73,413.0,146.87,426.0,146.87,426.0,156.14600000000002,413.0,156.14600000000002,=,paragraph
74,432.0,146.87,488.0,146.87,488.0,156.14600000000002,432.0,156.14600000000002,cos(Ωt),,paragraph
75,612.0,149.96200000000002,632.0,149.96200000000002,632.0,163.876,612.0,163.876,1.5,paragraph
76,732.0,147.643,763.0,147.643,763.0,157.69199999999998,732.0,157.69199999999998,τ(cid:2)/T,paragraph
77,88.0,157.69199999999998,94.0,157.69199999999998,94.0,167.74099999999999,88.0,167.74099999999999,t,paragraph
78,108.0,157.69199999999998,134.0,157.69199999999998,134.0,167.74099999999999,108.0,167.74099999999999,and,paragraph
79,141.0,157.69199999999998,146.0,157.69199999999998,146.0,167.74099999999999,141.0,167.74099999999999,t,paragraph
80,161.0,157.69199999999998,182.0,157.69199999999998,182.0,167.74099999999999,161.0,167.74099999999999,are,paragraph
81,189.0,157.69199999999998,212.0,157.69199999999998,212.0,167.74099999999999,189.0,167.74099999999999,the,paragraph
82,218.0,157.69199999999998,249.0,157.69199999999998,249.0,167.74099999999999,218.0,167.74099999999999,only,paragraph
83,255.0,157.69199999999998,291.0,157.69199999999998,291.0,167.74099999999999,255.0,167.74099999999999,roots,paragraph
84,298.0,157.69199999999998,311.0,157.69199999999998,311.0,167.74099999999999,298.0,167.74099999999999,of,paragraph
85,318.0,157.69199999999998,342.0,157.69199999999998,342.0,167.74099999999999,318.0,167.74099999999999,Eq.,paragraph
86,349.0,157.69199999999998,382.0,157.69199999999998,382.0,167.74099999999999,349.0,167.74099999999999,(31).,paragraph
87,393.0,157.69199999999998,430.0,157.69199999999998,430.0,167.74099999999999,393.0,167.74099999999999,Then,paragraph
88,437.0,157.69199999999998,460.0,157.69199999999998,460.0,167.74099999999999,437.0,167.74099999999999,the,paragraph
89,466.0,157.69199999999998,488.0,157.69199999999998,488.0,167.74099999999999,466.0,167.74099999999999,arc,paragraph
90,656.0,158.465,677.0,158.465,677.0,172.379,656.0,172.379,(b),paragraph
91,94.0,161.557,100.0,161.557,100.0,168.514,94.0,168.514,1,paragraph
92,146.0,161.557,153.0,161.557,153.0,168.514,146.0,168.514,2,paragraph
93,88.0,169.287,152.0,169.287,152.0,178.56300000000002,88.0,178.56300000000002,structure,paragraph
94,157.0,169.287,176.0,169.287,176.0,178.56300000000002,157.0,178.56300000000002,for,paragraph
95,181.0,169.287,254.0,169.287,254.0,178.56300000000002,181.0,178.56300000000002,symmetric,paragraph
96,259.0,169.287,309.0,169.287,309.0,178.56300000000002,259.0,178.56300000000002,driving,paragraph
97,313.0,169.287,338.0,169.287,338.0,178.56300000000002,313.0,178.56300000000002,can,paragraph
98,342.0,169.287,359.0,169.287,359.0,178.56300000000002,342.0,178.56300000000002,be,paragraph
99,364.0,169.287,425.0,169.287,425.0,178.56300000000002,364.0,178.56300000000002,obtained,paragraph
100,429.0,169.287,461.0,169.287,461.0,178.56300000000002,429.0,178.56300000000002,fully,paragraph
101,466.0,169.287,488.0,169.287,488.0,178.56300000000002,466.0,178.56300000000002,an-,paragraph
102,624.0,176.244,632.0,176.244,632.0,190.158,624.0,190.158,1,paragraph
103,88.0,180.109,156.0,180.109,156.0,190.158,88.0,190.158,alytically.,paragraph
104,170.0,180.109,201.0,180.109,201.0,190.158,170.0,190.158,This,paragraph
105,209.0,180.109,236.0,180.109,236.0,190.158,209.0,190.158,fact,paragraph
106,243.0,180.109,254.0,180.109,254.0,190.158,243.0,190.158,is,paragraph
107,262.0,180.109,275.0,180.109,275.0,190.158,262.0,190.158,of,paragraph
108,283.0,180.109,344.0,180.109,344.0,190.158,283.0,190.158,practical,paragraph
109,352.0,180.109,374.0,180.109,374.0,190.158,352.0,190.158,use,paragraph
110,382.0,180.109,392.0,180.109,392.0,190.158,382.0,190.158,if,paragraph
111,399.0,180.109,424.0,180.109,424.0,190.158,399.0,190.158,one,paragraph
112,431.0,180.109,488.0,180.109,488.0,190.158,431.0,190.158,employs,paragraph
113,88.0,190.931,132.0,190.931,132.0,200.98000000000002,88.0,200.98000000000002,LZSM,paragraph
114,138.0,190.931,221.0,190.931,221.0,200.98000000000002,138.0,200.98000000000002,interference,paragraph
115,227.0,190.931,242.0,190.931,242.0,200.98000000000002,227.0,200.98000000000002,to,paragraph
116,248.0,190.931,319.0,190.931,319.0,200.98000000000002,248.0,200.98000000000002,determine,paragraph
117,325.0,190.931,410.0,190.931,410.0,200.98000000000002,325.0,200.98000000000002,decoherence,paragraph
118,417.0,190.931,488.0,190.931,488.0,200.98000000000002,417.0,200.98000000000002,properties,paragraph
119,581.0,188.612,604.0,188.612,604.0,195.569,581.0,195.569,Ω,paragraph
120,587.0,195.569,603.0,195.569,603.0,200.98000000000002,587.0,200.98000000000002,/,paragraph
121,88.0,202.526,101.0,202.526,101.0,212.57500000000002,88.0,212.57500000000002,of,paragraph
122,106.0,202.526,114.0,202.526,114.0,212.57500000000002,106.0,212.57500000000002,a,paragraph
123,120.0,202.526,157.0,202.526,157.0,212.57500000000002,120.0,212.57500000000002,qubit,paragraph
124,163.0,202.526,184.0,202.526,184.0,212.57500000000002,163.0,212.57500000000002,via,paragraph
125,189.0,202.526,212.0,202.526,212.0,212.57500000000002,189.0,212.57500000000002,the,paragraph
126,218.0,202.526,239.0,202.526,239.0,212.57500000000002,218.0,212.57500000000002,arc,paragraph
127,245.0,202.526,284.0,202.526,284.0,212.57500000000002,245.0,212.57500000000002,decay,paragraph
128,290.0,202.526,320.0,202.526,320.0,212.57500000000002,290.0,212.57500000000002,[13].,paragraph
129,587.0,200.98000000000002,603.0,200.98000000000002,603.0,206.39100000000002,587.0,206.39100000000002,λ,paragraph
130,612.0,202.526,632.0,202.526,632.0,215.66700000000003,612.0,215.66700000000003,0.5,paragraph
131,740.0,205.61800000000002,749.0,205.61800000000002,749.0,214.894,740.0,214.894,σ,paragraph
132,763.0,201.75300000000001,822.0,201.75300000000001,822.0,215.66700000000003,763.0,215.66700000000003,coupling,paragraph
133,749.0,208.71,756.0,208.71,756.0,215.66700000000003,749.0,215.66700000000003,x,paragraph
134,104.0,214.121,119.0,214.121,119.0,223.397,104.0,223.397,In,paragraph
135,124.0,214.121,141.0,214.121,141.0,223.397,124.0,223.397,all,paragraph
136,146.0,214.121,183.0,214.121,183.0,223.397,146.0,223.397,other,paragraph
137,188.0,214.121,228.0,214.121,228.0,223.397,188.0,223.397,cases,,paragraph
138,233.0,214.121,258.0,214.121,258.0,223.397,233.0,223.397,i.e.,,paragraph
139,264.0,214.121,301.0,214.121,301.0,223.397,264.0,223.397,when,paragraph
140,306.0,214.121,314.0,214.121,314.0,223.397,306.0,223.397,f,paragraph
141,320.0,214.121,331.0,214.121,331.0,223.397,320.0,223.397,is,paragraph
142,336.0,214.121,360.0,214.121,360.0,223.397,336.0,223.397,not,paragraph
143,365.0,214.121,438.0,214.121,438.0,223.397,365.0,223.397,symmetric,paragraph
144,443.0,214.121,458.0,214.121,458.0,223.397,443.0,223.397,or,paragraph
145,463.0,214.121,472.0,214.121,472.0,223.397,463.0,223.397,if,paragraph
146,477.0,214.121,488.0,214.121,488.0,223.397,477.0,223.397,it,paragraph
147,767.0,215.66700000000003,827.0,215.66700000000003,827.0,229.581,767.0,229.581,coupling,paragraph
148,745.0,219.53199999999998,754.0,219.53199999999998,754.0,229.581,745.0,229.581,σ,paragraph
149,88.0,224.94299999999998,152.0,224.94299999999998,152.0,234.992,88.0,234.992,possesses,paragraph
150,157.0,224.94299999999998,193.0,224.94299999999998,193.0,234.992,157.0,234.992,more,paragraph
151,198.0,224.94299999999998,230.0,224.94299999999998,230.0,234.992,198.0,234.992,than,paragraph
152,236.0,224.94299999999998,261.0,224.94299999999998,261.0,234.992,236.0,234.992,two,paragraph
153,266.0,224.94299999999998,324.0,224.94299999999998,324.0,234.992,266.0,234.992,extrema,paragraph
154,329.0,224.94299999999998,352.0,224.94299999999998,352.0,234.992,329.0,234.992,per,paragraph
155,357.0,224.94299999999998,407.0,224.94299999999998,407.0,234.992,357.0,234.992,period,,paragraph
156,413.0,224.94299999999998,431.0,224.94299999999998,431.0,234.992,413.0,234.992,we,paragraph
157,436.0,224.94299999999998,468.0,224.94299999999998,468.0,234.992,436.0,234.992,have,paragraph
158,474.0,224.94299999999998,488.0,224.94299999999998,488.0,234.992,474.0,234.992,to,paragraph
159,754.0,223.397,761.0,223.397,761.0,230.35399999999998,754.0,230.35399999999998,z,paragraph
160,624.0,228.808,632.0,228.808,632.0,241.949,624.0,241.949,0,paragraph
161,88.0,236.53799999999998,122.0,236.53799999999998,122.0,245.814,88.0,245.814,solve,paragraph
162,129.0,236.53799999999998,153.0,236.53799999999998,153.0,245.814,129.0,245.814,Eq.,paragraph
163,160.0,236.53799999999998,188.0,236.53799999999998,188.0,245.814,160.0,245.814,(31),paragraph
164,195.0,236.53799999999998,277.0,236.53799999999998,277.0,245.814,195.0,245.814,numerically,paragraph
165,284.0,236.53799999999998,298.0,236.53799999999998,298.0,245.814,284.0,245.814,to,paragraph
166,305.0,236.53799999999998,350.0,236.53799999999998,350.0,245.814,305.0,245.814,obtain,paragraph
167,357.0,236.53799999999998,384.0,236.53799999999998,384.0,245.814,357.0,245.814,also,paragraph
168,390.0,236.53799999999998,488.0,236.53799999999998,488.0,245.814,390.0,245.814,“non-generic”,paragraph
169,638.0,238.084,646.0,238.084,646.0,251.22500000000002,638.0,251.22500000000002,0,paragraph
170,678.0,238.084,686.0,238.084,686.0,251.22500000000002,678.0,251.22500000000002,0,paragraph
171,691.0,238.084,707.0,238.084,707.0,251.22500000000002,691.0,251.22500000000002,05,paragraph
172,733.0,238.084,741.0,238.084,741.0,251.22500000000002,733.0,251.22500000000002,0,paragraph
173,745.0,238.084,754.0,238.084,754.0,251.22500000000002,745.0,251.22500000000002,1,paragraph
174,779.0,238.084,788.0,238.084,788.0,251.22500000000002,779.0,251.22500000000002,0,paragraph
175,792.0,238.084,808.0,238.084,808.0,251.22500000000002,792.0,251.22500000000002,15,paragraph
176,834.0,238.084,842.0,238.084,842.0,251.22500000000002,834.0,251.22500000000002,0,paragraph
177,847.0,238.084,855.0,238.084,855.0,251.22500000000002,847.0,251.22500000000002,2,paragraph
178,686.0,241.176,691.0,241.176,691.0,251.22500000000002,686.0,251.22500000000002,.,paragraph
179,741.0,241.176,745.0,241.176,745.0,251.22500000000002,741.0,251.22500000000002,.,paragraph
180,788.0,241.176,792.0,241.176,792.0,251.22500000000002,788.0,251.22500000000002,.,paragraph
181,842.0,241.176,847.0,241.176,847.0,251.22500000000002,842.0,251.22500000000002,.,paragraph
182,88.0,247.36,120.0,247.36,120.0,257.409,88.0,257.409,arcs.,paragraph
183,135.0,247.36,159.0,247.36,159.0,257.409,135.0,257.409,For,paragraph
184,167.0,247.36,189.0,247.36,189.0,257.409,167.0,257.409,the,paragraph
185,197.0,247.36,271.0,247.36,271.0,257.409,197.0,257.409,symmetric,paragraph
186,279.0,247.36,329.0,247.36,329.0,257.409,279.0,257.409,driving,paragraph
187,337.0,247.36,345.0,247.36,345.0,257.409,337.0,257.409,f,paragraph
188,353.0,247.36,357.0,247.36,357.0,257.409,353.0,257.409,,,paragraph
189,366.0,247.36,392.0,247.36,392.0,257.409,366.0,257.409,this,paragraph
190,400.0,247.36,435.0,247.36,435.0,257.409,400.0,257.409,leads,paragraph
191,443.0,247.36,458.0,247.36,458.0,257.409,443.0,257.409,to,paragraph
192,466.0,247.36,488.0,247.36,488.0,257.409,466.0,257.409,the,paragraph
193,345.0,251.22500000000002,352.0,251.22500000000002,352.0,258.182,345.0,258.182,2,paragraph
194,743.0,250.452,753.0,250.452,753.0,260.50100000000003,743.0,260.50100000000003,α,paragraph
195,88.0,258.95500000000004,186.0,258.95500000000004,186.0,268.231,88.0,268.231,ellipse-shaped,paragraph
196,194.0,258.95500000000004,256.0,258.95500000000004,256.0,268.231,194.0,268.231,solutions,paragraph
197,264.0,258.95500000000004,325.0,258.95500000000004,325.0,268.231,264.0,268.231,sketched,paragraph
198,332.0,258.95500000000004,346.0,258.95500000000004,346.0,268.231,332.0,268.231,in,paragraph
199,354.0,258.95500000000004,376.0,258.95500000000004,376.0,268.231,354.0,268.231,the,paragraph
200,384.0,258.95500000000004,421.0,258.95500000000004,421.0,268.231,384.0,268.231,lower,paragraph
201,429.0,258.95500000000004,467.0,258.95500000000004,467.0,268.231,429.0,268.231,panel,paragraph
202,475.0,258.95500000000004,488.0,258.95500000000004,488.0,268.231,475.0,268.231,of,paragraph
203,656.0,265.139,675.0,265.139,675.0,278.28,656.0,278.28,(c),paragraph
204,88.0,269.777,116.0,269.777,116.0,279.82599999999996,88.0,279.82599999999996,Fig.,paragraph
205,122.0,269.777,156.0,269.777,156.0,279.82599999999996,122.0,279.82599999999996,5(a).,paragraph
206,167.0,269.777,206.0,269.777,206.0,279.82599999999996,167.0,279.82599999999996,Upon,paragraph
207,212.0,269.777,273.0,269.777,273.0,279.82599999999996,212.0,279.82599999999996,reducing,paragraph
208,280.0,269.777,302.0,269.777,302.0,279.82599999999996,280.0,279.82599999999996,the,paragraph
209,309.0,269.777,375.0,269.777,375.0,279.82599999999996,309.0,279.82599999999996,harmonic,paragraph
210,382.0,269.777,413.0,269.777,413.0,279.82599999999996,382.0,279.82599999999996,with,paragraph
211,420.0,269.777,488.0,269.777,488.0,279.82599999999996,420.0,279.82599999999996,frequency,paragraph
212,620.0,272.096,628.0,272.096,628.0,286.01,620.0,286.01,1,paragraph
213,88.0,281.372,112.0,281.372,112.0,290.648,88.0,290.648,2Ω,,paragraph
214,120.0,281.372,151.0,281.372,151.0,290.648,120.0,290.648,they,paragraph
215,159.0,281.372,203.0,281.372,203.0,290.648,159.0,290.648,shrink,paragraph
216,210.0,281.372,236.0,281.372,236.0,290.648,210.0,290.648,and,paragraph
217,244.0,281.372,316.0,281.372,316.0,290.648,244.0,290.648,eventually,paragraph
218,324.0,281.372,373.0,281.372,373.0,290.648,324.0,290.648,vanish.,paragraph
219,386.0,281.372,449.0,281.372,449.0,290.648,386.0,290.648,Together,paragraph
220,457.0,281.372,488.0,281.372,488.0,290.648,457.0,290.648,with,paragraph
221,88.0,292.194,110.0,292.194,110.0,302.243,88.0,302.243,the,paragraph
222,118.0,292.194,167.0,292.194,167.0,302.243,118.0,302.243,generic,paragraph
223,175.0,292.194,235.0,292.194,235.0,302.243,175.0,302.243,solution,,paragraph
224,243.0,292.194,262.0,292.194,262.0,302.243,243.0,302.243,we,paragraph
225,269.0,292.194,314.0,292.194,314.0,302.243,269.0,302.243,obtain,paragraph
226,322.0,292.194,344.0,292.194,344.0,302.243,322.0,302.243,the,paragraph
227,352.0,292.194,416.0,292.194,416.0,302.243,352.0,302.243,structure,paragraph
228,423.0,292.194,467.0,292.194,467.0,302.243,423.0,302.243,shown,paragraph
229,475.0,292.194,488.0,292.194,488.0,302.243,475.0,302.243,in,paragraph
230,571.0,295.286,594.0,295.286,594.0,302.243,571.0,302.243,Ω,paragraph
231,88.0,303.016,110.0,303.016,110.0,313.065,88.0,313.065,the,paragraph
232,118.0,303.016,159.0,303.016,159.0,313.065,118.0,313.065,upper,paragraph
233,166.0,303.016,204.0,303.016,204.0,313.065,166.0,313.065,panel,paragraph
234,212.0,303.016,225.0,303.016,225.0,313.065,212.0,313.065,of,paragraph
235,232.0,303.016,260.0,303.016,260.0,313.065,232.0,313.065,Fig.,paragraph
236,267.0,303.016,301.0,303.016,301.0,313.065,267.0,313.065,5(a).,paragraph
237,314.0,303.016,329.0,303.016,329.0,313.065,314.0,313.065,In,paragraph
238,336.0,303.016,410.0,303.016,410.0,313.065,336.0,313.065,particular,,paragraph
239,418.0,303.016,454.0,303.016,454.0,313.065,418.0,313.065,there,paragraph
240,462.0,303.016,473.0,303.016,473.0,313.065,462.0,313.065,is,paragraph
241,480.0,303.016,488.0,303.016,488.0,313.065,480.0,313.065,a,paragraph
242,577.0,302.243,593.0,302.243,593.0,306.88100000000003,577.0,306.88100000000003,/,paragraph
243,607.0,303.016,615.0,303.016,615.0,316.93,607.0,316.93,0,paragraph
244,620.0,303.016,628.0,303.016,628.0,316.93,620.0,316.93,5,paragraph
245,577.0,306.88100000000003,593.0,306.88100000000003,593.0,313.065,577.0,313.065,λ,paragraph
246,615.0,306.88100000000003,620.0,306.88100000000003,620.0,316.93,615.0,316.93,.,paragraph
247,725.0,308.427,784.0,308.427,784.0,321.568,725.0,321.568,coupling,paragraph
248,88.0,314.611,131.0,314.611,131.0,324.65999999999997,88.0,324.65999999999997,region,paragraph
249,138.0,314.611,152.0,314.611,152.0,324.65999999999997,138.0,324.65999999999997,in,paragraph
250,159.0,314.611,200.0,314.611,200.0,324.65999999999997,159.0,324.65999999999997,which,paragraph
251,207.0,314.611,230.0,314.611,230.0,324.65999999999997,207.0,324.65999999999997,the,paragraph
252,237.0,314.611,259.0,314.611,259.0,324.65999999999997,237.0,324.65999999999997,arc,paragraph
253,266.0,314.611,303.0,314.611,303.0,324.65999999999997,266.0,324.65999999999997,splits,paragraph
254,310.0,314.611,338.0,314.611,338.0,324.65999999999997,310.0,324.65999999999997,into,paragraph
255,345.0,314.611,370.0,314.611,370.0,324.65999999999997,345.0,324.65999999999997,two,paragraph
256,377.0,314.611,444.0,314.611,444.0,324.65999999999997,377.0,324.65999999999997,branches.,paragraph
257,456.0,314.611,488.0,314.611,488.0,324.65999999999997,456.0,324.65999999999997,This,paragraph
258,702.0,311.519,719.0,311.519,719.0,322.341,702.0,322.341,σx,paragraph
259,724.0,322.341,784.0,322.341,784.0,336.255,724.0,336.255,coupling,paragraph
260,88.0,325.433,159.0,325.433,159.0,335.48199999999997,88.0,335.48199999999997,prediction,paragraph
261,166.0,325.433,177.0,325.433,177.0,335.48199999999997,166.0,335.48199999999997,is,paragraph
262,184.0,325.433,283.0,325.433,283.0,335.48199999999997,184.0,335.48199999999997,quantitatively,paragraph
263,289.0,325.433,359.0,325.433,359.0,335.48199999999997,289.0,335.48199999999997,conﬁrmed,paragraph
264,366.0,325.433,383.0,325.433,383.0,335.48199999999997,366.0,335.48199999999997,by,paragraph
265,390.0,325.433,412.0,325.433,412.0,335.48199999999997,390.0,335.48199999999997,the,paragraph
266,419.0,325.433,488.0,325.433,488.0,335.48199999999997,419.0,335.48199999999997,numerical,paragraph
267,702.0,326.206,711.0,326.206,711.0,335.48199999999997,702.0,335.48199999999997,σ,paragraph
268,711.0,329.298,717.0,329.298,717.0,336.255,711.0,336.255,z,paragraph
269,88.0,337.028,144.0,337.028,144.0,346.30400000000003,88.0,346.30400000000003,solution,paragraph
270,149.0,337.028,162.0,337.028,162.0,346.30400000000003,149.0,346.30400000000003,of,paragraph
271,168.0,337.028,190.0,337.028,190.0,346.30400000000003,168.0,346.30400000000003,the,paragraph
272,196.0,337.028,219.0,337.028,219.0,346.30400000000003,196.0,346.30400000000003,full,paragraph
273,224.0,337.028,282.0,337.028,282.0,346.30400000000003,224.0,346.30400000000003,problem,paragraph
274,288.0,337.028,332.0,337.028,332.0,346.30400000000003,288.0,346.30400000000003,shown,paragraph
275,337.0,337.028,351.0,337.028,351.0,346.30400000000003,337.0,346.30400000000003,in,paragraph
276,356.0,337.028,384.0,337.028,384.0,346.30400000000003,356.0,346.30400000000003,Fig.,paragraph
277,389.0,337.028,424.0,337.028,424.0,346.30400000000003,389.0,346.30400000000003,1(h).,paragraph
278,620.0,334.709,628.0,334.709,628.0,348.623,620.0,348.623,0,paragraph
279,638.0,343.985,646.0,343.985,646.0,357.899,638.0,357.899,0,paragraph
280,683.0,343.985,692.0,343.985,692.0,357.899,683.0,357.899,2,paragraph
281,696.0,343.985,704.0,343.985,704.0,357.899,696.0,357.899,5,paragraph
282,742.0,343.985,750.0,343.985,750.0,357.899,742.0,357.899,5,paragraph
283,788.0,343.985,796.0,343.985,796.0,357.899,788.0,357.899,7,paragraph
284,801.0,343.985,809.0,343.985,809.0,357.899,801.0,357.899,5,paragraph
285,842.0,343.985,859.0,343.985,859.0,357.899,842.0,357.899,10,paragraph
286,104.0,348.623,115.0,348.623,115.0,357.899,104.0,357.899,If,paragraph
287,120.0,348.623,128.0,348.623,128.0,357.899,120.0,357.899,f,paragraph
288,136.0,348.623,147.0,348.623,147.0,357.899,136.0,357.899,is,paragraph
289,152.0,348.623,176.0,348.623,176.0,357.899,152.0,357.899,not,paragraph
290,181.0,348.623,273.0,348.623,273.0,357.899,181.0,357.899,time-reversal,paragraph
291,279.0,348.623,357.0,348.623,357.0,357.899,279.0,357.899,symmetric,,paragraph
292,363.0,348.623,381.0,348.623,381.0,357.899,363.0,357.899,we,paragraph
293,387.0,348.623,450.0,348.623,450.0,357.899,387.0,357.899,generally,paragraph
294,456.0,348.623,488.0,348.623,488.0,357.899,456.0,357.899,have,paragraph
295,692.0,347.85,696.0,347.85,696.0,357.12600000000003,692.0,357.12600000000003,.,paragraph
296,796.0,347.85,801.0,347.85,801.0,357.12600000000003,796.0,357.12600000000003,.,paragraph
297,88.0,359.445,102.0,359.445,102.0,369.49399999999997,88.0,369.49399999999997,to,paragraph
298,110.0,359.445,180.0,359.445,180.0,369.49399999999997,110.0,369.49399999999997,determine,paragraph
299,187.0,359.445,205.0,359.445,205.0,369.49399999999997,187.0,369.49399999999997,all,paragraph
300,212.0,359.445,218.0,359.445,218.0,369.49399999999997,212.0,369.49399999999997,t,paragraph
301,231.0,359.445,316.0,359.445,316.0,369.49399999999997,231.0,369.49399999999997,numerically.,paragraph
302,329.0,359.445,353.0,359.445,353.0,369.49399999999997,329.0,369.49399999999997,For,paragraph
303,360.0,359.445,383.0,359.445,383.0,369.49399999999997,360.0,369.49399999999997,the,paragraph
304,390.0,359.445,441.0,359.445,441.0,369.49399999999997,390.0,369.49399999999997,driving,paragraph
305,448.0,359.445,488.0,359.445,488.0,369.49399999999997,448.0,369.49399999999997,shape,paragraph
306,725.0,356.353,772.0,356.353,772.0,371.03999999999996,725.0,371.03999999999996,1/β~Ω,paragraph
307,218.0,363.31,223.0,363.31,223.0,370.267,218.0,370.267,i,paragraph
308,88.0,371.03999999999996,96.0,371.03999999999996,96.0,380.316,88.0,380.316,f,paragraph
309,103.0,371.03999999999996,108.0,371.03999999999996,108.0,380.316,103.0,380.316,,,paragraph
310,115.0,371.03999999999996,141.0,371.03999999999996,141.0,380.316,115.0,380.316,this,paragraph
311,148.0,371.03999999999996,218.0,371.03999999999996,218.0,380.316,148.0,380.316,procedure,paragraph
312,225.0,371.03999999999996,236.0,371.03999999999996,236.0,380.316,225.0,380.316,is,paragraph
313,243.0,371.03999999999996,313.0,371.03999999999996,313.0,380.316,243.0,380.316,visualized,paragraph
314,320.0,371.03999999999996,333.0,371.03999999999996,333.0,380.316,320.0,380.316,in,paragraph
315,340.0,371.03999999999996,368.0,371.03999999999996,368.0,380.316,340.0,380.316,Fig.,paragraph
316,375.0,371.03999999999996,410.0,371.03999999999996,410.0,380.316,375.0,380.316,5(b),,paragraph
317,417.0,371.03999999999996,459.0,371.03999999999996,459.0,380.316,417.0,380.316,where,paragraph
318,466.0,371.03999999999996,488.0,371.03999999999996,488.0,380.316,466.0,380.316,the,paragraph
319,96.0,374.905,102.0,374.905,102.0,381.089,96.0,381.089,3,paragraph
320,88.0,381.862,120.0,381.862,120.0,391.911,88.0,391.911,solid,paragraph
321,127.0,381.862,158.0,381.862,158.0,391.911,127.0,391.911,lines,paragraph
322,165.0,381.862,178.0,381.862,178.0,391.911,165.0,391.911,in,paragraph
323,185.0,381.862,207.0,381.862,207.0,391.911,185.0,391.911,the,paragraph
324,213.0,381.862,251.0,381.862,251.0,391.911,213.0,391.911,lower,paragraph
325,257.0,381.862,295.0,381.862,295.0,391.911,257.0,391.911,panel,paragraph
326,301.0,381.862,344.0,381.862,344.0,391.911,301.0,391.911,depict,paragraph
327,351.0,381.862,373.0,381.862,373.0,391.911,351.0,391.911,the,paragraph
328,380.0,381.862,415.0,381.862,415.0,391.911,380.0,391.911,zeros,paragraph
329,421.0,381.862,434.0,381.862,434.0,391.911,421.0,391.911,of,paragraph
330,441.0,381.862,466.0,381.862,466.0,391.911,441.0,391.911,g(t,,paragraph
331,469.0,381.862,488.0,381.862,488.0,392.684,469.0,392.684,τ(cid:15)),paragraph
332,517.0,383.408,549.0,383.408,549.0,392.684,517.0,392.684,FIG.,paragraph
333,557.0,383.408,569.0,383.408,569.0,392.684,557.0,392.684,6.,paragraph
334,586.0,383.408,628.0,383.408,628.0,392.684,586.0,392.684,(Color,caption
335,637.0,383.408,682.0,383.408,682.0,392.684,637.0,392.684,online),caption
336,691.0,383.408,746.0,383.408,746.0,392.684,691.0,392.684,Analysis,caption
337,755.0,383.408,767.0,383.408,767.0,392.684,755.0,392.684,of,caption
338,775.0,383.408,796.0,383.408,796.0,392.684,775.0,392.684,the,caption
339,805.0,383.408,863.0,383.408,863.0,392.684,805.0,392.684,principal,caption
340,871.0,383.408,891.0,383.408,891.0,392.684,871.0,392.684,arc,caption
341,900.0,383.408,918.0,383.408,918.0,392.684,900.0,392.684,for,caption
342,88.0,393.457,129.0,393.457,129.0,402.733,88.0,402.733,which,paragraph
343,134.0,393.457,176.0,393.457,176.0,402.733,134.0,402.733,deﬁne,paragraph
344,181.0,393.457,206.0,393.457,206.0,402.733,181.0,402.733,two,paragraph
345,211.0,393.457,298.0,393.457,298.0,402.733,211.0,402.733,independent,paragraph
346,303.0,393.457,372.0,393.457,372.0,402.733,303.0,402.733,manifolds,paragraph
347,377.0,393.457,383.0,393.457,383.0,402.733,377.0,402.733,t,paragraph
348,388.0,393.457,402.0,393.457,402.0,402.733,388.0,402.733,(τ,paragraph
349,408.0,393.457,414.0,393.457,414.0,402.733,408.0,402.733,),paragraph
350,420.0,393.457,446.0,393.457,446.0,402.733,420.0,402.733,and,paragraph
351,451.0,393.457,488.0,393.457,488.0,402.733,451.0,402.733,those,paragraph
352,517.0,393.457,538.0,393.457,538.0,402.733,517.0,402.733,the,caption
353,546.0,393.457,592.0,393.457,592.0,402.733,546.0,402.733,driving,caption
354,599.0,393.457,625.0,393.457,625.0,402.733,599.0,402.733,f(t),caption
355,633.0,393.457,645.0,393.457,645.0,402.733,633.0,402.733,=,caption
356,652.0,393.457,701.0,393.457,701.0,402.733,652.0,402.733,cos(Ωt),caption
357,708.0,393.457,732.0,393.457,732.0,402.733,708.0,402.733,and,caption
358,739.0,393.457,819.0,393.457,819.0,402.733,739.0,402.733,system-bath,caption
359,826.0,393.457,882.0,393.457,882.0,402.733,826.0,402.733,coupling,caption
360,889.0,393.457,918.0,393.457,918.0,402.733,889.0,402.733,with,caption
361,281.0,397.322,297.0,397.322,297.0,414.32800000000003,281.0,414.32800000000003,→,paragraph
362,383.0,396.54900000000004,388.0,396.54900000000004,388.0,403.50600000000003,383.0,403.50600000000003,i,paragraph
363,402.0,396.54900000000004,407.0,396.54900000000004,407.0,403.50600000000003,402.0,403.50600000000003,(cid:15),paragraph
364,88.0,404.279,137.0,404.279,137.0,414.32800000000003,88.0,414.32800000000003,related,paragraph
365,143.0,404.279,160.0,404.279,160.0,414.32800000000003,143.0,414.32800000000003,by,paragraph
366,166.0,404.279,189.0,404.279,189.0,414.32800000000003,166.0,414.32800000000003,the,paragraph
367,195.0,404.279,226.0,404.279,226.0,414.32800000000003,195.0,414.32800000000003,time,paragraph
368,232.0,404.279,264.0,404.279,264.0,414.32800000000003,232.0,414.32800000000003,shift,paragraph
369,270.0,404.279,275.0,404.279,275.0,414.32800000000003,270.0,414.32800000000003,t,paragraph
370,303.0,404.279,309.0,404.279,309.0,414.32800000000003,303.0,414.32800000000003,t,paragraph
371,313.0,404.279,325.0,404.279,325.0,414.32800000000003,313.0,414.32800000000003,+,paragraph
372,329.0,404.279,346.0,404.279,346.0,414.32800000000003,329.0,414.32800000000003,T.,paragraph
373,355.0,404.279,383.0,404.279,383.0,414.32800000000003,355.0,414.32800000000003,The,paragraph
374,389.0,404.279,488.0,404.279,488.0,414.32800000000003,389.0,414.32800000000003,corresponding,paragraph
375,517.0,404.279,530.0,404.279,530.0,412.78200000000004,517.0,412.78200000000004,∆,caption
376,535.0,404.279,547.0,404.279,547.0,412.78200000000004,535.0,412.78200000000004,=,caption
377,551.0,404.279,586.0,404.279,586.0,412.78200000000004,551.0,412.78200000000004,0.5Ω.,caption
378,593.0,404.279,613.0,404.279,613.0,412.78200000000004,593.0,412.78200000000004,(a),caption
379,618.0,404.279,665.0,404.279,665.0,412.78200000000004,618.0,412.78200000000004,Fourier,caption
380,670.0,404.279,735.0,404.279,735.0,412.78200000000004,670.0,412.78200000000004,transform,caption
381,740.0,404.279,752.0,404.279,752.0,412.78200000000004,740.0,412.78200000000004,of,caption
382,757.0,404.279,778.0,404.279,778.0,412.78200000000004,757.0,412.78200000000004,the,caption
383,784.0,404.279,860.0,404.279,860.0,412.78200000000004,784.0,412.78200000000004,interference,caption
384,865.0,404.279,918.0,404.279,918.0,412.78200000000004,865.0,412.78200000000004,pattern,,caption
385,88.0,415.101,109.0,415.101,109.0,425.15000000000003,88.0,425.15000000000003,arc,paragraph
386,116.0,415.101,180.0,415.101,180.0,425.15000000000003,116.0,425.15000000000003,structure,paragraph
387,187.0,415.101,231.0,415.101,231.0,425.15000000000003,187.0,425.15000000000003,shown,paragraph
388,237.0,415.101,250.0,415.101,250.0,425.15000000000003,237.0,425.15000000000003,in,paragraph
389,257.0,415.101,279.0,415.101,279.0,425.15000000000003,257.0,425.15000000000003,the,paragraph
390,286.0,415.101,327.0,415.101,327.0,425.15000000000003,286.0,425.15000000000003,upper,paragraph
391,333.0,415.101,371.0,415.101,371.0,425.15000000000003,333.0,425.15000000000003,panel,paragraph
392,378.0,415.101,421.0,415.101,421.0,425.15000000000003,378.0,425.15000000000003,agrees,paragraph
393,428.0,415.101,459.0,415.101,459.0,425.15000000000003,428.0,425.15000000000003,with,paragraph
394,466.0,415.101,488.0,415.101,488.0,425.15000000000003,466.0,425.15000000000003,the,paragraph
395,517.0,414.32800000000003,556.0,414.32800000000003,556.0,423.60400000000004,517.0,423.60400000000004,W(τ(cid:15),,caption
396,559.0,414.32800000000003,581.0,414.32800000000003,581.0,423.60400000000004,559.0,423.60400000000004,τA),caption
397,587.0,414.32800000000003,622.0,414.32800000000003,622.0,422.831,587.0,422.831,along,caption
398,627.0,414.32800000000003,648.0,414.32800000000003,648.0,422.831,627.0,422.831,the,caption
399,654.0,414.32800000000003,712.0,414.32800000000003,712.0,422.831,654.0,422.831,principal,caption
400,717.0,414.32800000000003,737.0,414.32800000000003,737.0,422.831,717.0,422.831,arc,caption
401,743.0,414.32800000000003,758.0,414.32800000000003,758.0,423.60400000000004,743.0,423.60400000000004,τA,caption
402,764.0,414.32800000000003,776.0,414.32800000000003,776.0,422.831,764.0,422.831,=,caption
403,781.0,414.32800000000003,840.0,414.32800000000003,840.0,423.60400000000004,781.0,423.60400000000004,2F(τ(cid:15)/2),caption
404,845.0,414.32800000000003,863.0,414.32800000000003,863.0,422.831,845.0,422.831,for,caption
405,869.0,414.32800000000003,884.0,414.32800000000003,884.0,423.60400000000004,869.0,423.60400000000004,σx,caption
406,890.0,414.32800000000003,918.0,414.32800000000003,918.0,422.831,890.0,422.831,cou-,caption
407,88.0,426.696,112.0,426.696,112.0,436.74499999999995,88.0,436.74499999999995,one,paragraph
408,118.0,426.696,179.0,426.696,179.0,436.74499999999995,118.0,436.74499999999995,obtained,paragraph
409,185.0,426.696,267.0,426.696,267.0,436.74499999999995,185.0,436.74499999999995,numerically,paragraph
410,272.0,426.696,313.0,426.696,313.0,436.74499999999995,272.0,436.74499999999995,which,paragraph
411,319.0,426.696,330.0,426.696,330.0,436.74499999999995,319.0,436.74499999999995,is,paragraph
412,335.0,426.696,379.0,426.696,379.0,436.74499999999995,335.0,436.74499999999995,shown,paragraph
413,385.0,426.696,398.0,426.696,398.0,436.74499999999995,385.0,436.74499999999995,in,paragraph
414,404.0,426.696,431.0,426.696,431.0,436.74499999999995,404.0,436.74499999999995,Fig.,paragraph
415,437.0,426.696,467.0,426.696,467.0,436.74499999999995,437.0,436.74499999999995,1(i).,paragraph
416,517.0,424.377,550.0,424.377,550.0,432.88000000000005,517.0,432.88000000000005,pling,caption
417,556.0,424.377,580.0,424.377,580.0,432.88000000000005,556.0,432.88000000000005,and,caption
418,585.0,424.377,595.0,424.377,595.0,432.88000000000005,585.0,432.88000000000005,α,caption
419,600.0,424.377,611.0,424.377,611.0,432.88000000000005,600.0,432.88000000000005,=,caption
420,616.0,424.377,647.0,424.377,647.0,432.88000000000005,616.0,432.88000000000005,0.05.,caption
421,655.0,424.377,681.0,424.377,681.0,432.88000000000005,655.0,432.88000000000005,The,caption
422,687.0,424.377,739.0,424.377,739.0,432.88000000000005,687.0,432.88000000000005,symbols,caption
423,744.0,424.377,777.0,424.377,777.0,432.88000000000005,744.0,432.88000000000005,show,caption
424,782.0,424.377,846.0,424.377,846.0,432.88000000000005,782.0,432.88000000000005,numerical,caption
425,852.0,424.377,895.0,424.377,895.0,432.88000000000005,852.0,432.88000000000005,results,caption
426,900.0,424.377,918.0,424.377,918.0,432.88000000000005,900.0,432.88000000000005,for,caption
427,517.0,434.42600000000004,572.0,434.42600000000004,572.0,443.70199999999994,517.0,443.70199999999994,diﬀerent,caption
428,579.0,434.42600000000004,666.0,434.42600000000004,666.0,443.70199999999994,579.0,443.70199999999994,temperatures,caption
429,672.0,434.42600000000004,701.0,434.42600000000004,701.0,443.70199999999994,672.0,443.70199999999994,1/β,,caption
430,708.0,434.42600000000004,742.0,434.42600000000004,742.0,443.70199999999994,708.0,443.70199999999994,while,caption
431,749.0,434.42600000000004,770.0,434.42600000000004,770.0,443.70199999999994,749.0,443.70199999999994,the,caption
432,777.0,434.42600000000004,828.0,434.42600000000004,828.0,443.70199999999994,777.0,443.70199999999994,straight,caption
433,835.0,434.42600000000004,864.0,434.42600000000004,864.0,443.70199999999994,835.0,443.70199999999994,lines,caption
434,871.0,434.42600000000004,891.0,434.42600000000004,891.0,443.70199999999994,871.0,443.70199999999994,are,caption
435,898.0,434.42600000000004,918.0,434.42600000000004,918.0,443.70199999999994,898.0,443.70199999999994,ﬁts,caption
436,206.0,437.518,224.0,437.518,224.0,446.794,206.0,446.794,B.,section
437,241.0,437.518,283.0,437.518,283.0,446.794,241.0,446.794,Weak,section
438,289.0,437.518,370.0,437.518,370.0,446.794,289.0,446.794,dissipation,section
439,517.0,444.47499999999997,531.0,444.47499999999997,531.0,453.751,517.0,453.751,to,caption
440,537.0,444.47499999999997,553.0,444.47499999999997,553.0,453.751,537.0,453.751,an,caption
441,560.0,444.47499999999997,635.0,444.47499999999997,635.0,453.751,560.0,453.751,exponential,caption
442,642.0,444.47499999999997,681.0,444.47499999999997,681.0,453.751,642.0,453.751,decay.,caption
443,692.0,444.47499999999997,712.0,444.47499999999997,712.0,453.751,692.0,453.751,(b),caption
444,719.0,444.47499999999997,759.0,444.47499999999997,759.0,453.751,719.0,453.751,Decay,caption
445,765.0,444.47499999999997,791.0,444.47499999999997,791.0,453.751,765.0,453.751,rate,caption
446,798.0,444.47499999999997,806.0,444.47499999999997,806.0,453.751,798.0,453.751,λ,caption
447,813.0,444.47499999999997,831.0,444.47499999999997,831.0,453.751,813.0,453.751,for,caption
448,837.0,444.47499999999997,918.0,444.47499999999997,918.0,453.751,837.0,453.751,temperature,caption
449,341.0,455.29699999999997,358.0,455.29699999999997,358.0,472.303,341.0,472.303,(cid:28),paragraph
450,399.0,454.524,416.0,454.524,416.0,490.855,399.0,490.855,(cid:80),paragraph
451,517.0,455.29699999999997,541.0,455.29699999999997,541.0,463.79999999999995,517.0,463.79999999999995,1/β,caption
452,546.0,455.29699999999997,558.0,455.29699999999997,558.0,463.79999999999995,546.0,463.79999999999995,=,caption
453,562.0,453.751,600.0,453.751,600.0,466.11899999999997,562.0,466.11899999999997,0.5(cid:126)Ω,caption
454,605.0,455.29699999999997,618.0,455.29699999999997,618.0,463.79999999999995,605.0,463.79999999999995,as,caption
455,623.0,455.29699999999997,631.0,455.29699999999997,631.0,463.79999999999995,623.0,463.79999999999995,a,caption
456,635.0,455.29699999999997,689.0,455.29699999999997,689.0,463.79999999999995,635.0,463.79999999999995,function,caption
457,694.0,455.29699999999997,706.0,455.29699999999997,706.0,463.79999999999995,694.0,463.79999999999995,of,caption
458,711.0,455.29699999999997,732.0,455.29699999999997,732.0,463.79999999999995,711.0,463.79999999999995,the,caption
459,737.0,455.29699999999997,807.0,455.29699999999997,807.0,463.79999999999995,737.0,463.79999999999995,dissipation,caption
460,812.0,455.29699999999997,867.0,455.29699999999997,867.0,463.79999999999995,812.0,463.79999999999995,strength,caption
461,872.0,455.29699999999997,885.0,455.29699999999997,885.0,463.79999999999995,872.0,463.79999999999995,α.,caption
462,892.0,455.29699999999997,918.0,455.29699999999997,918.0,463.79999999999995,892.0,463.79999999999995,The,caption
463,377.0,458.38899999999995,390.0,458.38899999999995,390.0,475.395,377.0,475.395,√,paragraph
464,104.0,462.25399999999996,119.0,462.25399999999996,119.0,472.303,104.0,472.303,In,paragraph
465,123.0,462.25399999999996,145.0,462.25399999999996,145.0,472.303,123.0,472.303,the,paragraph
466,149.0,462.25399999999996,182.0,462.25399999999996,182.0,472.303,149.0,472.303,limit,paragraph
467,186.0,462.25399999999996,199.0,462.25399999999996,199.0,472.303,186.0,472.303,of,paragraph
468,203.0,462.25399999999996,238.0,462.25399999999996,238.0,472.303,203.0,472.303,weak,paragraph
469,242.0,462.25399999999996,323.0,462.25399999999996,323.0,479.26,242.0,479.26,dissipati∗on,,paragraph
470,327.0,462.25399999999996,342.0,462.25399999999996,342.0,483.125,327.0,483.125,Γ|,paragraph
471,362.0,462.25399999999996,376.0,462.25399999999996,376.0,483.125,362.0,483.125,∆|,paragraph
472,376.0,462.25399999999996,389.0,462.25399999999996,389.0,473.07599999999996,376.0,473.07599999999996,n,,paragraph
473,393.0,462.25399999999996,416.0,462.25399999999996,416.0,472.303,393.0,472.303,the,paragraph
474,419.0,462.25399999999996,488.0,462.25399999999996,488.0,472.303,419.0,472.303,resonance,paragraph
475,517.0,465.346,549.0,465.346,549.0,473.849,517.0,473.849,error,caption
476,556.0,465.346,584.0,465.346,584.0,473.849,556.0,473.849,bars,caption
477,590.0,465.346,610.0,465.346,610.0,473.849,590.0,473.849,are,caption
478,617.0,465.346,691.0,465.346,691.0,473.849,617.0,473.849,determined,caption
479,697.0,465.346,713.0,465.346,713.0,473.849,697.0,473.849,by,caption
480,720.0,465.346,768.0,465.346,768.0,473.849,720.0,473.849,slightly,caption
481,774.0,465.346,823.0,465.346,823.0,473.849,774.0,473.849,varying,caption
482,829.0,465.346,850.0,465.346,850.0,473.849,829.0,473.849,the,caption
483,857.0,465.346,871.0,465.346,871.0,473.849,857.0,473.849,ﬁt,caption
484,878.0,465.346,918.0,465.346,918.0,473.849,878.0,473.849,range.,caption
485,88.0,473.849,128.0,473.849,128.0,483.125,88.0,483.125,width,paragraph
486,136.0,473.849,149.0,473.849,149.0,483.125,136.0,483.125,in,paragraph
487,156.0,473.849,181.0,473.849,181.0,483.125,156.0,483.125,Eq.,paragraph
488,188.0,473.849,217.0,473.849,217.0,483.125,188.0,483.125,(23),paragraph
489,224.0,473.849,283.0,473.849,283.0,483.125,224.0,483.125,becomes,paragraph
490,291.0,473.849,309.0,473.849,309.0,485.444,291.0,485.444,Γn,paragraph
491,317.0,473.849,330.0,473.849,330.0,483.125,317.0,483.125,=,paragraph
492,342.0,473.849,363.0,473.849,363.0,483.898,342.0,483.898,∆n,paragraph
493,369.0,473.849,377.0,473.849,377.0,483.125,369.0,483.125,/,paragraph
494,390.0,473.849,403.0,473.849,403.0,483.125,390.0,483.125,2,,paragraph
495,411.0,473.849,462.0,473.849,462.0,494.72,411.0,494.72,so|that,paragraph
496,470.0,473.849,488.0,473.849,488.0,494.72,470.0,494.72,w|e,paragraph
497,517.0,475.395,536.0,475.395,536.0,483.898,517.0,483.898,(c),caption
498,542.0,475.395,582.0,475.395,582.0,483.898,542.0,483.898,Decay,caption
499,588.0,475.395,614.0,475.395,614.0,483.898,588.0,483.898,rate,caption
500,620.0,475.395,633.0,475.395,633.0,483.898,620.0,483.898,as,caption
501,639.0,475.395,647.0,475.395,647.0,483.898,639.0,483.898,a,caption
502,653.0,475.395,707.0,475.395,707.0,483.898,653.0,483.898,function,caption
503,713.0,475.395,725.0,475.395,725.0,483.898,713.0,483.898,of,caption
504,731.0,475.395,752.0,475.395,752.0,483.898,731.0,483.898,the,caption
505,758.0,475.395,838.0,475.395,838.0,483.898,758.0,483.898,temperature,caption
506,844.0,475.395,862.0,475.395,862.0,483.898,844.0,483.898,for,caption
507,868.0,475.395,918.0,475.395,918.0,483.898,868.0,483.898,dissipa-,caption
508,88.0,484.671,120.0,484.671,120.0,494.72,88.0,494.72,have,paragraph
509,127.0,484.671,141.0,484.671,141.0,494.72,127.0,494.72,to,paragraph
510,149.0,484.671,207.0,484.671,207.0,494.72,149.0,494.72,evaluate,paragraph
511,214.0,484.671,237.0,484.671,237.0,494.72,214.0,494.72,the,paragraph
512,244.0,484.671,295.0,484.671,295.0,494.72,244.0,494.72,Fourier,paragraph
513,302.0,484.671,371.0,484.671,371.0,494.72,302.0,494.72,transform,paragraph
514,378.0,484.671,391.0,484.671,391.0,494.72,378.0,494.72,of,paragraph
515,416.0,490.082,424.0,490.082,424.0,497.039,416.0,497.039,n,paragraph
516,432.0,484.671,479.0,484.671,479.0,495.493,432.0,495.493,∆n(A),paragraph
517,484.0,484.671,488.0,484.671,488.0,494.72,484.0,494.72,.,paragraph
518,517.0,485.444,543.0,485.444,543.0,494.72,517.0,494.72,tion,caption
519,548.0,485.444,609.0,485.444,609.0,494.72,548.0,494.72,strengths,caption
520,614.0,485.444,624.0,485.444,624.0,494.72,614.0,494.72,α,caption
521,628.0,485.444,639.0,485.444,639.0,494.72,628.0,494.72,=,caption
522,644.0,485.444,675.0,485.444,675.0,494.72,644.0,494.72,0.05.,caption
523,88.0,496.266,119.0,496.266,119.0,505.54200000000003,88.0,505.54200000000003,This,paragraph
524,125.0,496.266,196.0,496.266,196.0,505.54200000000003,125.0,505.54200000000003,represents,paragraph
525,201.0,496.266,209.0,496.266,209.0,505.54200000000003,201.0,505.54200000000003,a,paragraph
526,215.0,496.266,258.0,496.266,258.0,505.54200000000003,215.0,505.54200000000003,rather,paragraph
527,263.0,496.266,318.0,496.266,318.0,505.54200000000003,263.0,505.54200000000003,diﬃcult,paragraph
528,323.0,496.266,353.0,496.266,353.0,505.54200000000003,323.0,505.54200000000003,task,paragraph
529,358.0,496.266,389.0,496.266,389.0,505.54200000000003,358.0,505.54200000000003,and,,paragraph
530,394.0,496.266,429.0,496.266,429.0,505.54200000000003,394.0,505.54200000000003,thus,,paragraph
531,434.0,496.266,453.0,496.266,453.0,505.54200000000003,434.0,505.54200000000003,we,paragraph
532,458.0,496.266,488.0,496.266,488.0,505.54200000000003,458.0,505.54200000000003,only,paragraph
533,88.0,507.088,137.0,507.088,137.0,517.1370000000001,88.0,517.1370000000001,discuss,paragraph
534,142.0,507.088,160.0,507.088,160.0,517.1370000000001,142.0,517.1370000000001,its,paragraph
535,165.0,507.088,251.0,507.088,251.0,517.1370000000001,165.0,517.1370000000001,implications,paragraph
536,256.0,507.088,274.0,507.088,274.0,517.1370000000001,256.0,517.1370000000001,on,paragraph
537,279.0,507.088,287.0,507.088,287.0,517.1370000000001,279.0,517.1370000000001,a,paragraph
538,293.0,507.088,368.0,507.088,368.0,517.1370000000001,293.0,517.1370000000001,qualitative,paragraph
539,374.0,507.088,410.0,507.088,410.0,517.1370000000001,374.0,517.1370000000001,level.,paragraph
540,104.0,518.683,116.0,518.683,116.0,527.9590000000001,104.0,527.9590000000001,A,paragraph
541,123.0,518.683,159.0,518.683,159.0,527.9590000000001,123.0,527.9590000000001,main,paragraph
542,166.0,518.683,203.0,518.683,203.0,527.9590000000001,166.0,527.9590000000001,eﬀect,paragraph
543,210.0,518.683,223.0,518.683,223.0,527.9590000000001,210.0,527.9590000000001,of,paragraph
544,230.0,518.683,253.0,518.683,253.0,527.9590000000001,230.0,527.9590000000001,the,paragraph
545,260.0,518.683,298.0,518.683,298.0,527.9590000000001,260.0,527.9590000000001,cusps,paragraph
546,305.0,518.683,374.0,518.683,374.0,527.9590000000001,305.0,527.9590000000001,stemming,paragraph
547,381.0,518.683,414.0,518.683,414.0,527.9590000000001,381.0,527.9590000000001,from,paragraph
548,421.0,518.683,444.0,518.683,444.0,527.9590000000001,421.0,527.9590000000001,the,paragraph
549,451.0,518.683,488.0,518.683,488.0,527.9590000000001,451.0,527.9590000000001,abso-,paragraph
550,517.0,521.7750000000001,552.0,521.7750000000001,552.0,531.824,517.0,531.824,most,paragraph
551,560.0,521.7750000000001,595.0,521.7750000000001,595.0,531.824,560.0,531.824,basic,paragraph
552,603.0,521.7750000000001,646.0,521.7750000000001,646.0,531.824,603.0,531.824,model,paragraph
553,654.0,521.7750000000001,674.0,521.7750000000001,674.0,531.824,654.0,531.824,for,paragraph
554,682.0,521.7750000000001,726.0,521.7750000000001,726.0,531.824,682.0,531.824,LZSM,paragraph
555,734.0,521.7750000000001,821.0,521.7750000000001,821.0,531.824,734.0,531.824,interference.,paragraph
556,836.0,521.7750000000001,876.0,521.7750000000001,876.0,531.824,836.0,531.824,Thus,,paragraph
557,884.0,521.7750000000001,918.0,521.7750000000001,918.0,531.824,884.0,531.824,their,paragraph
558,88.0,529.505,115.0,529.505,115.0,539.554,88.0,539.554,lute,paragraph
559,121.0,529.505,158.0,529.505,158.0,539.554,121.0,539.554,value,paragraph
560,164.0,529.505,175.0,529.505,175.0,539.554,164.0,539.554,is,paragraph
561,181.0,529.505,204.0,529.505,204.0,539.554,181.0,539.554,the,paragraph
562,210.0,529.505,283.0,529.505,283.0,539.554,210.0,539.554,emergence,paragraph
563,289.0,529.505,302.0,529.505,302.0,539.554,289.0,539.554,of,paragraph
564,309.0,529.505,353.0,529.505,353.0,539.554,309.0,539.554,higher,paragraph
565,359.0,529.505,436.0,529.505,436.0,539.554,359.0,539.554,harmonics,,paragraph
566,443.0,529.505,459.0,529.505,459.0,539.554,443.0,539.554,cf.,paragraph
567,466.0,529.505,488.0,529.505,488.0,539.554,466.0,539.554,the,paragraph
568,385.0,533.37,389.0,533.37,389.0,550.376,385.0,550.376,|,paragraph
569,444.0,533.37,449.0,533.37,449.0,550.376,444.0,550.376,|,paragraph
570,517.0,533.37,591.0,533.37,591.0,543.419,517.0,543.419,emergence,paragraph
571,597.0,533.37,628.0,533.37,628.0,543.419,597.0,543.419,does,paragraph
572,635.0,533.37,658.0,533.37,658.0,543.419,635.0,543.419,not,paragraph
573,664.0,533.37,714.0,533.37,714.0,543.419,664.0,543.419,require,paragraph
574,720.0,533.37,743.0,533.37,743.0,543.419,720.0,543.419,the,paragraph
575,749.0,533.37,843.0,533.37,843.0,543.419,749.0,543.419,consideration,paragraph
576,849.0,533.37,862.0,533.37,862.0,543.419,849.0,543.419,of,paragraph
577,869.0,533.37,918.0,533.37,918.0,543.419,869.0,543.419,further,paragraph
578,88.0,541.0999999999999,139.0,541.0999999999999,139.0,550.376,88.0,550.376,Fourier,paragraph
579,145.0,541.0999999999999,214.0,541.0999999999999,214.0,550.376,145.0,550.376,transform,paragraph
580,221.0,541.0999999999999,234.0,541.0999999999999,234.0,550.376,221.0,550.376,of,paragraph
581,240.0,541.0999999999999,320.0,541.0999999999999,320.0,550.376,240.0,550.376,expressions,paragraph
582,326.0,541.0999999999999,357.0,541.0999999999999,357.0,550.376,326.0,550.376,such,paragraph
583,364.0,541.0999999999999,378.0,541.0999999999999,378.0,550.376,364.0,550.376,as,paragraph
584,392.0,541.0999999999999,444.0,541.0999999999999,444.0,550.376,392.0,550.376,cos(Ωt),paragraph
585,449.0,541.0999999999999,453.0,541.0999999999999,453.0,550.376,449.0,550.376,.,paragraph
586,463.0,541.0999999999999,488.0,541.0999999999999,488.0,550.376,463.0,550.376,Ac-,paragraph
587,517.0,544.192,556.0,544.192,556.0,554.241,517.0,554.241,levels,paragraph
588,561.0,544.192,576.0,544.192,576.0,554.241,561.0,554.241,or,paragraph
589,581.0,544.192,686.0,544.192,686.0,554.241,581.0,554.241,non-linearities.,paragraph
590,88.0,551.922,157.0,551.922,157.0,561.971,88.0,561.971,cordingly,,paragraph
591,165.0,551.922,179.0,551.922,179.0,561.971,165.0,561.971,in,paragraph
592,187.0,551.922,209.0,551.922,209.0,561.971,187.0,561.971,the,paragraph
593,217.0,551.922,268.0,551.922,268.0,561.971,217.0,561.971,Fourier,paragraph
594,276.0,551.922,345.0,551.922,345.0,561.971,276.0,561.971,transform,paragraph
595,353.0,551.922,366.0,551.922,366.0,561.971,353.0,561.971,of,paragraph
596,374.0,551.922,398.0,551.922,398.0,561.971,374.0,561.971,our,paragraph
597,406.0,551.922,488.0,551.922,488.0,561.971,406.0,561.971,interference,paragraph
598,553.0,558.106,571.0,558.106,571.0,566.609,553.0,566.609,V.,section
599,588.0,558.106,650.0,558.106,650.0,566.609,588.0,566.609,DECAY,section
600,656.0,558.106,680.0,558.106,680.0,566.609,656.0,566.609,OF,section
601,686.0,558.106,723.0,558.106,723.0,566.609,686.0,566.609,THE,section
602,729.0,558.106,767.0,558.106,767.0,566.609,729.0,566.609,ARC,section
603,772.0,558.106,882.0,558.106,882.0,566.609,772.0,566.609,STRUCTURE,section
604,88.0,563.5169999999999,151.0,563.5169999999999,151.0,572.793,88.0,572.793,patterns,,paragraph
605,157.0,563.5169999999999,175.0,563.5169999999999,175.0,572.793,157.0,572.793,we,paragraph
606,181.0,563.5169999999999,208.0,563.5169999999999,208.0,572.793,181.0,572.793,ﬁnd,paragraph
607,214.0,563.5169999999999,242.0,563.5169999999999,242.0,572.793,214.0,572.793,arcs,paragraph
608,247.0,563.5169999999999,260.0,563.5169999999999,260.0,572.793,247.0,572.793,of,paragraph
609,266.0,563.5169999999999,310.0,563.5169999999999,310.0,572.793,266.0,572.793,higher,paragraph
610,316.0,563.5169999999999,353.0,563.5169999999999,353.0,572.793,316.0,572.793,order,paragraph
611,359.0,563.5169999999999,373.0,563.5169999999999,373.0,572.793,359.0,572.793,as,paragraph
612,379.0,563.5169999999999,403.0,563.5169999999999,403.0,572.793,379.0,572.793,can,paragraph
613,409.0,563.5169999999999,426.0,563.5169999999999,426.0,572.793,409.0,572.793,be,paragraph
614,431.0,563.5169999999999,488.0,563.5169999999999,488.0,572.793,431.0,572.793,appreci-,paragraph
615,88.0,574.3389999999999,118.0,574.3389999999999,118.0,584.388,88.0,584.388,ated,paragraph
616,125.0,574.3389999999999,138.0,574.3389999999999,138.0,584.388,125.0,584.388,in,paragraph
617,145.0,574.3389999999999,179.0,574.3389999999999,179.0,584.388,145.0,584.388,Figs.,paragraph
618,185.0,574.3389999999999,244.0,574.3389999999999,244.0,584.388,185.0,584.388,1(g)–(i).,paragraph
619,254.0,574.3389999999999,273.0,574.3389999999999,273.0,584.388,254.0,584.388,To,paragraph
620,279.0,574.3389999999999,296.0,574.3389999999999,296.0,584.388,279.0,584.388,be,paragraph
621,302.0,574.3389999999999,358.0,574.3389999999999,358.0,584.388,302.0,584.388,speciﬁc,,paragraph
622,364.0,574.3389999999999,387.0,574.3389999999999,387.0,584.388,364.0,584.388,the,paragraph
623,393.0,574.3389999999999,421.0,574.3389999999999,421.0,584.388,393.0,584.388,arcs,paragraph
624,428.0,574.3389999999999,465.0,574.3389999999999,465.0,584.388,428.0,584.388,given,paragraph
625,471.0,574.3389999999999,488.0,574.3389999999999,488.0,584.388,471.0,584.388,by,paragraph
626,88.0,585.934,118.0,585.934,118.0,595.21,88.0,595.21,Eqs.,paragraph
627,124.0,585.934,153.0,585.934,153.0,595.21,124.0,595.21,(33),paragraph
628,158.0,585.934,184.0,585.934,184.0,595.21,158.0,595.21,and,paragraph
629,190.0,585.934,219.0,585.934,219.0,595.21,190.0,595.21,(34),paragraph
630,224.0,585.934,246.0,585.934,246.0,595.21,224.0,595.21,are,paragraph
631,251.0,585.934,330.0,585.934,330.0,595.21,251.0,595.21,generalized,paragraph
632,335.0,585.934,350.0,585.934,350.0,595.21,335.0,595.21,to,paragraph
633,534.0,584.388,546.0,584.388,546.0,593.664,534.0,593.664,A,paragraph
634,552.0,584.388,621.0,584.388,621.0,593.664,552.0,593.664,promising,paragraph
635,627.0,584.388,706.0,584.388,706.0,593.664,627.0,593.664,application,paragraph
636,711.0,584.388,724.0,584.388,724.0,593.664,711.0,593.664,of,paragraph
637,730.0,584.388,774.0,584.388,774.0,593.664,730.0,593.664,LZSM,paragraph
638,780.0,584.388,881.0,584.388,881.0,593.664,780.0,593.664,interferometry,paragraph
639,887.0,584.388,898.0,584.388,898.0,593.664,887.0,593.664,is,paragraph
640,903.0,584.388,918.0,584.388,918.0,593.664,903.0,593.664,to,paragraph
641,517.0,595.21,588.0,595.21,588.0,605.259,517.0,605.259,determine,paragraph
642,594.0,595.21,676.0,595.21,676.0,605.259,594.0,605.259,microscopic,paragraph
643,681.0,595.21,724.0,595.21,724.0,605.259,681.0,605.259,model,paragraph
644,730.0,595.21,809.0,595.21,809.0,605.259,730.0,605.259,parameters,paragraph
645,814.0,595.21,845.0,595.21,845.0,605.259,814.0,605.259,such,paragraph
646,851.0,595.21,865.0,595.21,865.0,605.259,851.0,605.259,as,paragraph
647,871.0,595.21,894.0,595.21,894.0,605.259,871.0,605.259,the,paragraph
648,899.0,595.21,918.0,595.21,918.0,605.259,899.0,605.259,di-,paragraph
649,517.0,606.8050000000001,600.0,606.8050000000001,600.0,616.081,517.0,616.081,mensionless,paragraph
650,605.0,606.8050000000001,681.0,606.8050000000001,681.0,616.081,605.0,616.081,dissipation,paragraph
651,686.0,606.8050000000001,745.0,606.8050000000001,745.0,616.081,686.0,616.081,strength,paragraph
652,750.0,606.8050000000001,765.0,606.8050000000001,765.0,616.081,750.0,616.081,α.,paragraph
653,772.0,606.8050000000001,787.0,606.8050000000001,787.0,616.081,772.0,616.081,In,paragraph
654,792.0,606.8050000000001,821.0,606.8050000000001,821.0,616.081,792.0,616.081,Ref.,paragraph
655,826.0,606.8050000000001,856.0,606.8050000000001,856.0,616.081,826.0,616.081,[13],,paragraph
656,861.0,606.8050000000001,887.0,606.8050000000001,887.0,616.081,861.0,616.081,this,paragraph
657,892.0,606.8050000000001,918.0,606.8050000000001,918.0,616.081,892.0,616.081,was,paragraph
658,334.0,611.443,337.0,611.443,337.0,623.811,334.0,623.811,(cid:48),equation
659,190.0,618.4000000000001,198.0,618.4000000000001,198.0,628.449,190.0,628.449,τ,equation
660,213.0,618.4000000000001,225.0,618.4000000000001,225.0,628.449,213.0,628.449,=,equation
661,230.0,618.4000000000001,273.0,618.4000000000001,273.0,628.449,230.0,628.449,2kF(τ,equation
662,279.0,618.4000000000001,304.0,618.4000000000001,304.0,628.449,279.0,628.449,/2k,equation
663,308.0,618.4000000000001,321.0,618.4000000000001,321.0,628.449,308.0,628.449,+,equation
664,325.0,618.4000000000001,333.0,618.4000000000001,333.0,628.449,325.0,628.449,k,equation
665,338.0,618.4000000000001,386.0,618.4000000000001,386.0,628.449,338.0,628.449,T/2k),,equation
666,459.0,618.4000000000001,488.0,618.4000000000001,488.0,628.449,459.0,628.449,(35),equation
667,517.0,617.6270000000001,590.0,617.6270000000001,590.0,627.676,517.0,627.676,performed,paragraph
668,596.0,617.6270000000001,614.0,617.6270000000001,614.0,627.676,596.0,627.676,by,paragraph
669,620.0,617.6270000000001,694.0,617.6270000000001,694.0,627.676,620.0,627.676,comparing,paragraph
670,701.0,617.6270000000001,724.0,617.6270000000001,724.0,627.676,701.0,627.676,the,paragraph
671,730.0,617.6270000000001,770.0,617.6270000000001,770.0,627.676,730.0,627.676,decay,paragraph
672,776.0,617.6270000000001,790.0,617.6270000000001,790.0,627.676,776.0,627.676,of,paragraph
673,796.0,617.6270000000001,819.0,617.6270000000001,819.0,627.676,796.0,627.676,the,paragraph
674,825.0,617.6270000000001,847.0,617.6270000000001,847.0,627.676,825.0,627.676,arc,paragraph
675,854.0,617.6270000000001,918.0,617.6270000000001,918.0,627.676,854.0,627.676,structure,paragraph
676,198.0,622.265,207.0,622.265,207.0,629.222,198.0,629.222,A,equation
677,273.0,622.265,279.0,622.265,279.0,629.222,273.0,629.222,(cid:15),equation
678,517.0,629.222,531.0,629.222,531.0,638.4979999999999,517.0,638.4979999999999,of,paragraph
679,536.0,629.222,603.0,629.222,603.0,638.4979999999999,536.0,638.4979999999999,measured,paragraph
680,608.0,629.222,652.0,629.222,652.0,638.4979999999999,608.0,638.4979999999999,LZSM,paragraph
681,657.0,629.222,716.0,629.222,716.0,638.4979999999999,657.0,638.4979999999999,patterns,paragraph
682,721.0,629.222,753.0,629.222,753.0,638.4979999999999,721.0,638.4979999999999,with,paragraph
683,758.0,629.222,857.0,629.222,857.0,638.4979999999999,758.0,638.4979999999999,corresponding,paragraph
684,862.0,629.222,918.0,629.222,918.0,638.4979999999999,862.0,638.4979999999999,theoret-,paragraph
685,517.0,640.044,542.0,640.044,542.0,650.093,517.0,650.093,ical,paragraph
686,549.0,640.044,585.0,640.044,585.0,650.093,549.0,650.093,data.,paragraph
687,597.0,640.044,629.0,640.044,629.0,650.093,597.0,650.093,This,paragraph
688,635.0,640.044,714.0,640.044,714.0,650.093,635.0,650.093,application,paragraph
689,721.0,640.044,760.0,640.044,760.0,650.093,721.0,650.093,raises,paragraph
690,767.0,640.044,820.0,640.044,820.0,650.093,767.0,650.093,interest,paragraph
691,827.0,640.044,841.0,640.044,841.0,650.093,827.0,650.093,in,paragraph
692,848.0,640.044,870.0,640.044,870.0,650.093,848.0,650.093,the,paragraph
693,877.0,640.044,918.0,640.044,918.0,650.093,877.0,650.093,corre-,paragraph
694,302.0,645.4549999999999,306.0,645.4549999999999,306.0,657.05,302.0,657.05,(cid:48),paragraph
695,415.0,643.909,428.0,643.909,428.0,660.915,415.0,660.915,−,paragraph
696,104.0,651.639,146.0,651.639,146.0,660.915,104.0,660.915,where,paragraph
697,153.0,651.639,161.0,651.639,161.0,660.915,153.0,660.915,k,paragraph
698,169.0,651.639,181.0,651.639,181.0,660.915,169.0,660.915,=,paragraph
699,188.0,651.639,201.0,651.639,201.0,660.915,188.0,660.915,1,,paragraph
700,204.0,651.639,216.0,651.639,216.0,660.915,204.0,660.915,2,,paragraph
701,219.0,651.639,232.0,651.639,232.0,660.915,219.0,660.915,3,,paragraph
702,234.0,651.639,239.0,651.639,239.0,660.915,234.0,660.915,.,paragraph
703,242.0,651.639,246.0,651.639,246.0,660.915,242.0,660.915,.,paragraph
704,249.0,651.639,253.0,651.639,253.0,660.915,249.0,660.915,.,paragraph
705,260.0,651.639,286.0,651.639,286.0,660.915,260.0,660.915,and,paragraph
706,293.0,651.639,302.0,651.639,302.0,660.915,293.0,660.915,k,paragraph
707,314.0,651.639,326.0,651.639,326.0,660.915,314.0,660.915,=,paragraph
708,333.0,651.639,346.0,651.639,346.0,660.915,333.0,660.915,0,,paragraph
709,349.0,651.639,362.0,651.639,362.0,660.915,349.0,660.915,1,,paragraph
710,364.0,651.639,369.0,651.639,369.0,660.915,364.0,660.915,.,paragraph
711,371.0,651.639,376.0,651.639,376.0,660.915,371.0,660.915,.,paragraph
712,379.0,651.639,383.0,651.639,383.0,660.915,379.0,660.915,.,paragraph
713,386.0,651.639,390.0,651.639,390.0,660.915,386.0,660.915,,,paragraph
714,393.0,651.639,410.0,651.639,410.0,660.915,393.0,660.915,2k,paragraph
715,432.0,651.639,445.0,651.639,445.0,660.915,432.0,660.915,1.,paragraph
716,456.0,651.639,488.0,651.639,488.0,660.915,456.0,660.915,This,paragraph
717,517.0,651.639,581.0,651.639,581.0,660.915,517.0,660.915,sponding,paragraph
718,587.0,651.639,627.0,651.639,627.0,660.915,587.0,660.915,decay,paragraph
719,633.0,651.639,668.0,651.639,668.0,660.915,633.0,660.915,rates,paragraph
720,674.0,651.639,689.0,651.639,689.0,660.915,674.0,660.915,as,paragraph
721,695.0,651.639,703.0,651.639,703.0,660.915,695.0,660.915,a,paragraph
722,709.0,651.639,767.0,651.639,767.0,660.915,709.0,660.915,function,paragraph
723,773.0,651.639,786.0,651.639,786.0,660.915,773.0,660.915,of,paragraph
724,793.0,651.639,815.0,651.639,815.0,660.915,793.0,660.915,the,paragraph
725,821.0,651.639,854.0,651.639,854.0,660.915,821.0,660.915,bath,paragraph
726,860.0,651.639,918.0,651.639,918.0,660.915,860.0,660.915,parame-,paragraph
727,88.0,662.461,159.0,662.461,159.0,672.51,88.0,672.51,prediction,paragraph
728,166.0,662.461,210.0,662.461,210.0,672.51,166.0,672.51,agrees,paragraph
729,217.0,662.461,248.0,662.461,248.0,672.51,217.0,672.51,with,paragraph
730,255.0,662.461,279.0,662.461,279.0,672.51,255.0,672.51,our,paragraph
731,286.0,662.461,355.0,662.461,355.0,672.51,286.0,672.51,numerical,paragraph
732,362.0,662.461,417.0,662.461,417.0,672.51,362.0,672.51,ﬁndings,paragraph
733,424.0,662.461,468.0,662.461,468.0,672.51,424.0,672.51,shown,paragraph
734,475.0,662.461,488.0,662.461,488.0,672.51,475.0,672.51,in,paragraph
735,517.0,662.461,544.0,662.461,544.0,672.51,517.0,672.51,ters,paragraph
736,550.0,662.461,591.0,662.461,591.0,672.51,550.0,672.51,which,paragraph
737,597.0,662.461,619.0,662.461,619.0,672.51,597.0,672.51,are,paragraph
738,625.0,662.461,648.0,662.461,648.0,672.51,625.0,672.51,the,paragraph
739,654.0,662.461,730.0,662.461,730.0,672.51,654.0,672.51,dissipation,paragraph
740,736.0,662.461,795.0,662.461,795.0,672.51,736.0,672.51,strength,paragraph
741,801.0,662.461,827.0,662.461,827.0,672.51,801.0,672.51,and,paragraph
742,834.0,662.461,856.0,662.461,856.0,672.51,834.0,672.51,the,paragraph
743,862.0,662.461,918.0,662.461,918.0,672.51,862.0,672.51,temper-,paragraph
744,88.0,673.283,122.0,673.283,122.0,683.332,88.0,683.332,Figs.,paragraph
745,128.0,673.283,157.0,673.283,157.0,683.332,128.0,683.332,1(g),paragraph
746,162.0,673.283,188.0,673.283,188.0,683.332,162.0,683.332,and,paragraph
747,194.0,673.283,228.0,673.283,228.0,683.332,194.0,683.332,1(h).,paragraph
748,236.0,673.283,274.0,673.283,274.0,683.332,236.0,683.332,From,paragraph
749,279.0,673.283,287.0,673.283,287.0,683.332,279.0,683.332,a,paragraph
750,293.0,673.283,368.0,673.283,368.0,683.332,293.0,683.332,theoretical,paragraph
751,374.0,673.283,411.0,673.283,411.0,683.332,374.0,683.332,point,paragraph
752,416.0,673.283,429.0,673.283,429.0,683.332,416.0,683.332,of,paragraph
753,435.0,673.283,472.0,673.283,472.0,683.332,435.0,683.332,view,,paragraph
754,477.0,673.283,488.0,673.283,488.0,683.332,477.0,683.332,it,paragraph
755,517.0,673.283,559.0,673.283,559.0,683.332,517.0,683.332,ature.,paragraph
756,573.0,673.283,611.0,673.283,611.0,683.332,573.0,683.332,Some,paragraph
757,618.0,673.283,683.0,673.283,683.0,683.332,618.0,683.332,examples,paragraph
758,690.0,673.283,710.0,673.283,710.0,683.332,690.0,683.332,for,paragraph
759,717.0,673.283,740.0,673.283,740.0,683.332,717.0,683.332,the,paragraph
760,747.0,673.283,769.0,673.283,769.0,683.332,747.0,683.332,arc,paragraph
761,776.0,673.283,816.0,673.283,816.0,683.332,776.0,683.332,decay,paragraph
762,824.0,673.283,845.0,673.283,845.0,683.332,824.0,683.332,are,paragraph
763,853.0,673.283,897.0,673.283,897.0,683.332,853.0,683.332,shown,paragraph
764,904.0,673.283,918.0,673.283,918.0,683.332,904.0,683.332,in,paragraph
765,88.0,684.878,99.0,684.878,99.0,694.927,88.0,694.927,is,paragraph
766,105.0,684.878,180.0,684.878,180.0,694.927,105.0,694.927,interesting,paragraph
767,186.0,684.878,201.0,684.878,201.0,694.927,186.0,694.927,to,paragraph
768,207.0,684.878,228.0,684.878,228.0,694.927,207.0,694.927,see,paragraph
769,235.0,684.878,265.0,684.878,265.0,694.927,235.0,694.927,that,paragraph
770,271.0,684.878,299.0,684.878,299.0,694.927,271.0,694.927,arcs,paragraph
771,306.0,684.878,319.0,684.878,319.0,694.927,306.0,694.927,of,paragraph
772,325.0,684.878,370.0,684.878,370.0,694.927,325.0,694.927,higher,paragraph
773,376.0,684.878,413.0,684.878,413.0,694.927,376.0,694.927,order,paragraph
774,420.0,684.878,441.0,684.878,441.0,694.927,420.0,694.927,are,paragraph
775,448.0,684.878,488.0,684.878,488.0,694.927,448.0,694.927,found,paragraph
776,517.0,684.878,545.0,684.878,545.0,694.927,517.0,694.927,Fig.,paragraph
777,552.0,684.878,585.0,684.878,585.0,694.927,552.0,694.927,6(a).,paragraph
778,597.0,684.878,609.0,684.878,609.0,694.927,597.0,694.927,It,paragraph
779,615.0,684.878,640.0,684.878,640.0,694.927,615.0,694.927,can,paragraph
780,647.0,684.878,663.0,684.878,663.0,694.927,647.0,694.927,be,paragraph
781,670.0,684.878,752.0,684.878,752.0,694.927,670.0,694.927,appreciated,paragraph
782,759.0,684.878,789.0,684.878,789.0,694.927,759.0,694.927,that,paragraph
783,796.0,684.878,809.0,684.878,809.0,694.927,796.0,694.927,in,paragraph
784,816.0,684.878,839.0,684.878,839.0,694.927,816.0,694.927,the,paragraph
785,845.0,684.878,898.0,684.878,898.0,694.927,845.0,694.927,vicinity,paragraph
786,905.0,684.878,918.0,684.878,918.0,694.927,905.0,694.927,of,paragraph
787,539.0,688.743,551.0,688.743,551.0,705.749,539.0,705.749,≈,paragraph
788,88.0,695.7,140.0,695.7,140.0,705.749,88.0,705.749,already,paragraph
789,148.0,695.7,193.0,695.7,193.0,705.749,148.0,705.749,within,paragraph
790,201.0,695.7,209.0,695.7,209.0,705.749,201.0,705.749,a,paragraph
791,217.0,695.7,279.0,695.7,279.0,705.749,217.0,705.749,two-level,paragraph
792,287.0,695.7,370.0,695.7,370.0,705.749,287.0,705.749,description,,paragraph
793,378.0,695.7,404.0,695.7,404.0,705.749,378.0,705.749,i.e.,,paragraph
794,412.0,695.7,458.0,695.7,458.0,705.749,412.0,705.749,within,paragraph
795,466.0,695.7,488.0,695.7,488.0,705.749,466.0,705.749,the,paragraph
796,517.0,695.7,525.0,695.7,525.0,705.749,517.0,705.749,τ,paragraph
797,559.0,695.7,591.0,695.7,591.0,705.749,559.0,705.749,T/4,,paragraph
798,599.0,695.7,622.0,695.7,622.0,705.749,599.0,705.749,the,paragraph
799,629.0,695.7,680.0,695.7,680.0,705.749,629.0,705.749,Fourier,paragraph
800,687.0,695.7,759.0,695.7,759.0,705.749,687.0,705.749,amplitude,paragraph
801,766.0,695.7,812.0,695.7,812.0,705.749,766.0,705.749,decays,paragraph
802,820.0,695.7,918.0,695.7,918.0,705.749,820.0,705.749,exponentially,,paragraph
803,525.0,699.565,530.0,699.565,530.0,706.522,525.0,706.522,(cid:15),paragraph
804,575.0,183.974,794.0,183.974,794.0,371.03999999999996,575.0,371.03999999999996,##LTFigure##,figure
805,390.0,473.07599999999996,399.0,473.07599999999996,399.0,473.07599999999996,390.0,473.07599999999996,##LTLine##,paragraph
806,642.0,237.311,647.0,237.311,647.0,237.311,642.0,237.311,##LTLine##,paragraph
807,642.0,224.17,645.0,224.17,645.0,224.17,642.0,224.17,##LTLine##,paragraph
808,642.0,211.02900000000002,647.0,211.02900000000002,647.0,211.02900000000002,642.0,211.02900000000002,##LTLine##,paragraph
809,642.0,197.888,645.0,197.888,645.0,197.888,642.0,197.888,##LTLine##,paragraph
810,642.0,184.74699999999999,647.0,184.74699999999999,647.0,184.74699999999999,642.0,184.74699999999999,##LTLine##,paragraph
811,642.0,171.606,645.0,171.606,645.0,171.606,642.0,171.606,##LTLine##,paragraph
812,642.0,158.465,647.0,158.465,647.0,158.465,642.0,158.465,##LTLine##,paragraph
813,642.0,233.446,642.0,233.446,642.0,237.311,642.0,237.311,##LTLine##,paragraph
814,667.0,234.992,667.0,234.992,667.0,237.311,667.0,237.311,##LTLine##,paragraph
815,692.0,233.446,692.0,233.446,692.0,237.311,692.0,237.311,##LTLine##,paragraph
816,718.0,234.992,718.0,234.992,718.0,237.311,718.0,237.311,##LTLine##,paragraph
817,743.0,233.446,743.0,233.446,743.0,237.311,743.0,237.311,##LTLine##,paragraph
818,768.0,234.992,768.0,234.992,768.0,237.311,768.0,237.311,##LTLine##,paragraph
819,794.0,233.446,794.0,233.446,794.0,237.311,794.0,237.311,##LTLine##,paragraph
820,819.0,234.992,819.0,234.992,819.0,237.311,819.0,237.311,##LTLine##,paragraph
821,845.0,233.446,845.0,233.446,845.0,237.311,845.0,237.311,##LTLine##,paragraph
822,642.0,158.465,642.0,158.465,642.0,161.557,642.0,161.557,##LTLine##,paragraph
823,667.0,158.465,667.0,158.465,667.0,160.784,667.0,160.784,##LTLine##,paragraph
824,692.0,158.465,692.0,158.465,692.0,161.557,692.0,161.557,##LTLine##,paragraph
825,718.0,158.465,718.0,158.465,718.0,160.784,718.0,160.784,##LTLine##,paragraph
826,743.0,158.465,743.0,158.465,743.0,161.557,743.0,161.557,##LTLine##,paragraph
827,768.0,158.465,768.0,158.465,768.0,160.784,768.0,160.784,##LTLine##,paragraph
828,794.0,158.465,794.0,158.465,794.0,161.557,794.0,161.557,##LTLine##,paragraph
829,819.0,158.465,819.0,158.465,819.0,160.784,819.0,160.784,##LTLine##,paragraph
830,845.0,158.465,845.0,158.465,845.0,161.557,845.0,161.557,##LTLine##,paragraph
831,849.0,237.311,855.0,237.311,855.0,237.311,849.0,237.311,##LTLine##,paragraph
832,851.0,224.17,855.0,224.17,855.0,224.17,851.0,224.17,##LTLine##,paragraph
833,849.0,211.02900000000002,855.0,211.02900000000002,855.0,211.02900000000002,849.0,211.02900000000002,##LTLine##,paragraph
834,851.0,197.888,855.0,197.888,855.0,197.888,851.0,197.888,##LTLine##,paragraph
835,849.0,184.74699999999999,855.0,184.74699999999999,855.0,184.74699999999999,849.0,184.74699999999999,##LTLine##,paragraph
836,851.0,171.606,855.0,171.606,855.0,171.606,851.0,171.606,##LTLine##,paragraph
837,849.0,158.465,855.0,158.465,855.0,158.465,849.0,158.465,##LTLine##,paragraph
838,642.0,158.465,642.0,158.465,642.0,237.311,642.0,237.311,##LTLine##,paragraph
839,642.0,237.311,855.0,237.311,855.0,237.311,642.0,237.311,##LTLine##,paragraph
840,642.0,158.465,855.0,158.465,855.0,158.465,642.0,158.465,##LTLine##,paragraph
841,855.0,158.465,855.0,158.465,855.0,237.311,855.0,237.311,##LTLine##,paragraph
842,652.0,214.894,652.0,214.894,652.0,218.759,652.0,218.759,##LTLine##,paragraph
843,649.0,218.759,654.0,218.759,654.0,218.759,649.0,218.759,##LTLine##,paragraph
844,649.0,214.894,654.0,214.894,654.0,214.894,649.0,214.894,##LTLine##,paragraph
845,692.0,202.526,692.0,202.526,692.0,204.845,692.0,204.845,##LTLine##,paragraph
846,690.0,204.845,695.0,204.845,695.0,204.845,690.0,204.845,##LTLine##,paragraph
847,690.0,202.526,695.0,202.526,695.0,202.526,690.0,202.526,##LTLine##,paragraph
848,723.0,197.115,723.0,197.115,723.0,201.75300000000001,723.0,201.75300000000001,##LTLine##,paragraph
849,721.0,201.75300000000001,725.0,201.75300000000001,725.0,201.75300000000001,721.0,201.75300000000001,##LTLine##,paragraph
850,721.0,197.115,725.0,197.115,725.0,197.115,721.0,197.115,##LTLine##,paragraph
851,743.0,194.023,743.0,194.023,743.0,199.434,743.0,199.434,##LTLine##,paragraph
852,741.0,199.434,745.0,199.434,745.0,199.434,741.0,199.434,##LTLine##,paragraph
853,741.0,194.023,745.0,194.023,745.0,194.023,741.0,194.023,##LTLine##,paragraph
854,794.0,183.974,794.0,183.974,794.0,191.704,794.0,191.704,##LTLine##,paragraph
855,792.0,191.704,796.0,191.704,796.0,191.704,792.0,191.704,##LTLine##,paragraph
856,792.0,183.974,796.0,183.974,796.0,183.974,792.0,183.974,##LTLine##,paragraph
857,845.0,170.833,845.0,170.833,845.0,180.109,845.0,180.109,##LTLine##,paragraph
858,842.0,180.109,847.0,180.109,847.0,180.109,842.0,180.109,##LTLine##,paragraph
859,842.0,170.833,847.0,170.833,847.0,170.833,842.0,170.833,##LTLine##,paragraph
860,652.0,191.704,652.0,191.704,652.0,206.39100000000002,652.0,206.39100000000002,##LTLine##,paragraph
861,649.0,206.39100000000002,654.0,206.39100000000002,654.0,206.39100000000002,649.0,206.39100000000002,##LTLine##,paragraph
862,649.0,191.704,654.0,191.704,654.0,191.704,649.0,191.704,##LTLine##,paragraph
863,703.0,190.158,703.0,190.158,703.0,204.845,703.0,204.845,##LTLine##,paragraph
864,700.0,204.845,705.0,204.845,705.0,204.845,700.0,204.845,##LTLine##,paragraph
865,700.0,190.158,705.0,190.158,705.0,190.158,700.0,190.158,##LTLine##,paragraph
866,723.0,189.385,723.0,189.385,723.0,204.072,723.0,204.072,##LTLine##,paragraph
867,721.0,204.072,725.0,204.072,725.0,204.072,721.0,204.072,##LTLine##,paragraph
868,721.0,189.385,725.0,189.385,725.0,189.385,721.0,189.385,##LTLine##,paragraph
869,743.0,188.612,743.0,188.612,743.0,203.299,743.0,203.299,##LTLine##,paragraph
870,741.0,203.299,745.0,203.299,745.0,203.299,741.0,203.299,##LTLine##,paragraph
871,741.0,188.612,745.0,188.612,745.0,188.612,741.0,188.612,##LTLine##,paragraph
872,845.0,182.428,845.0,182.428,845.0,197.115,845.0,197.115,##LTLine##,paragraph
873,842.0,197.115,847.0,197.115,847.0,197.115,842.0,197.115,##LTLine##,paragraph
874,842.0,182.428,847.0,182.428,847.0,182.428,842.0,182.428,##LTLine##,paragraph
875,707.0,210.25600000000003,730.0,210.25600000000003,730.0,210.25600000000003,707.0,210.25600000000003,##LTLine##,paragraph
876,707.0,224.17,730.0,224.17,730.0,224.17,707.0,224.17,##LTLine##,paragraph
877,642.0,343.212,647.0,343.212,647.0,343.212,642.0,343.212,##LTLine##,paragraph
878,642.0,327.752,645.0,327.752,645.0,327.752,642.0,327.752,##LTLine##,paragraph
879,642.0,311.519,647.0,311.519,647.0,311.519,642.0,311.519,##LTLine##,paragraph
880,642.0,296.059,645.0,296.059,645.0,296.059,642.0,296.059,##LTLine##,paragraph
881,642.0,280.599,647.0,280.599,647.0,280.599,642.0,280.599,##LTLine##,paragraph
882,642.0,264.36600000000004,645.0,264.36600000000004,645.0,264.36600000000004,642.0,264.36600000000004,##LTLine##,paragraph
883,642.0,340.12,642.0,340.12,642.0,343.212,642.0,343.212,##LTLine##,paragraph
884,668.0,341.666,668.0,341.666,668.0,343.212,668.0,343.212,##LTLine##,paragraph
885,694.0,340.12,694.0,340.12,694.0,343.212,694.0,343.212,##LTLine##,paragraph
886,720.0,341.666,720.0,341.666,720.0,343.212,720.0,343.212,##LTLine##,paragraph
887,746.0,340.12,746.0,340.12,746.0,343.212,746.0,343.212,##LTLine##,paragraph
888,772.0,341.666,772.0,341.666,772.0,343.212,772.0,343.212,##LTLine##,paragraph
889,798.0,340.12,798.0,340.12,798.0,343.212,798.0,343.212,##LTLine##,paragraph
890,824.0,341.666,824.0,341.666,824.0,343.212,824.0,343.212,##LTLine##,paragraph
891,851.0,340.12,851.0,340.12,851.0,343.212,851.0,343.212,##LTLine##,paragraph
892,642.0,264.36600000000004,642.0,264.36600000000004,642.0,268.231,642.0,268.231,##LTLine##,paragraph
893,668.0,264.36600000000004,668.0,264.36600000000004,668.0,266.685,668.0,266.685,##LTLine##,paragraph
894,694.0,264.36600000000004,694.0,264.36600000000004,694.0,268.231,694.0,268.231,##LTLine##,paragraph
895,720.0,264.36600000000004,720.0,264.36600000000004,720.0,266.685,720.0,266.685,##LTLine##,paragraph
896,746.0,264.36600000000004,746.0,264.36600000000004,746.0,268.231,746.0,268.231,##LTLine##,paragraph
897,772.0,264.36600000000004,772.0,264.36600000000004,772.0,266.685,772.0,266.685,##LTLine##,paragraph
898,798.0,264.36600000000004,798.0,264.36600000000004,798.0,268.231,798.0,268.231,##LTLine##,paragraph
899,824.0,264.36600000000004,824.0,264.36600000000004,824.0,266.685,824.0,266.685,##LTLine##,paragraph
900,851.0,264.36600000000004,851.0,264.36600000000004,851.0,268.231,851.0,268.231,##LTLine##,paragraph
901,849.0,343.212,855.0,343.212,855.0,343.212,849.0,343.212,##LTLine##,paragraph
902,851.0,327.752,855.0,327.752,855.0,327.752,851.0,327.752,##LTLine##,paragraph
903,849.0,311.519,855.0,311.519,855.0,311.519,849.0,311.519,##LTLine##,paragraph
904,851.0,296.059,855.0,296.059,855.0,296.059,851.0,296.059,##LTLine##,paragraph
905,849.0,280.599,855.0,280.599,855.0,280.599,849.0,280.599,##LTLine##,paragraph
906,851.0,264.36600000000004,855.0,264.36600000000004,855.0,264.36600000000004,851.0,264.36600000000004,##LTLine##,paragraph
907,642.0,264.36600000000004,642.0,264.36600000000004,642.0,343.212,642.0,343.212,##LTLine##,paragraph
908,642.0,343.212,855.0,343.212,855.0,343.212,642.0,343.212,##LTLine##,paragraph
909,642.0,264.36600000000004,855.0,264.36600000000004,855.0,264.36600000000004,642.0,264.36600000000004,##LTLine##,paragraph
910,855.0,264.36600000000004,855.0,264.36600000000004,855.0,343.212,855.0,343.212,##LTLine##,paragraph
911,644.0,311.519,644.0,311.519,644.0,315.38399999999996,644.0,315.38399999999996,##LTLine##,paragraph
912,641.0,315.38399999999996,646.0,315.38399999999996,646.0,315.38399999999996,641.0,315.38399999999996,##LTLine##,paragraph
913,641.0,311.519,646.0,311.519,646.0,311.519,641.0,311.519,##LTLine##,paragraph
914,648.0,309.973,648.0,309.973,648.0,313.838,648.0,313.838,##LTLine##,paragraph
915,646.0,313.838,650.0,313.838,650.0,313.838,646.0,313.838,##LTLine##,paragraph
916,646.0,309.973,650.0,309.973,650.0,309.973,646.0,309.973,##LTLine##,paragraph
917,652.0,303.789,652.0,303.789,652.0,307.654,652.0,307.654,##LTLine##,paragraph
918,650.0,307.654,654.0,307.654,654.0,307.654,650.0,307.654,##LTLine##,paragraph
919,650.0,303.789,654.0,303.789,654.0,303.789,650.0,303.789,##LTLine##,paragraph
920,656.0,297.605,656.0,297.605,656.0,300.697,656.0,300.697,##LTLine##,paragraph
921,654.0,300.697,659.0,300.697,659.0,300.697,654.0,300.697,##LTLine##,paragraph
922,654.0,297.605,659.0,297.605,659.0,297.605,654.0,297.605,##LTLine##,paragraph
923,663.0,293.74,663.0,293.74,663.0,296.832,663.0,296.832,##LTLine##,paragraph
924,660.0,296.832,665.0,296.832,665.0,296.832,660.0,296.832,##LTLine##,paragraph
925,660.0,293.74,665.0,293.74,665.0,293.74,660.0,293.74,##LTLine##,paragraph
926,683.0,291.421,683.0,291.421,683.0,296.832,683.0,296.832,##LTLine##,paragraph
927,681.0,296.832,686.0,296.832,686.0,296.832,681.0,296.832,##LTLine##,paragraph
928,681.0,291.421,686.0,291.421,686.0,291.421,681.0,291.421,##LTLine##,paragraph
929,704.0,292.967,704.0,292.967,704.0,298.378,704.0,298.378,##LTLine##,paragraph
930,702.0,298.378,707.0,298.378,707.0,298.378,702.0,298.378,##LTLine##,paragraph
931,702.0,292.967,707.0,292.967,707.0,292.967,702.0,292.967,##LTLine##,paragraph
932,746.0,294.513,746.0,294.513,746.0,301.47,746.0,301.47,##LTLine##,paragraph
933,744.0,301.47,748.0,301.47,748.0,301.47,744.0,301.47,##LTLine##,paragraph
934,744.0,294.513,748.0,294.513,748.0,294.513,744.0,294.513,##LTLine##,paragraph
935,788.0,297.605,788.0,297.605,788.0,307.654,788.0,307.654,##LTLine##,paragraph
936,786.0,307.654,790.0,307.654,790.0,307.654,786.0,307.654,##LTLine##,paragraph
937,786.0,297.605,790.0,297.605,790.0,297.605,786.0,297.605,##LTLine##,paragraph
938,851.0,299.92400000000004,851.0,299.92400000000004,851.0,315.38399999999996,851.0,315.38399999999996,##LTLine##,paragraph
939,848.0,315.38399999999996,853.0,315.38399999999996,853.0,315.38399999999996,848.0,315.38399999999996,##LTLine##,paragraph
940,848.0,299.92400000000004,853.0,299.92400000000004,853.0,299.92400000000004,848.0,299.92400000000004,##LTLine##,paragraph
941,642.0,286.783,642.0,286.783,642.0,292.967,642.0,292.967,##LTLine##,paragraph
942,640.0,292.967,644.0,292.967,644.0,292.967,640.0,292.967,##LTLine##,paragraph
943,640.0,286.783,644.0,286.783,644.0,286.783,640.0,286.783,##LTLine##,paragraph
944,644.0,287.556,644.0,287.556,644.0,293.74,644.0,293.74,##LTLine##,paragraph
945,641.0,293.74,646.0,293.74,646.0,293.74,641.0,293.74,##LTLine##,paragraph
946,641.0,287.556,646.0,287.556,646.0,287.556,641.0,287.556,##LTLine##,paragraph
947,648.0,285.237,648.0,285.237,648.0,291.421,648.0,291.421,##LTLine##,paragraph
948,646.0,291.421,650.0,291.421,650.0,291.421,646.0,291.421,##LTLine##,paragraph
949,646.0,285.237,650.0,285.237,650.0,285.237,646.0,285.237,##LTLine##,paragraph
950,652.0,282.918,652.0,282.918,652.0,289.102,652.0,289.102,##LTLine##,paragraph
951,650.0,289.102,654.0,289.102,654.0,289.102,650.0,289.102,##LTLine##,paragraph
952,650.0,282.918,654.0,282.918,654.0,282.918,650.0,282.918,##LTLine##,paragraph
953,656.0,281.372,656.0,281.372,656.0,287.556,656.0,287.556,##LTLine##,paragraph
954,654.0,287.556,659.0,287.556,659.0,287.556,654.0,287.556,##LTLine##,paragraph
955,654.0,281.372,659.0,281.372,659.0,281.372,654.0,281.372,##LTLine##,paragraph
956,663.0,281.372,663.0,281.372,663.0,287.556,663.0,287.556,##LTLine##,paragraph
957,660.0,287.556,665.0,287.556,665.0,287.556,660.0,287.556,##LTLine##,paragraph
958,660.0,281.372,665.0,281.372,665.0,281.372,660.0,281.372,##LTLine##,paragraph
959,683.0,282.145,683.0,282.145,683.0,288.329,683.0,288.329,##LTLine##,paragraph
960,681.0,288.329,686.0,288.329,686.0,288.329,681.0,288.329,##LTLine##,paragraph
961,681.0,282.145,686.0,282.145,686.0,282.145,681.0,282.145,##LTLine##,paragraph
962,704.0,281.372,704.0,281.372,704.0,287.556,704.0,287.556,##LTLine##,paragraph
963,702.0,287.556,707.0,287.556,707.0,287.556,702.0,287.556,##LTLine##,paragraph
964,702.0,281.372,707.0,281.372,707.0,281.372,702.0,281.372,##LTLine##,paragraph
965,746.0,279.82599999999996,746.0,279.82599999999996,746.0,286.783,746.0,286.783,##LTLine##,paragraph
966,744.0,286.783,748.0,286.783,748.0,286.783,744.0,286.783,##LTLine##,paragraph
967,744.0,279.82599999999996,748.0,279.82599999999996,748.0,279.82599999999996,744.0,279.82599999999996,##LTLine##,paragraph
968,851.0,277.507,851.0,277.507,851.0,286.783,851.0,286.783,##LTLine##,paragraph
969,848.0,286.783,853.0,286.783,853.0,286.783,848.0,286.783,##LTLine##,paragraph
970,848.0,277.507,853.0,277.507,853.0,277.507,848.0,277.507,##LTLine##,paragraph
971,669.0,316.93,693.0,316.93,693.0,316.93,669.0,316.93,##LTLine##,paragraph
972,669.0,330.844,693.0,330.844,693.0,330.844,669.0,330.844,##LTLine##,paragraph
973,642.0,122.134,647.0,122.134,647.0,122.134,642.0,122.134,##LTLine##,paragraph
974,642.0,111.312,645.0,111.312,645.0,111.312,642.0,111.312,##LTLine##,paragraph
975,642.0,100.49000000000001,647.0,100.49000000000001,647.0,100.49000000000001,642.0,100.49000000000001,##LTLine##,paragraph
976,642.0,88.89500000000001,645.0,88.89500000000001,645.0,88.89500000000001,642.0,88.89500000000001,##LTLine##,paragraph
977,642.0,78.07300000000001,647.0,78.07300000000001,647.0,78.07300000000001,642.0,78.07300000000001,##LTLine##,paragraph
978,642.0,67.25099999999999,645.0,67.25099999999999,645.0,67.25099999999999,642.0,67.25099999999999,##LTLine##,paragraph
979,642.0,56.428999999999995,647.0,56.428999999999995,647.0,56.428999999999995,642.0,56.428999999999995,##LTLine##,paragraph
980,642.0,127.545,642.0,127.545,642.0,130.637,642.0,130.637,##LTLine##,paragraph
981,666.0,128.318,666.0,128.318,666.0,130.637,666.0,130.637,##LTLine##,paragraph
982,690.0,127.545,690.0,127.545,690.0,130.637,690.0,130.637,##LTLine##,paragraph
983,714.0,128.318,714.0,128.318,714.0,130.637,714.0,130.637,##LTLine##,paragraph
984,738.0,127.545,738.0,127.545,738.0,130.637,738.0,130.637,##LTLine##,paragraph
985,763.0,128.318,763.0,128.318,763.0,130.637,763.0,130.637,##LTLine##,paragraph
986,787.0,127.545,787.0,127.545,787.0,130.637,787.0,130.637,##LTLine##,paragraph
987,811.0,128.318,811.0,128.318,811.0,130.637,811.0,130.637,##LTLine##,paragraph
988,835.0,127.545,835.0,127.545,835.0,130.637,835.0,130.637,##LTLine##,paragraph
989,642.0,51.791000000000004,642.0,51.791000000000004,642.0,55.656,642.0,55.656,##LTLine##,paragraph
990,666.0,51.791000000000004,666.0,51.791000000000004,666.0,54.11000000000001,666.0,54.11000000000001,##LTLine##,paragraph
991,690.0,51.791000000000004,690.0,51.791000000000004,690.0,55.656,690.0,55.656,##LTLine##,paragraph
992,714.0,51.791000000000004,714.0,51.791000000000004,714.0,54.11000000000001,714.0,54.11000000000001,##LTLine##,paragraph
993,738.0,51.791000000000004,738.0,51.791000000000004,738.0,55.656,738.0,55.656,##LTLine##,paragraph
994,763.0,51.791000000000004,763.0,51.791000000000004,763.0,54.11000000000001,763.0,54.11000000000001,##LTLine##,paragraph
995,787.0,51.791000000000004,787.0,51.791000000000004,787.0,55.656,787.0,55.656,##LTLine##,paragraph
996,811.0,51.791000000000004,811.0,51.791000000000004,811.0,54.11000000000001,811.0,54.11000000000001,##LTLine##,paragraph
997,835.0,51.791000000000004,835.0,51.791000000000004,835.0,55.656,835.0,55.656,##LTLine##,paragraph
998,849.0,122.134,855.0,122.134,855.0,122.134,849.0,122.134,##LTLine##,paragraph
999,851.0,111.312,855.0,111.312,855.0,111.312,851.0,111.312,##LTLine##,paragraph
1000,849.0,100.49000000000001,855.0,100.49000000000001,855.0,100.49000000000001,849.0,100.49000000000001,##LTLine##,paragraph
1001,851.0,88.89500000000001,855.0,88.89500000000001,855.0,88.89500000000001,851.0,88.89500000000001,##LTLine##,paragraph
1002,849.0,78.07300000000001,855.0,78.07300000000001,855.0,78.07300000000001,849.0,78.07300000000001,##LTLine##,paragraph
1003,851.0,67.25099999999999,855.0,67.25099999999999,855.0,67.25099999999999,851.0,67.25099999999999,##LTLine##,paragraph
1004,849.0,56.428999999999995,855.0,56.428999999999995,855.0,56.428999999999995,849.0,56.428999999999995,##LTLine##,paragraph
1005,642.0,51.791000000000004,642.0,51.791000000000004,642.0,130.637,642.0,130.637,##LTLine##,paragraph
1006,642.0,130.637,855.0,130.637,855.0,130.637,642.0,130.637,##LTLine##,paragraph
1007,642.0,51.791000000000004,855.0,51.791000000000004,855.0,51.791000000000004,642.0,51.791000000000004,##LTLine##,paragraph
1008,855.0,51.791000000000004,855.0,51.791000000000004,855.0,130.637,855.0,130.637,##LTLine##,paragraph
