0,181.0,124.453,253.0,124.453,253.0,136.048,181.0,136.048,accepted,paragraph
1,259.0,124.453,270.0,124.453,270.0,136.048,259.0,136.048,if,paragraph
2,277.0,124.453,289.0,124.453,289.0,136.048,277.0,136.048,it,paragraph
3,296.0,124.453,370.0,124.453,370.0,136.048,296.0,136.048,produces,paragraph
4,376.0,124.453,386.0,124.453,386.0,136.048,376.0,136.048,a,paragraph
5,392.0,124.453,471.0,124.453,471.0,136.048,392.0,136.048,reduction,paragraph
6,477.0,124.453,493.0,124.453,493.0,136.048,477.0,136.048,in,paragraph
7,499.0,124.453,526.0,124.453,526.0,136.048,499.0,136.048,the,paragraph
8,532.0,124.453,630.0,124.453,630.0,136.048,532.0,136.048,normalizing,paragraph
9,636.0,124.453,707.0,124.453,707.0,136.048,636.0,136.048,constant,paragraph
10,713.0,124.453,729.0,124.453,729.0,136.048,713.0,136.048,of,paragraph
11,735.0,124.453,761.0,124.453,761.0,136.048,735.0,136.048,the,paragraph
12,768.0,124.453,816.0,124.453,816.0,136.048,768.0,136.048,corre-,paragraph
13,181.0,138.367,256.0,138.367,256.0,150.735,181.0,150.735,sponding,paragraph
14,262.0,138.367,333.0,138.367,333.0,150.735,262.0,150.735,proposal,paragraph
15,339.0,138.367,372.0,138.367,372.0,150.735,339.0,150.735,pdf.,paragraph
16,381.0,138.367,424.0,138.367,424.0,150.735,381.0,150.735,More,paragraph
17,430.0,138.367,524.0,138.367,524.0,150.735,430.0,150.735,speciﬁcally,,paragraph
18,531.0,138.367,599.0,138.367,599.0,150.735,531.0,150.735,consider,paragraph
19,605.0,138.367,632.0,138.367,632.0,150.735,605.0,150.735,the,paragraph
20,638.0,138.367,661.0,138.367,661.0,150.735,638.0,150.735,set,paragraph
21,409.0,153.054,421.0,153.054,421.0,173.15200000000002,409.0,173.15200000000002,S,paragraph
22,453.0,153.054,462.0,153.054,462.0,173.15200000000002,453.0,173.15200000000002,{,paragraph
23,572.0,153.054,582.0,153.054,582.0,173.15200000000002,572.0,173.15200000000002,},paragraph
24,432.0,161.557,447.0,161.557,447.0,173.15200000000002,432.0,173.15200000000002,=,paragraph
25,462.0,161.557,471.0,161.557,471.0,173.15200000000002,462.0,173.15200000000002,s,paragraph
26,479.0,161.557,484.0,161.557,484.0,173.15200000000002,479.0,173.15200000000002,,,paragraph
27,488.0,161.557,497.0,161.557,497.0,173.15200000000002,488.0,173.15200000000002,s,paragraph
28,504.0,161.557,510.0,161.557,510.0,173.15200000000002,504.0,173.15200000000002,,,paragraph
29,513.0,161.557,518.0,161.557,518.0,173.15200000000002,513.0,173.15200000000002,.,paragraph
30,522.0,161.557,527.0,161.557,527.0,173.15200000000002,522.0,173.15200000000002,.,paragraph
31,530.0,161.557,535.0,161.557,535.0,173.15200000000002,530.0,173.15200000000002,.,paragraph
32,539.0,161.557,544.0,161.557,544.0,173.15200000000002,539.0,173.15200000000002,,,paragraph
33,547.0,161.557,556.0,161.557,556.0,173.15200000000002,547.0,173.15200000000002,s,paragraph
34,582.0,161.557,587.0,161.557,587.0,173.15200000000002,582.0,173.15200000000002,,,paragraph
35,421.0,166.195,426.0,166.195,426.0,173.925,421.0,173.925,t,paragraph
36,471.0,166.195,478.0,166.195,478.0,173.925,471.0,173.925,1,paragraph
37,497.0,166.195,504.0,166.195,504.0,173.925,497.0,173.925,2,paragraph
38,556.0,166.195,570.0,166.195,570.0,173.925,556.0,173.925,M,paragraph
39,585.0,177.017,589.0,177.017,589.0,190.931,585.0,190.931,(cid:48),paragraph
40,181.0,183.974,261.0,183.974,261.0,195.569,181.0,195.569,contained,paragraph
41,268.0,183.974,287.0,183.974,287.0,195.569,268.0,195.569,M,paragraph
42,296.0,183.974,361.0,183.974,361.0,195.569,296.0,195.569,support,paragraph
43,368.0,183.974,424.0,183.974,424.0,195.569,368.0,195.569,points.,paragraph
44,436.0,183.974,485.0,183.974,485.0,195.569,436.0,195.569,When,paragraph
45,493.0,183.974,502.0,183.974,502.0,195.569,493.0,195.569,a,paragraph
46,509.0,183.974,567.0,183.974,567.0,195.569,509.0,195.569,sample,paragraph
47,574.0,183.974,585.0,183.974,585.0,195.569,574.0,195.569,x,paragraph
48,597.0,183.974,610.0,183.974,610.0,195.569,597.0,195.569,is,paragraph
49,617.0,183.974,683.0,183.974,683.0,195.569,617.0,195.569,rejected,paragraph
50,690.0,183.974,706.0,183.974,706.0,195.569,690.0,195.569,in,paragraph
51,713.0,183.974,740.0,183.974,740.0,195.569,713.0,195.569,the,paragraph
52,747.0,183.974,772.0,183.974,772.0,195.569,747.0,195.569,RS,paragraph
53,779.0,183.974,816.0,183.974,816.0,195.569,779.0,195.569,test,,paragraph
54,404.0,191.704,411.0,191.704,411.0,204.845,404.0,204.845,∗,paragraph
55,441.0,189.385,452.0,189.385,452.0,210.25600000000003,441.0,210.25600000000003,S,paragraph
56,181.0,197.888,207.0,197.888,207.0,210.25600000000003,181.0,210.25600000000003,the,paragraph
57,214.0,197.888,268.0,197.888,268.0,210.25600000000003,214.0,210.25600000000003,closest,paragraph
58,274.0,197.888,339.0,197.888,339.0,210.25600000000003,274.0,210.25600000000003,support,paragraph
59,345.0,197.888,389.0,197.888,389.0,210.25600000000003,345.0,210.25600000000003,point,paragraph
60,395.0,197.888,404.0,197.888,404.0,210.25600000000003,395.0,210.25600000000003,s,paragraph
61,418.0,197.888,434.0,197.888,434.0,210.25600000000003,418.0,210.25600000000003,in,paragraph
62,465.0,197.888,477.0,197.888,477.0,210.25600000000003,465.0,210.25600000000003,is,paragraph
63,484.0,197.888,561.0,197.888,561.0,210.25600000000003,484.0,210.25600000000003,obtained,,paragraph
64,568.0,197.888,597.0,197.888,597.0,210.25600000000003,568.0,210.25600000000003,i.e.,,paragraph
65,452.0,203.299,457.0,203.299,457.0,211.02900000000002,452.0,211.02900000000002,t,paragraph
66,417.0,213.348,424.0,213.348,424.0,227.262,417.0,227.262,∗,paragraph
67,518.0,212.57500000000002,524.0,212.57500000000002,524.0,232.673,518.0,232.673,|,paragraph
68,543.0,212.57500000000002,558.0,212.57500000000002,558.0,232.673,543.0,232.673,−,paragraph
69,573.0,212.57500000000002,583.0,212.57500000000002,583.0,232.673,573.0,232.673,(cid:48)|,paragraph
70,408.0,221.07799999999997,417.0,221.07799999999997,417.0,232.673,408.0,232.673,s,paragraph
71,430.0,221.07799999999997,445.0,221.07799999999997,445.0,232.673,430.0,232.673,=,paragraph
72,450.0,221.07799999999997,477.0,221.07799999999997,477.0,232.673,450.0,232.673,arg,paragraph
73,482.0,221.07799999999997,514.0,221.07799999999997,514.0,232.673,482.0,232.673,min,paragraph
74,524.0,221.07799999999997,533.0,221.07799999999997,533.0,232.673,524.0,232.673,s,paragraph
75,562.0,221.07799999999997,573.0,221.07799999999997,573.0,232.673,562.0,232.673,x,paragraph
76,583.0,221.07799999999997,588.0,221.07799999999997,588.0,232.673,583.0,232.673,.,paragraph
77,492.0,225.71599999999998,510.0,225.71599999999998,510.0,238.857,492.0,238.857,∈S,paragraph
78,533.0,225.71599999999998,537.0,225.71599999999998,537.0,233.446,533.0,233.446,i,paragraph
79,480.0,231.12699999999998,491.0,231.12699999999998,491.0,239.63,480.0,239.63,si,paragraph
80,510.0,233.446,514.0,233.446,514.0,239.63,510.0,239.63,t,paragraph
81,718.0,240.403,730.0,240.403,730.0,260.50100000000003,718.0,260.50100000000003,S,paragraph
82,181.0,248.906,207.0,248.906,207.0,260.50100000000003,181.0,260.50100000000003,We,paragraph
83,213.0,248.906,258.0,248.906,258.0,260.50100000000003,213.0,260.50100000000003,recall,paragraph
84,263.0,248.906,298.0,248.906,298.0,260.50100000000003,263.0,260.50100000000003,that,paragraph
85,304.0,248.906,326.0,248.906,326.0,260.50100000000003,304.0,260.50100000000003,we,paragraph
86,332.0,248.906,387.0,248.906,387.0,260.50100000000003,332.0,260.50100000000003,denote,paragraph
87,393.0,248.906,430.0,248.906,430.0,260.50100000000003,393.0,260.50100000000003,with,paragraph
88,436.0,248.906,444.0,248.906,444.0,260.50100000000003,436.0,260.50100000000003,q,paragraph
89,450.0,248.906,476.0,248.906,476.0,260.50100000000003,450.0,260.50100000000003,(x),paragraph
90,482.0,248.906,508.0,248.906,508.0,260.50100000000003,482.0,260.50100000000003,the,paragraph
91,514.0,248.906,585.0,248.906,585.0,260.50100000000003,514.0,260.50100000000003,proposal,paragraph
92,590.0,248.906,618.0,248.906,618.0,260.50100000000003,590.0,260.50100000000003,pdf,paragraph
93,624.0,248.906,663.0,248.906,663.0,260.50100000000003,624.0,260.50100000000003,built,paragraph
94,669.0,248.906,713.0,248.906,713.0,260.50100000000003,669.0,260.50100000000003,using,paragraph
95,742.0,248.906,773.0,248.906,773.0,260.50100000000003,742.0,260.50100000000003,and,paragraph
96,778.0,248.906,816.0,248.906,816.0,260.50100000000003,778.0,260.50100000000003,with,paragraph
97,444.0,253.544,449.0,253.544,449.0,261.274,444.0,261.274,t,paragraph
98,730.0,253.544,735.0,253.544,735.0,261.274,730.0,261.274,t,paragraph
99,181.0,262.82,189.0,262.82,189.0,274.41499999999996,181.0,274.41499999999996,c,paragraph
100,201.0,262.82,221.0,262.82,221.0,274.41499999999996,201.0,274.41499999999996,its,paragraph
101,228.0,262.82,325.0,262.82,325.0,274.41499999999996,228.0,274.41499999999996,normalizing,paragraph
102,332.0,262.82,408.0,262.82,408.0,274.41499999999996,332.0,274.41499999999996,constant.,paragraph
103,416.0,262.82,465.0,262.82,465.0,274.41499999999996,416.0,274.41499999999996,Then,,paragraph
104,472.0,262.82,493.0,262.82,493.0,274.41499999999996,472.0,274.41499999999996,we,paragraph
105,500.0,262.82,568.0,262.82,568.0,274.41499999999996,500.0,274.41499999999996,consider,paragraph
106,574.0,262.82,584.0,262.82,584.0,274.41499999999996,574.0,274.41499999999996,a,paragraph
107,590.0,262.82,623.0,262.82,623.0,274.41499999999996,590.0,274.41499999999996,new,paragraph
108,630.0,262.82,653.0,262.82,653.0,274.41499999999996,630.0,274.41499999999996,set,paragraph
109,189.0,267.45799999999997,194.0,267.45799999999997,194.0,275.188,189.0,275.188,t,paragraph
110,416.0,282.145,428.0,282.145,428.0,303.016,416.0,303.016,G,equation
111,454.0,282.145,466.0,282.145,466.0,303.016,454.0,303.016,S,equation
112,476.0,282.145,489.0,282.145,489.0,303.016,476.0,303.016,∪,equation
113,494.0,282.145,504.0,282.145,504.0,303.016,494.0,303.016,{,equation
114,514.0,282.145,548.0,282.145,548.0,303.016,514.0,303.016,(cid:48)}\{,equation
115,557.0,282.145,575.0,282.145,575.0,303.016,557.0,303.016,∗},equation
116,434.0,291.421,449.0,291.421,449.0,303.016,434.0,303.016,=,equation
117,504.0,291.421,514.0,291.421,514.0,303.016,504.0,303.016,x,equation
118,548.0,291.421,557.0,291.421,557.0,303.016,548.0,303.016,s,equation
119,575.0,291.421,580.0,291.421,580.0,303.016,575.0,303.016,,,equation
120,782.0,291.421,816.0,291.421,816.0,303.016,782.0,303.016,(10),equation
121,466.0,296.059,471.0,296.059,471.0,303.789,466.0,303.789,t,equation
122,688.0,302.243,698.0,302.243,698.0,345.531,688.0,345.531,(cid:82),paragraph
123,373.0,317.703,376.0,317.703,376.0,330.844,373.0,330.844,(cid:48),paragraph
124,512.0,317.703,519.0,317.703,519.0,330.844,512.0,330.844,∗,paragraph
125,209.0,324.65999999999997,273.0,324.65999999999997,273.0,336.255,209.0,336.255,namely,,paragraph
126,279.0,324.65999999999997,356.0,324.65999999999997,356.0,336.255,279.0,336.255,including,paragraph
127,362.0,324.65999999999997,373.0,324.65999999999997,373.0,336.255,362.0,336.255,x,paragraph
128,383.0,324.65999999999997,414.0,324.65999999999997,414.0,336.255,383.0,336.255,and,paragraph
129,420.0,324.65999999999997,497.0,324.65999999999997,497.0,336.255,420.0,336.255,removing,paragraph
130,503.0,324.65999999999997,512.0,324.65999999999997,512.0,336.255,503.0,336.255,s,paragraph
131,520.0,324.65999999999997,525.0,324.65999999999997,525.0,336.255,520.0,336.255,.,paragraph
132,533.0,324.65999999999997,560.0,324.65999999999997,560.0,336.255,533.0,336.255,We,paragraph
133,566.0,324.65999999999997,621.0,324.65999999999997,621.0,336.255,566.0,336.255,denote,paragraph
134,627.0,324.65999999999997,664.0,324.65999999999997,664.0,336.255,627.0,336.255,with,paragraph
135,670.0,324.65999999999997,706.0,324.65999999999997,706.0,336.255,670.0,336.255,g(x),paragraph
136,712.0,324.65999999999997,739.0,324.65999999999997,739.0,336.255,712.0,336.255,the,paragraph
137,745.0,324.65999999999997,816.0,324.65999999999997,816.0,336.255,745.0,336.255,proposal,paragraph
138,585.0,330.07099999999997,596.0,330.07099999999997,596.0,350.169,585.0,350.169,G,paragraph
139,181.0,338.574,220.0,338.574,220.0,350.169,181.0,350.169,built,paragraph
140,226.0,338.574,270.0,338.574,270.0,350.169,226.0,350.169,using,paragraph
141,276.0,338.574,303.0,338.574,303.0,350.169,276.0,350.169,the,paragraph
142,309.0,338.574,399.0,338.574,399.0,350.169,309.0,350.169,alternative,paragraph
143,405.0,338.574,428.0,338.574,428.0,350.169,405.0,350.169,set,paragraph
144,435.0,338.574,450.0,338.574,450.0,350.169,435.0,350.169,of,paragraph
145,457.0,338.574,521.0,338.574,521.0,350.169,457.0,350.169,support,paragraph
146,527.0,338.574,578.0,338.574,578.0,350.169,527.0,350.169,points,paragraph
147,598.0,338.574,603.0,338.574,603.0,350.169,598.0,350.169,,,paragraph
148,609.0,338.574,640.0,338.574,640.0,350.169,609.0,350.169,and,paragraph
149,647.0,338.574,655.0,338.574,655.0,350.169,647.0,350.169,c,paragraph
150,668.0,338.574,683.0,338.574,683.0,350.169,668.0,350.169,=,paragraph
151,698.0,340.12,707.0,340.12,707.0,353.261,698.0,353.261,X,paragraph
152,713.0,338.574,775.0,338.574,775.0,350.169,713.0,350.169,g(x)dx.,paragraph
153,784.0,338.574,796.0,338.574,796.0,350.169,784.0,350.169,If,paragraph
154,655.0,343.212,661.0,343.212,661.0,350.942,655.0,350.942,g,paragraph
155,467.0,360.99100000000004,476.0,360.99100000000004,476.0,372.586,467.0,372.586,c,paragraph
156,489.0,360.99100000000004,504.0,360.99100000000004,504.0,372.586,489.0,372.586,<,paragraph
157,509.0,360.99100000000004,518.0,360.99100000000004,518.0,372.586,509.0,372.586,c,paragraph
158,523.0,360.99100000000004,529.0,360.99100000000004,529.0,372.586,523.0,372.586,,,paragraph
159,476.0,365.62899999999996,482.0,365.62899999999996,482.0,373.359,476.0,373.359,g,paragraph
160,518.0,365.62899999999996,523.0,365.62899999999996,523.0,373.359,518.0,373.359,t,paragraph
161,507.0,374.905,519.0,374.905,519.0,395.776,507.0,395.776,S,paragraph
162,571.0,374.905,582.0,374.905,582.0,395.776,571.0,395.776,G,paragraph
163,181.0,383.408,218.0,383.408,218.0,395.776,181.0,395.776,then,paragraph
164,225.0,383.408,251.0,383.408,251.0,395.776,225.0,395.776,the,paragraph
165,258.0,383.408,299.0,383.408,299.0,395.776,258.0,395.776,swap,paragraph
166,307.0,383.408,319.0,383.408,319.0,395.776,307.0,395.776,is,paragraph
167,326.0,383.408,404.0,383.408,404.0,395.776,326.0,395.776,accepted,,paragraph
168,411.0,383.408,441.0,383.408,441.0,395.776,411.0,395.776,i.e.,,paragraph
169,448.0,383.408,470.0,383.408,470.0,395.776,448.0,395.776,we,paragraph
170,477.0,383.408,500.0,383.408,500.0,395.776,477.0,395.776,set,paragraph
171,549.0,383.408,564.0,383.408,564.0,395.776,549.0,395.776,=,paragraph
172,591.0,383.408,613.0,383.408,613.0,395.776,591.0,395.776,for,paragraph
173,620.0,383.408,647.0,383.408,647.0,395.776,620.0,395.776,the,paragraph
174,654.0,383.408,691.0,383.408,691.0,395.776,654.0,395.776,next,paragraph
175,698.0,383.408,774.0,383.408,774.0,395.776,698.0,395.776,iteration,,paragraph
176,782.0,383.408,816.0,383.408,816.0,395.776,782.0,395.776,oth-,paragraph
177,483.0,389.592,495.0,389.592,495.0,409.69,483.0,409.69,S,paragraph
178,519.0,388.819,542.0,388.819,542.0,396.54900000000004,519.0,396.54900000000004,t+1,paragraph
179,552.0,389.592,563.0,389.592,563.0,409.69,552.0,409.69,S,paragraph
180,181.0,398.095,232.0,398.095,232.0,409.69,181.0,409.69,erwise,paragraph
181,240.0,398.095,267.0,398.095,267.0,409.69,240.0,409.69,the,paragraph
182,275.0,398.095,299.0,398.095,299.0,409.69,275.0,409.69,set,paragraph
183,307.0,398.095,372.0,398.095,372.0,409.69,307.0,409.69,remains,paragraph
184,380.0,398.095,475.0,398.095,475.0,409.69,380.0,409.69,unchanged,,paragraph
185,528.0,398.095,543.0,398.095,543.0,409.69,528.0,409.69,=,paragraph
186,569.0,398.095,575.0,398.095,575.0,409.69,569.0,409.69,.,paragraph
187,589.0,398.095,622.0,398.095,622.0,409.69,589.0,409.69,The,paragraph
188,631.0,398.095,705.0,398.095,705.0,409.69,631.0,409.69,complete,paragraph
189,713.0,398.095,794.0,398.095,794.0,409.69,713.0,409.69,algorithm,paragraph
190,803.0,398.095,816.0,398.095,816.0,409.69,803.0,409.69,is,paragraph
191,495.0,402.733,518.0,402.733,518.0,410.463,495.0,410.463,t+1,paragraph
192,563.0,402.733,568.0,402.733,568.0,410.463,563.0,410.463,t,paragraph
193,181.0,412.009,249.0,412.009,249.0,423.60400000000004,181.0,423.60400000000004,outlined,paragraph
194,255.0,412.009,271.0,412.009,271.0,423.60400000000004,255.0,423.60400000000004,in,paragraph
195,278.0,412.009,324.0,412.009,324.0,423.60400000000004,278.0,423.60400000000004,Table,paragraph
196,331.0,412.009,346.0,412.009,346.0,423.60400000000004,331.0,423.60400000000004,2.,paragraph
197,355.0,412.009,395.0,412.009,395.0,423.60400000000004,355.0,423.60400000000004,Note,paragraph
198,402.0,412.009,437.0,412.009,437.0,423.60400000000004,402.0,423.60400000000004,that,paragraph
199,444.0,412.009,452.0,412.009,452.0,423.60400000000004,444.0,423.60400000000004,c,paragraph
200,465.0,412.009,477.0,412.009,477.0,423.60400000000004,465.0,423.60400000000004,is,paragraph
201,484.0,412.009,539.0,412.009,539.0,423.60400000000004,484.0,423.60400000000004,always,paragraph
202,546.0,412.009,628.0,412.009,628.0,423.60400000000004,546.0,423.60400000000004,computed,paragraph
203,634.0,412.009,658.0,412.009,658.0,423.60400000000004,634.0,423.60400000000004,(in,paragraph
204,664.0,412.009,694.0,412.009,694.0,423.60400000000004,664.0,423.60400000000004,any,paragraph
205,701.0,412.009,740.0,412.009,740.0,423.60400000000004,701.0,423.60400000000004,case,,paragraph
206,747.0,412.009,770.0,412.009,770.0,423.60400000000004,747.0,423.60400000000004,for,paragraph
207,777.0,412.009,816.0,412.009,816.0,423.60400000000004,777.0,423.60400000000004,both,paragraph
208,452.0,416.64700000000005,457.0,416.64700000000005,457.0,424.377,452.0,424.377,t,paragraph
209,181.0,425.92300000000006,220.0,425.92300000000006,220.0,437.518,181.0,437.518,ARS,paragraph
210,228.0,425.92300000000006,258.0,425.92300000000006,258.0,437.518,228.0,437.518,and,paragraph
211,266.0,425.92300000000006,326.0,425.92300000000006,326.0,437.518,266.0,437.518,CARS),paragraph
212,334.0,425.92300000000006,351.0,425.92300000000006,351.0,437.518,334.0,437.518,at,paragraph
213,359.0,425.92300000000006,386.0,425.92300000000006,386.0,437.518,359.0,437.518,the,paragraph
214,394.0,425.92300000000006,428.0,425.92300000000006,428.0,437.518,394.0,437.518,step,paragraph
215,436.0,425.92300000000006,450.0,425.92300000000006,450.0,437.518,436.0,437.518,3,,paragraph
216,459.0,425.92300000000006,482.0,425.92300000000006,482.0,437.518,459.0,437.518,for,paragraph
217,489.0,425.92300000000006,564.0,425.92300000000006,564.0,437.518,489.0,437.518,sampling,paragraph
218,572.0,425.92300000000006,611.0,425.92300000000006,611.0,437.518,572.0,437.518,from,paragraph
219,618.0,425.92300000000006,627.0,425.92300000000006,627.0,437.518,618.0,437.518,q,paragraph
220,633.0,425.92300000000006,664.0,425.92300000000006,664.0,437.518,633.0,437.518,(x).,paragraph
221,677.0,425.92300000000006,781.0,425.92300000000006,781.0,437.518,677.0,437.518,Furthermore,paragraph
222,789.0,425.92300000000006,816.0,425.92300000000006,816.0,437.518,789.0,437.518,ob-,paragraph
223,627.0,430.56100000000004,632.0,430.56100000000004,632.0,439.06399999999996,627.0,439.06399999999996,t,paragraph
224,181.0,439.837,222.0,439.837,222.0,452.205,181.0,452.205,serve,paragraph
225,231.0,439.837,272.0,439.837,272.0,452.205,231.0,452.205,that,,paragraph
226,282.0,439.837,321.0,439.837,321.0,452.205,282.0,452.205,after,paragraph
227,330.0,439.837,357.0,439.837,357.0,452.205,330.0,452.205,the,paragraph
228,366.0,439.837,399.0,439.837,399.0,452.205,366.0,452.205,ﬁrst,paragraph
229,408.0,439.837,485.0,439.837,485.0,452.205,408.0,452.205,iteration,,paragraph
230,495.0,439.837,529.0,439.837,529.0,452.205,495.0,452.205,step,paragraph
231,538.0,439.837,548.0,439.837,548.0,452.205,538.0,452.205,2,paragraph
232,557.0,439.837,586.0,439.837,586.0,452.205,557.0,452.205,can,paragraph
233,595.0,439.837,615.0,439.837,615.0,452.205,595.0,452.205,be,paragraph
234,624.0,439.837,688.0,439.837,688.0,452.205,624.0,452.205,skipped,paragraph
235,697.0,439.837,737.0,439.837,737.0,452.205,697.0,452.205,since,paragraph
236,747.0,439.837,773.0,439.837,773.0,452.205,747.0,452.205,the,paragraph
237,783.0,439.837,816.0,439.837,816.0,452.205,783.0,452.205,new,paragraph
238,181.0,454.524,251.0,454.524,251.0,466.11899999999997,181.0,466.11899999999997,proposal,paragraph
239,258.0,454.524,286.0,454.524,286.0,466.11899999999997,258.0,466.11899999999997,pdf,paragraph
240,292.0,454.524,301.0,454.524,301.0,466.11899999999997,292.0,466.11899999999997,q,paragraph
241,324.0,454.524,350.0,454.524,350.0,466.11899999999997,324.0,466.11899999999997,(x),paragraph
242,356.0,454.524,384.0,454.524,384.0,466.11899999999997,356.0,466.11899999999997,has,paragraph
243,391.0,454.524,430.0,454.524,430.0,466.11899999999997,391.0,466.11899999999997,been,paragraph
244,436.0,454.524,497.0,454.524,497.0,466.11899999999997,436.0,466.11899999999997,already,paragraph
245,504.0,454.524,601.0,454.524,601.0,466.11899999999997,504.0,466.11899999999997,constructed,paragraph
246,607.0,454.524,623.0,454.524,623.0,466.11899999999997,607.0,466.11899999999997,in,paragraph
247,630.0,454.524,656.0,454.524,656.0,466.11899999999997,630.0,466.11899999999997,the,paragraph
248,663.0,454.524,732.0,454.524,732.0,466.11899999999997,663.0,466.11899999999997,previous,paragraph
249,739.0,454.524,816.0,454.524,816.0,466.11899999999997,739.0,466.11899999999997,iteration,,paragraph
250,301.0,459.162,323.0,459.162,323.0,466.892,301.0,466.892,t+1,paragraph
251,181.0,468.438,210.0,468.438,210.0,480.033,181.0,480.033,i.e.,,paragraph
252,217.0,468.438,225.0,468.438,225.0,480.033,217.0,480.033,q,paragraph
253,249.0,468.438,274.0,468.438,274.0,480.033,249.0,480.033,(x),paragraph
254,280.0,468.438,295.0,468.438,295.0,480.033,280.0,480.033,=,paragraph
255,300.0,468.438,309.0,468.438,309.0,480.033,300.0,480.033,q,paragraph
256,315.0,468.438,346.0,468.438,346.0,480.033,315.0,480.033,(x),,paragraph
257,352.0,468.438,369.0,468.438,369.0,480.033,352.0,480.033,or,paragraph
258,375.0,468.438,392.0,468.438,392.0,480.033,375.0,480.033,at,paragraph
259,399.0,468.438,433.0,468.438,433.0,480.033,399.0,480.033,step,paragraph
260,439.0,468.438,469.0,468.438,469.0,480.033,439.0,480.033,4.3,,paragraph
261,475.0,468.438,505.0,468.438,505.0,480.033,475.0,480.033,i.e.,,paragraph
262,511.0,468.438,520.0,468.438,520.0,480.033,511.0,480.033,q,paragraph
263,543.0,468.438,569.0,468.438,569.0,480.033,543.0,480.033,(x),paragraph
264,575.0,468.438,589.0,468.438,589.0,480.033,575.0,480.033,=,paragraph
265,595.0,468.438,636.0,468.438,636.0,480.033,595.0,480.033,g(x).,paragraph
266,225.0,473.07599999999996,248.0,473.07599999999996,248.0,480.806,225.0,480.806,t+1,paragraph
267,309.0,473.07599999999996,314.0,473.07599999999996,314.0,480.806,309.0,480.806,t,paragraph
268,520.0,473.07599999999996,543.0,473.07599999999996,543.0,480.806,520.0,480.806,t+1,paragraph
269,209.0,482.352,295.0,482.352,295.0,493.947,209.0,493.947,Therefore,,paragraph
270,303.0,482.352,340.0,482.352,340.0,493.947,303.0,493.947,with,paragraph
271,348.0,482.352,375.0,482.352,375.0,493.947,348.0,493.947,the,paragraph
272,383.0,482.352,436.0,482.352,436.0,493.947,383.0,493.947,CARS,paragraph
273,444.0,482.352,530.0,482.352,530.0,493.947,444.0,493.947,algorithm,,paragraph
274,538.0,482.352,560.0,482.352,560.0,493.947,538.0,493.947,we,paragraph
275,568.0,482.352,621.0,482.352,621.0,493.947,568.0,493.947,obtain,paragraph
276,629.0,482.352,674.0,482.352,674.0,493.947,629.0,493.947,again,paragraph
277,681.0,482.352,691.0,482.352,691.0,493.947,681.0,493.947,a,paragraph
278,699.0,482.352,785.0,482.352,785.0,493.947,699.0,493.947,decreasing,paragraph
279,793.0,482.352,816.0,482.352,816.0,493.947,793.0,493.947,se-,paragraph
280,266.0,487.763,275.0,487.763,275.0,507.86100000000005,266.0,507.86100000000005,{,paragraph
281,289.0,487.763,299.0,487.763,299.0,507.86100000000005,289.0,507.86100000000005,},paragraph
282,181.0,496.266,237.0,496.266,237.0,507.86100000000005,181.0,507.86100000000005,quence,paragraph
283,244.0,496.266,259.0,496.266,259.0,507.86100000000005,244.0,507.86100000000005,of,paragraph
284,275.0,496.266,284.0,496.266,284.0,507.86100000000005,275.0,507.86100000000005,c,paragraph
285,304.0,495.493,323.0,495.493,323.0,509.40700000000004,304.0,509.40700000000004,∈N,paragraph
286,284.0,501.677,289.0,501.677,289.0,509.40700000000004,284.0,509.40700000000004,t,paragraph
287,299.0,501.677,304.0,501.677,304.0,509.40700000000004,299.0,509.40700000000004,t,paragraph
288,418.0,502.45000000000005,433.0,502.45000000000005,433.0,522.548,418.0,522.548,≥,paragraph
289,485.0,502.45000000000005,501.0,502.45000000000005,501.0,522.548,485.0,522.548,≥,paragraph
290,551.0,502.45000000000005,566.0,502.45000000000005,566.0,522.548,551.0,522.548,≥,paragraph
291,396.0,510.95300000000003,404.0,510.95300000000003,404.0,522.548,396.0,522.548,c,paragraph
292,438.0,510.95300000000003,446.0,510.95300000000003,446.0,522.548,438.0,522.548,c,paragraph
293,457.0,510.95300000000003,463.0,510.95300000000003,463.0,522.548,457.0,522.548,.,paragraph
294,466.0,510.95300000000003,471.0,510.95300000000003,471.0,522.548,466.0,522.548,.,paragraph
295,475.0,510.95300000000003,480.0,510.95300000000003,480.0,522.548,475.0,522.548,.,paragraph
296,506.0,510.95300000000003,514.0,510.95300000000003,514.0,522.548,506.0,522.548,c,paragraph
297,523.0,510.95300000000003,529.0,510.95300000000003,529.0,522.548,523.0,522.548,.,paragraph
298,532.0,510.95300000000003,537.0,510.95300000000003,537.0,522.548,532.0,522.548,.,paragraph
299,540.0,510.95300000000003,546.0,510.95300000000003,546.0,522.548,540.0,522.548,.,paragraph
300,572.0,510.18,600.0,510.18,600.0,523.321,572.0,523.321,c∞,,paragraph
301,404.0,515.591,411.0,515.591,411.0,523.321,404.0,523.321,0,paragraph
302,446.0,515.591,453.0,515.591,453.0,523.321,446.0,523.321,1,paragraph
303,514.0,515.591,519.0,515.591,519.0,523.321,514.0,523.321,t,paragraph
304,246.0,521.0020000000001,246.0,521.0020000000001,246.0,541.0999999999999,246.0,541.0999999999999,(cid:54),paragraph
305,381.0,521.0020000000001,400.0,521.0020000000001,400.0,541.0999999999999,381.0,541.0999999999999,→,paragraph
306,181.0,529.505,209.0,529.505,209.0,541.0999999999999,181.0,541.0999999999999,but,paragraph
307,216.0,528.7320000000001,239.0,528.7320000000001,239.0,542.646,216.0,542.646,c∞,paragraph
308,246.0,529.505,261.0,529.505,261.0,541.0999999999999,246.0,541.0999999999999,=,paragraph
309,268.0,529.505,276.0,529.505,276.0,541.0999999999999,268.0,541.0999999999999,c,paragraph
310,292.0,529.505,309.0,529.505,309.0,541.0999999999999,292.0,541.0999999999999,so,paragraph
311,317.0,529.505,352.0,529.505,352.0,541.0999999999999,317.0,541.0999999999999,that,paragraph
312,359.0,529.505,368.0,529.505,368.0,541.0999999999999,359.0,541.0999999999999,η,paragraph
313,407.0,528.7320000000001,430.0,528.7320000000001,430.0,542.646,407.0,542.646,η∞,paragraph
314,438.0,529.505,453.0,529.505,453.0,541.0999999999999,438.0,541.0999999999999,<,paragraph
315,460.0,529.505,475.0,529.505,475.0,541.0999999999999,460.0,541.0999999999999,1,,paragraph
316,482.0,529.505,498.0,529.505,498.0,541.0999999999999,482.0,541.0999999999999,in,paragraph
317,505.0,529.505,570.0,529.505,570.0,541.0999999999999,505.0,541.0999999999999,general.,paragraph
318,581.0,529.505,614.0,529.505,614.0,541.0999999999999,581.0,541.0999999999999,The,paragraph
319,621.0,529.505,664.0,529.505,664.0,541.0999999999999,621.0,541.0999999999999,value,paragraph
320,671.0,528.7320000000001,694.0,528.7320000000001,694.0,542.646,671.0,542.646,η∞,paragraph
321,702.0,529.505,715.0,529.505,715.0,541.0999999999999,702.0,541.0999999999999,is,paragraph
322,722.0,529.505,749.0,529.505,749.0,541.0999999999999,722.0,541.0999999999999,the,paragraph
323,756.0,529.505,816.0,529.505,816.0,541.0999999999999,756.0,541.0999999999999,highest,paragraph
324,276.0,534.9159999999999,284.0,534.9159999999999,284.0,542.646,276.0,542.646,π,paragraph
325,368.0,534.9159999999999,373.0,534.9159999999999,373.0,542.646,368.0,542.646,t,paragraph
326,181.0,544.192,271.0,544.192,271.0,555.787,181.0,555.787,acceptance,paragraph
327,276.0,544.192,309.0,544.192,309.0,555.787,276.0,555.787,rate,paragraph
328,313.0,544.192,348.0,544.192,348.0,555.787,313.0,555.787,that,paragraph
329,353.0,544.192,382.0,544.192,382.0,555.787,353.0,555.787,can,paragraph
330,387.0,544.192,406.0,544.192,406.0,555.787,387.0,555.787,be,paragraph
331,411.0,544.192,483.0,544.192,483.0,555.787,411.0,555.787,obtained,paragraph
332,488.0,544.192,525.0,544.192,525.0,555.787,488.0,555.787,with,paragraph
333,530.0,544.192,549.0,544.192,549.0,555.787,530.0,555.787,M,paragraph
334,555.0,544.192,620.0,544.192,620.0,555.787,555.0,555.787,support,paragraph
335,624.0,544.192,681.0,544.192,681.0,555.787,624.0,555.787,points,,paragraph
336,686.0,544.192,729.0,544.192,729.0,555.787,686.0,555.787,given,paragraph
337,734.0,544.192,761.0,544.192,761.0,555.787,734.0,555.787,the,paragraph
338,766.0,544.192,816.0,544.192,816.0,555.787,766.0,555.787,target,paragraph
339,663.0,549.603,675.0,549.603,675.0,569.701,663.0,569.701,S,paragraph
340,726.0,549.603,738.0,549.603,738.0,569.701,726.0,569.701,S,paragraph
341,181.0,558.106,249.0,558.106,249.0,569.701,181.0,569.701,function,paragraph
342,255.0,558.106,298.0,558.106,298.0,569.701,255.0,569.701,π(x).,paragraph
343,306.0,558.106,392.0,558.106,392.0,569.701,306.0,569.701,Therefore,,paragraph
344,398.0,558.106,451.0,558.106,451.0,569.701,398.0,569.701,CARS,paragraph
345,457.0,558.106,504.0,558.106,504.0,569.701,457.0,569.701,yields,paragraph
346,510.0,558.106,520.0,558.106,520.0,569.701,510.0,569.701,a,paragraph
347,526.0,558.106,599.0,558.106,599.0,569.701,526.0,569.701,sequence,paragraph
348,605.0,558.106,620.0,558.106,620.0,569.701,605.0,569.701,of,paragraph
349,626.0,558.106,657.0,558.106,657.0,569.701,626.0,569.701,sets,paragraph
350,683.0,558.106,688.0,558.106,688.0,569.701,683.0,569.701,,,paragraph
351,691.0,558.106,697.0,558.106,697.0,569.701,691.0,569.701,.,paragraph
352,700.0,558.106,705.0,558.106,705.0,569.701,700.0,569.701,.,paragraph
353,709.0,558.106,714.0,558.106,714.0,569.701,709.0,569.701,.,paragraph
354,717.0,558.106,722.0,558.106,722.0,569.701,717.0,569.701,,,paragraph
355,743.0,558.106,749.0,558.106,749.0,569.701,743.0,569.701,,,paragraph
356,752.0,558.106,757.0,558.106,757.0,569.701,752.0,569.701,.,paragraph
357,761.0,558.106,766.0,558.106,766.0,569.701,761.0,569.701,.,paragraph
358,769.0,558.106,774.0,558.106,774.0,569.701,769.0,569.701,.,paragraph
359,780.0,558.106,816.0,558.106,816.0,569.701,780.0,569.701,that,paragraph
360,450.0,563.5169999999999,462.0,563.5169999999999,462.0,583.615,450.0,583.615,S,paragraph
361,675.0,562.744,682.0,562.744,682.0,570.474,675.0,570.474,1,paragraph
362,738.0,562.744,743.0,562.744,743.0,570.474,738.0,570.474,t,paragraph
363,181.0,572.02,260.0,572.02,260.0,583.615,181.0,583.615,converges,paragraph
364,268.0,572.02,285.0,572.02,285.0,583.615,268.0,583.615,to,paragraph
365,292.0,572.02,319.0,572.02,319.0,583.615,292.0,583.615,the,paragraph
366,326.0,572.02,411.0,572.02,411.0,583.615,326.0,583.615,stationary,paragraph
367,419.0,572.02,442.0,572.02,442.0,583.615,419.0,583.615,set,paragraph
368,462.0,571.247,476.0,571.247,476.0,584.388,462.0,584.388,∞,paragraph
369,484.0,572.02,571.0,572.02,571.0,583.615,484.0,583.615,containing,paragraph
370,578.0,572.02,605.0,572.02,605.0,583.615,578.0,583.615,the,paragraph
371,612.0,572.02,647.0,572.02,647.0,583.615,612.0,583.615,best,paragraph
372,655.0,572.02,764.0,572.02,764.0,583.615,655.0,583.615,conﬁguration,paragraph
373,772.0,572.02,787.0,572.02,787.0,583.615,772.0,583.615,of,paragraph
374,795.0,572.02,813.0,572.02,813.0,583.615,795.0,583.615,M,paragraph
375,181.0,585.934,245.0,585.934,245.0,597.529,181.0,597.529,support,paragraph
376,251.0,585.934,302.0,585.934,302.0,597.529,251.0,597.529,points,paragraph
377,307.0,585.934,330.0,585.934,330.0,597.529,307.0,597.529,for,paragraph
378,336.0,585.934,432.0,585.934,432.0,597.529,336.0,597.529,maximizing,paragraph
379,438.0,585.934,464.0,585.934,464.0,597.529,438.0,597.529,the,paragraph
380,470.0,585.934,560.0,585.934,560.0,597.529,470.0,597.529,acceptance,paragraph
381,566.0,585.934,604.0,585.934,604.0,597.529,566.0,597.529,rate,,paragraph
382,610.0,585.934,654.0,585.934,654.0,597.529,610.0,597.529,when,paragraph
383,659.0,585.934,686.0,585.934,686.0,597.529,659.0,597.529,the,paragraph
384,691.0,585.934,741.0,585.934,741.0,597.529,691.0,597.529,target,paragraph
385,747.0,585.934,816.0,585.934,816.0,597.529,747.0,597.529,function,paragraph
386,181.0,599.8480000000001,193.0,599.8480000000001,193.0,612.216,181.0,612.216,is,paragraph
387,200.0,599.8480000000001,237.0,599.8480000000001,237.0,612.216,200.0,612.216,π(x),paragraph
388,244.0,599.8480000000001,274.0,599.8480000000001,274.0,612.216,244.0,612.216,and,paragraph
389,281.0,599.8480000000001,324.0,599.8480000000001,324.0,612.216,281.0,612.216,given,paragraph
390,331.0,599.8480000000001,340.0,599.8480000000001,340.0,612.216,331.0,612.216,a,paragraph
391,347.0,599.8480000000001,407.0,599.8480000000001,407.0,612.216,347.0,612.216,speciﬁc,paragraph
392,413.0,599.8480000000001,516.0,599.8480000000001,516.0,612.216,413.0,612.216,construction,paragraph
393,523.0,599.8480000000001,605.0,599.8480000000001,605.0,612.216,523.0,612.216,procedure,paragraph
394,611.0,599.8480000000001,634.0,599.8480000000001,634.0,612.216,611.0,612.216,for,paragraph
395,641.0,599.8480000000001,667.0,599.8480000000001,667.0,612.216,641.0,612.216,the,paragraph
396,674.0,599.8480000000001,744.0,599.8480000000001,744.0,612.216,674.0,612.216,proposal,paragraph
397,751.0,600.621,759.0,600.621,759.0,612.216,751.0,612.216,q,paragraph
398,765.0,599.075,803.0,599.075,803.0,612.216,765.0,612.216,(x).3,paragraph
399,759.0,605.259,764.0,605.259,764.0,612.989,759.0,612.989,t,paragraph
400,378.0,629.222,388.0,629.222,388.0,646.228,378.0,646.228,S,footer
401,203.0,635.406,238.0,635.406,238.0,646.228,203.0,646.228,3The,footer
402,244.0,636.179,273.0,636.179,273.0,646.228,244.0,646.228,best,footer
403,279.0,636.179,372.0,636.179,372.0,646.228,279.0,646.228,conﬁguration,footer
404,388.0,635.406,401.0,635.406,401.0,647.001,388.0,647.001,∞,footer
405,408.0,636.179,465.0,636.179,465.0,646.228,408.0,646.228,depends,footer
406,471.0,636.179,488.0,636.179,488.0,646.228,471.0,646.228,on,footer
407,494.0,636.179,517.0,636.179,517.0,646.228,494.0,646.228,the,footer
408,522.0,636.179,574.0,636.179,574.0,646.228,522.0,646.228,speciﬁc,footer
409,579.0,636.179,667.0,636.179,667.0,646.228,579.0,646.228,construction,footer
410,673.0,636.179,743.0,636.179,743.0,646.228,673.0,646.228,procedure,footer
411,749.0,636.179,816.0,636.179,816.0,646.228,749.0,646.228,employed,footer
412,181.0,647.774,200.0,647.774,200.0,657.823,181.0,657.823,for,footer
413,206.0,647.774,263.0,647.774,263.0,657.823,206.0,657.823,building,footer
414,269.0,647.774,291.0,647.774,291.0,657.823,269.0,657.823,the,footer
415,297.0,647.774,359.0,647.774,359.0,657.823,297.0,657.823,sequence,footer
416,364.0,647.774,377.0,647.774,377.0,657.823,364.0,657.823,of,footer
417,383.0,647.774,443.0,647.774,443.0,657.823,383.0,657.823,proposal,footer
418,449.0,647.774,513.0,647.774,513.0,657.823,449.0,657.823,functions,footer
419,519.0,647.774,526.0,647.774,526.0,657.823,519.0,657.823,q,footer
420,533.0,647.774,538.0,647.774,538.0,657.823,533.0,657.823,,,footer
421,541.0,647.774,548.0,647.774,548.0,657.823,541.0,657.823,q,footer
422,558.0,647.774,562.0,647.774,562.0,657.823,558.0,657.823,.,footer
423,565.0,647.774,570.0,647.774,570.0,657.823,565.0,657.823,.,footer
424,572.0,647.774,577.0,647.774,577.0,657.823,572.0,657.823,.,footer
425,580.0,647.774,584.0,647.774,584.0,657.823,580.0,657.823,,,footer
426,587.0,647.774,594.0,647.774,594.0,657.823,587.0,657.823,q,footer
427,600.0,647.774,604.0,647.774,604.0,657.823,600.0,657.823,,,footer
428,607.0,647.774,612.0,647.774,612.0,657.823,607.0,657.823,.,footer
429,614.0,647.774,619.0,647.774,619.0,657.823,614.0,657.823,.,footer
430,622.0,647.774,626.0,647.774,626.0,657.823,622.0,657.823,.,footer
431,526.0,651.639,533.0,651.639,533.0,658.596,526.0,658.596,1,footer
432,548.0,651.639,554.0,651.639,554.0,658.596,548.0,658.596,2,footer
433,594.0,651.639,599.0,651.639,599.0,658.596,594.0,658.596,t,footer
434,493.0,675.602,503.0,675.602,503.0,687.197,493.0,687.197,8,paragraph
435,181.0,633.087,435.0,633.087,435.0,633.087,181.0,633.087,##LTLine##,paragraph
