0,927.0,23.331,944.0,23.331,944.0,31.814999999999998,927.0,31.814999999999998,14,paragraph
1,136.0,36.763999999999996,145.0,36.763999999999996,145.0,60.80199999999999,136.0,60.80199999999999,◆,paragraph
2,119.0,41.006,144.0,41.006,144.0,72.821,119.0,72.821,01..80●▲▼■,paragraph
3,166.0,39.592,175.0,39.592,175.0,68.57900000000001,166.0,68.57900000000001,◆●▲▼■,paragraph
4,195.0,42.42,204.0,42.42,204.0,96.85900000000001,195.0,96.85900000000001,●◆●▲▼■,paragraph
5,225.0,45.248,234.0,45.248,234.0,78.477,225.0,78.477,◆●▲▼■,paragraph
6,254.0,48.076,263.0,48.076,263.0,84.133,254.0,84.133,◆●▲▼■,paragraph
7,284.0,50.903999999999996,293.0,50.903999999999996,293.0,87.668,284.0,87.668,◆●▲▼■,paragraph
8,313.0,53.025,322.0,53.025,322.0,94.031,313.0,94.031,◆●▲▼■,paragraph
9,343.0,55.853,352.0,55.853,352.0,98.27300000000001,343.0,98.27300000000001,◆●▲▼■,paragraph
10,372.0,58.681000000000004,381.0,58.681000000000004,381.0,103.92899999999999,372.0,103.92899999999999,◆●▲▼■,paragraph
11,402.0,61.50899999999999,411.0,61.50899999999999,411.0,99.68699999999998,402.0,99.68699999999998,◆●■,paragraph
12,431.0,64.337,440.0,64.337,440.0,91.91,431.0,91.91,◆■,paragraph
13,461.0,67.165,470.0,67.165,470.0,94.738,461.0,94.738,◆■,paragraph
14,490.0,69.286,499.0,69.286,499.0,98.27300000000001,490.0,98.27300000000001,◆■,paragraph
15,119.0,85.547,137.0,85.547,137.0,94.738,119.0,94.738,0.6,paragraph
16,195.0,88.375,201.0,88.375,201.0,108.17099999999999,195.0,108.17099999999999,■,paragraph
17,211.0,89.082,219.0,89.082,219.0,97.566,211.0,97.566,e,paragraph
18,403.0,84.133,410.0,84.133,410.0,109.585,403.0,109.585,▲▼,paragraph
19,432.0,84.133,439.0,84.133,439.0,108.17099999999999,432.0,108.17099999999999,●▼,paragraph
20,462.0,88.375,469.0,88.375,469.0,108.17099999999999,462.0,108.17099999999999,●,paragraph
21,194.0,96.85900000000001,203.0,96.85900000000001,203.0,120.897,194.0,120.897,◆,paragraph
22,219.0,91.91,260.0,91.91,260.0,98.27300000000001,219.0,98.27300000000001,t,nomode,paragraph
23,432.0,93.324,439.0,93.324,439.0,115.94800000000001,432.0,115.94800000000001,▲,paragraph
24,462.0,94.738,469.0,94.738,469.0,117.36200000000001,462.0,117.36200000000001,▼,paragraph
25,491.0,92.617,498.0,92.617,498.0,112.413,491.0,112.413,●,paragraph
26,211.0,100.39399999999999,219.0,100.39399999999999,219.0,108.878,211.0,108.878,e,paragraph
27,462.0,99.68699999999998,469.0,99.68699999999998,469.0,122.31099999999999,462.0,122.31099999999999,▲,paragraph
28,119.0,107.464,137.0,107.464,137.0,116.655,119.0,116.655,0.4,paragraph
29,219.0,103.222,260.0,103.222,260.0,121.60399999999998,219.0,121.60399999999998,rϕ,nomode,paragraph
30,491.0,103.92899999999999,498.0,103.92899999999999,498.0,129.381,491.0,129.381,▲▼,paragraph
31,195.0,110.999,202.0,110.999,202.0,133.623,195.0,133.623,▲,paragraph
32,211.0,112.413,219.0,112.413,219.0,120.897,211.0,120.897,e,paragraph
33,225.0,115.241,263.0,115.241,263.0,121.60399999999998,225.0,121.60399999999998,,nomode,paragraph
34,195.0,122.31099999999999,202.0,122.31099999999999,202.0,144.935,195.0,144.935,▼,paragraph
35,211.0,125.139,219.0,125.139,219.0,133.623,211.0,133.623,e,paragraph
36,119.0,129.381,137.0,129.381,137.0,138.572,119.0,138.572,0.2,paragraph
37,219.0,127.967,248.0,127.967,248.0,134.33,219.0,134.33,t,noinit,paragraph
38,211.0,136.451,219.0,136.451,219.0,144.935,211.0,144.935,e,paragraph
39,219.0,139.279,236.0,139.279,236.0,145.642,219.0,145.642,t,init,paragraph
40,119.0,151.298,137.0,151.298,137.0,160.489,119.0,160.489,0.0,paragraph
41,167.0,156.954,174.0,156.954,174.0,165.43800000000002,167.0,165.43800000000002,2,paragraph
42,226.0,156.954,233.0,156.954,233.0,165.43800000000002,226.0,165.43800000000002,4,paragraph
43,285.0,156.954,292.0,156.954,292.0,165.43800000000002,285.0,165.43800000000002,6,paragraph
44,344.0,156.954,351.0,156.954,351.0,165.43800000000002,344.0,165.43800000000002,8,paragraph
45,399.0,156.954,414.0,156.954,414.0,165.43800000000002,399.0,165.43800000000002,10,paragraph
46,458.0,156.954,473.0,156.954,473.0,165.43800000000002,458.0,165.43800000000002,12,paragraph
47,314.0,168.266,321.0,168.266,321.0,176.75,314.0,176.75,n,paragraph
48,90.0,188.769,122.0,188.769,122.0,195.83900000000003,90.0,195.83900000000003,FIG.,paragraph
49,129.0,188.769,141.0,188.769,141.0,195.83900000000003,129.0,195.83900000000003,5:,paragraph
50,150.0,188.769,179.0,188.769,179.0,195.83900000000003,150.0,195.83900000000003,Plot,caption
51,185.0,188.769,197.0,188.769,197.0,195.83900000000003,185.0,195.83900000000003,of,caption
52,204.0,188.769,226.0,188.769,226.0,195.83900000000003,204.0,195.83900000000003,PN,caption
53,232.0,188.769,319.0,188.769,319.0,195.83900000000003,232.0,195.83900000000003,eccentricities,caption
54,325.0,188.769,344.0,188.769,344.0,195.83900000000003,325.0,195.83900000000003,for,caption
55,350.0,188.769,358.0,188.769,358.0,195.83900000000003,350.0,195.83900000000003,a,caption
56,364.0,188.769,423.0,188.769,423.0,195.83900000000003,364.0,195.83900000000003,sequence,caption
57,430.0,188.769,442.0,188.769,442.0,195.83900000000003,430.0,195.83900000000003,of,caption
58,448.0,188.769,502.0,188.769,502.0,195.83900000000003,448.0,195.83900000000003,pericen-,caption
59,90.0,197.25300000000001,109.0,197.25300000000001,109.0,205.02999999999997,90.0,205.02999999999997,ter,caption
60,117.0,197.25300000000001,178.0,197.25300000000001,178.0,205.02999999999997,117.0,205.02999999999997,passages,,caption
61,186.0,197.25300000000001,238.0,197.25300000000001,238.0,205.02999999999997,186.0,205.02999999999997,indexed,caption
62,245.0,197.25300000000001,261.0,197.25300000000001,261.0,205.02999999999997,245.0,205.02999999999997,by,caption
63,269.0,197.25300000000001,282.0,197.25300000000001,282.0,205.02999999999997,269.0,205.02999999999997,n.,caption
64,296.0,197.25300000000001,322.0,197.25300000000001,322.0,205.02999999999997,296.0,205.02999999999997,The,caption
65,330.0,197.25300000000001,396.0,197.25300000000001,396.0,205.02999999999997,330.0,205.02999999999997,quantities,caption
66,403.0,197.25300000000001,410.0,197.25300000000001,410.0,205.02999999999997,403.0,205.02999999999997,e,caption
67,416.0,197.25300000000001,420.0,197.25300000000001,420.0,205.02999999999997,416.0,205.02999999999997,,,caption
68,428.0,197.25300000000001,435.0,197.25300000000001,435.0,205.02999999999997,428.0,205.02999999999997,e,caption
69,442.0,197.25300000000001,447.0,197.25300000000001,447.0,205.02999999999997,442.0,205.02999999999997,,,caption
70,454.0,197.25300000000001,479.0,197.25300000000001,479.0,205.02999999999997,454.0,205.02999999999997,and,caption
71,487.0,197.25300000000001,494.0,197.25300000000001,494.0,205.02999999999997,487.0,205.02999999999997,e,caption
72,410.0,200.081,415.0,200.081,415.0,205.02999999999997,410.0,205.02999999999997,t,caption
73,435.0,200.081,441.0,200.081,441.0,205.02999999999997,435.0,205.02999999999997,r,caption
74,494.0,200.081,501.0,200.081,501.0,205.02999999999997,494.0,205.02999999999997,φ,caption
75,90.0,205.737,111.0,205.737,111.0,213.51399999999998,90.0,213.51399999999998,are,caption
76,118.0,205.737,140.0,205.737,140.0,213.51399999999998,118.0,213.51399999999998,not,caption
77,146.0,205.737,250.0,205.737,250.0,213.51399999999998,146.0,213.51399999999998,gauge-invariant,caption
78,257.0,205.737,282.0,205.737,282.0,213.51399999999998,257.0,213.51399999999998,and,caption
79,288.0,205.737,320.0,205.737,320.0,213.51399999999998,288.0,213.51399999999998,their,caption
80,327.0,205.737,368.0,205.737,368.0,213.51399999999998,327.0,213.51399999999998,values,caption
81,374.0,205.737,395.0,205.737,395.0,213.51399999999998,374.0,213.51399999999998,are,caption
82,402.0,205.737,437.0,205.737,437.0,213.51399999999998,402.0,213.51399999999998,given,caption
83,444.0,205.737,456.0,205.737,456.0,213.51399999999998,444.0,213.51399999999998,in,caption
84,463.0,205.737,502.0,205.737,502.0,213.51399999999998,463.0,213.51399999999998,modi-,caption
85,90.0,214.928,114.0,214.928,114.0,222.705,90.0,222.705,ﬁed,caption
86,120.0,214.928,183.0,214.928,183.0,222.705,120.0,222.705,harmonic,caption
87,189.0,214.928,271.0,214.928,271.0,222.705,189.0,222.705,coordinates.,caption
88,281.0,214.928,307.0,214.928,307.0,222.705,281.0,222.705,The,caption
89,313.0,214.928,353.0,214.928,353.0,222.705,313.0,222.705,initial,caption
90,359.0,214.928,426.0,214.928,426.0,222.705,359.0,222.705,pericenter,caption
91,432.0,214.928,502.0,214.928,502.0,222.705,432.0,222.705,separation,caption
92,90.0,223.412,101.0,223.412,101.0,231.18900000000002,90.0,231.18900000000002,is,caption
93,106.0,223.412,118.0,223.412,118.0,231.18900000000002,106.0,231.18900000000002,R,caption
94,139.0,223.412,151.0,223.412,151.0,231.18900000000002,139.0,231.18900000000002,=,caption
95,156.0,222.705,187.0,222.705,187.0,231.89600000000002,156.0,231.89600000000002,3R∗,,caption
96,192.0,223.412,217.0,223.412,217.0,231.18900000000002,192.0,231.18900000000002,and,caption
97,222.0,223.412,244.0,223.412,244.0,231.18900000000002,222.0,231.18900000000002,the,caption
98,249.0,223.412,289.0,223.412,289.0,231.18900000000002,249.0,231.18900000000002,initial,caption
99,294.0,223.412,301.0,223.412,301.0,231.18900000000002,294.0,231.18900000000002,e,caption
100,313.0,223.412,324.0,223.412,324.0,231.18900000000002,313.0,231.18900000000002,is,caption
101,329.0,223.412,348.0,223.412,348.0,231.18900000000002,329.0,231.18900000000002,set,caption
102,353.0,223.412,367.0,223.412,367.0,231.18900000000002,353.0,231.18900000000002,to,caption
103,372.0,223.412,397.0,223.412,397.0,231.18900000000002,372.0,231.18900000000002,0.9.,caption
104,404.0,223.412,431.0,223.412,431.0,231.18900000000002,404.0,231.18900000000002,The,caption
105,436.0,223.412,502.0,223.412,502.0,231.18900000000002,436.0,231.18900000000002,quantities,caption
106,118.0,226.24,134.0,226.24,134.0,231.89600000000002,118.0,231.89600000000002,0,1,caption
107,301.0,226.24,307.0,226.24,307.0,231.89600000000002,301.0,231.89600000000002,r,caption
108,90.0,232.603,97.0,232.603,97.0,239.67300000000003,90.0,239.67300000000003,e,caption
109,151.0,232.603,155.0,232.603,155.0,239.67300000000003,151.0,239.67300000000003,,,caption
110,162.0,232.603,169.0,232.603,169.0,239.67300000000003,162.0,239.67300000000003,e,caption
111,222.0,232.603,226.0,232.603,226.0,239.67300000000003,222.0,239.67300000000003,,,caption
112,233.0,232.603,258.0,232.603,258.0,239.67300000000003,233.0,239.67300000000003,and,caption
113,264.0,232.603,271.0,232.603,271.0,239.67300000000003,264.0,239.67300000000003,e,caption
114,334.0,232.603,354.0,232.603,354.0,239.67300000000003,334.0,239.67300000000003,are,caption
115,361.0,232.603,419.0,232.603,419.0,239.67300000000003,361.0,239.67300000000003,obtained,caption
116,425.0,232.603,478.0,232.603,478.0,239.67300000000003,425.0,239.67300000000003,without,caption
117,484.0,232.603,502.0,232.603,502.0,239.67300000000003,484.0,239.67300000000003,in-,caption
118,97.0,235.431,150.0,235.431,150.0,240.38000000000002,97.0,240.38000000000002,t,nomode,caption
119,169.0,235.431,221.0,235.431,221.0,240.38000000000002,169.0,240.38000000000002,r,nomode,caption
120,271.0,235.431,327.0,235.431,327.0,240.38000000000002,271.0,240.38000000000002,φ,nomode,caption
121,90.0,241.08700000000002,139.0,241.08700000000002,139.0,248.86399999999998,90.0,248.86399999999998,cluding,caption
122,145.0,241.08700000000002,166.0,241.08700000000002,166.0,248.86399999999998,145.0,248.86399999999998,the,caption
123,171.0,241.08700000000002,208.0,241.08700000000002,208.0,248.86399999999998,171.0,248.86399999999998,star’s,caption
124,213.0,241.08700000000002,292.0,241.08700000000002,292.0,248.86399999999998,213.0,248.86399999999998,oscillations;,caption
125,297.0,241.08700000000002,304.0,241.08700000000002,304.0,248.86399999999998,297.0,248.86399999999998,e,caption
126,353.0,241.08700000000002,363.0,241.08700000000002,363.0,248.86399999999998,353.0,248.86399999999998,is,caption
127,369.0,241.08700000000002,435.0,241.08700000000002,435.0,248.86399999999998,369.0,248.86399999999998,computed,caption
128,440.0,241.08700000000002,502.0,241.08700000000002,502.0,248.86399999999998,440.0,248.86399999999998,including,caption
129,304.0,243.915,347.0,243.915,347.0,248.86399999999998,304.0,248.86399999999998,t,noinit,caption
130,90.0,250.278,112.0,250.278,112.0,257.348,90.0,257.348,the,caption
131,117.0,250.278,153.0,250.278,153.0,257.348,117.0,257.348,star’s,caption
132,158.0,250.278,226.0,250.278,226.0,257.348,158.0,257.348,oscillation,caption
133,231.0,250.278,254.0,250.278,254.0,257.348,231.0,257.348,but,caption
134,259.0,250.278,287.0,250.278,287.0,257.348,259.0,257.348,zero,caption
135,292.0,250.278,304.0,250.278,304.0,257.348,292.0,257.348,A,caption
136,323.0,250.278,327.0,250.278,327.0,257.348,323.0,257.348,;,caption
137,333.0,250.278,340.0,250.278,340.0,257.348,333.0,257.348,e,caption
138,373.0,250.278,383.0,250.278,383.0,257.348,373.0,257.348,is,caption
139,388.0,250.278,455.0,250.278,455.0,257.348,388.0,257.348,computed,caption
140,460.0,250.278,502.0,250.278,502.0,257.348,460.0,257.348,taking,caption
141,304.0,253.106,322.0,253.106,322.0,258.055,304.0,258.055,init,caption
142,340.0,253.106,367.0,253.106,367.0,258.055,340.0,258.055,t,init,caption
143,90.0,258.762,116.0,258.762,116.0,266.539,90.0,266.539,into,caption
144,122.0,258.762,174.0,258.762,174.0,266.539,122.0,266.539,account,caption
145,179.0,258.762,200.0,258.762,200.0,266.539,179.0,266.539,the,caption
146,206.0,258.762,268.0,258.762,268.0,266.539,206.0,266.539,evolution,caption
147,273.0,258.762,285.0,258.762,285.0,266.539,273.0,266.539,of,caption
148,290.0,258.762,312.0,258.762,312.0,266.539,290.0,266.539,the,caption
149,317.0,258.762,354.0,258.762,354.0,266.539,317.0,266.539,mode,caption
150,359.0,258.762,427.0,258.762,427.0,266.539,359.0,266.539,amplitude,caption
151,432.0,258.762,460.0,258.762,460.0,266.539,432.0,266.539,over,caption
152,465.0,258.762,499.0,258.762,499.0,266.539,465.0,266.539,time.,caption
153,261.0,279.265,271.0,279.265,271.0,310.373,261.0,310.373,(cid:90),equation
154,445.0,276.437,458.0,276.437,458.0,307.545,445.0,307.545,(cid:40),equation
155,662.0,276.437,684.0,276.437,684.0,309.666,662.0,309.666,(cid:34)(cid:18),equation
156,733.0,278.558,746.0,278.558,746.0,309.666,733.0,309.666,(cid:19),equation
157,810.0,276.437,833.0,276.437,833.0,307.545,810.0,307.545,(cid:35)(cid:41),equation
158,278.0,302.596,286.0,302.596,286.0,308.252,278.0,308.252,π,equation
159,337.0,304.01,355.0,304.01,355.0,312.494,337.0,312.494,dx,equation
160,469.0,304.01,479.0,304.01,479.0,312.494,469.0,312.494,x,equation
161,482.0,304.717,495.0,304.717,495.0,318.857,482.0,318.857,−,equation
162,499.0,304.01,507.0,304.01,507.0,312.494,499.0,312.494,e,equation
163,516.0,304.01,536.0,304.01,536.0,312.494,516.0,312.494,sin,equation
164,539.0,304.01,548.0,304.01,548.0,312.494,539.0,312.494,x,equation
165,686.0,304.01,694.0,304.01,694.0,312.494,686.0,312.494,1,equation
166,698.0,304.01,711.0,304.01,711.0,312.494,698.0,312.494,+,equation
167,714.0,304.01,722.0,304.01,722.0,312.494,714.0,312.494,e,equation
168,746.0,301.889,766.0,301.889,766.0,307.545,746.0,307.545,1/2,equation
169,798.0,304.01,808.0,304.01,808.0,312.494,798.0,312.494,u,equation
170,194.0,309.666,205.0,309.666,205.0,318.15000000000003,194.0,318.15000000000003,P,equation
171,217.0,309.666,239.0,309.666,239.0,318.15000000000003,217.0,318.15000000000003,(y),equation
172,244.0,309.666,257.0,309.666,257.0,318.15000000000003,244.0,318.15000000000003,=,equation
173,403.0,310.373,416.0,310.373,416.0,324.51300000000003,403.0,324.51300000000003,×,equation
174,420.0,309.666,442.0,309.666,442.0,318.15000000000003,420.0,318.15000000000003,cos,equation
175,458.0,309.666,466.0,309.666,466.0,318.15000000000003,458.0,318.15000000000003,y,equation
176,507.0,307.545,512.0,307.545,512.0,313.201,507.0,313.201,t,equation
177,554.0,309.666,567.0,309.666,567.0,318.15000000000003,554.0,318.15000000000003,+,equation
178,571.0,309.666,608.0,309.666,608.0,318.15000000000003,571.0,318.15000000000003,2mK,equation
179,612.0,309.666,659.0,309.666,659.0,318.15000000000003,612.0,318.15000000000003,arctan,equation
180,722.0,307.545,730.0,307.545,730.0,313.201,722.0,313.201,φ,equation
181,769.0,309.666,794.0,309.666,794.0,318.15000000000003,769.0,318.15000000000003,tan,equation
182,836.0,309.666,841.0,309.666,841.0,318.15000000000003,836.0,318.15000000000003,,,equation
183,914.0,309.666,944.0,309.666,944.0,318.15000000000003,914.0,318.15000000000003,(69),equation
184,205.0,313.201,216.0,313.201,216.0,318.857,205.0,318.857,m,equation
185,295.0,316.029,310.0,316.029,310.0,323.80600000000004,295.0,323.80600000000004,(1,equation
186,313.0,316.029,327.0,316.029,327.0,330.16900000000004,313.0,330.16900000000004,−,equation
187,330.0,316.029,338.0,316.029,338.0,323.80600000000004,330.0,323.80600000000004,e,equation
188,348.0,316.029,371.0,316.029,371.0,323.80600000000004,348.0,323.80600000000004,cos,equation
189,373.0,315.322,396.0,315.322,396.0,323.80600000000004,373.0,323.80600000000004,x)2,equation
190,504.0,316.029,514.0,316.029,514.0,323.80600000000004,504.0,323.80600000000004,n,equation
191,686.0,316.029,694.0,316.029,694.0,323.80600000000004,686.0,323.80600000000004,1,equation
192,698.0,316.029,711.0,316.029,711.0,330.16900000000004,698.0,330.16900000000004,−,equation
193,714.0,316.029,722.0,316.029,722.0,323.80600000000004,714.0,323.80600000000004,e,equation
194,799.0,316.029,807.0,316.029,807.0,323.80600000000004,799.0,323.80600000000004,2,equation
195,271.0,319.564,277.0,319.564,277.0,325.22,271.0,325.22,0,equation
196,338.0,318.857,344.0,318.857,344.0,324.51300000000003,338.0,324.51300000000003,r,equation
197,722.0,318.857,730.0,318.857,730.0,324.51300000000003,722.0,324.51300000000003,φ,equation
198,107.0,339.36,134.0,339.36,134.0,347.137,107.0,347.137,and,paragraph
199,140.0,339.36,166.0,339.36,166.0,347.137,140.0,347.137,∆E,paragraph
200,204.0,339.36,231.0,339.36,231.0,347.137,204.0,347.137,and,paragraph
201,236.0,339.36,259.0,339.36,259.0,347.137,236.0,347.137,∆J,paragraph
202,297.0,339.36,320.0,339.36,320.0,347.137,297.0,347.137,are,paragraph
203,325.0,339.36,392.0,339.36,392.0,347.137,325.0,347.137,explicitly,paragraph
204,398.0,339.36,436.0,339.36,436.0,347.137,398.0,347.137,given,paragraph
205,442.0,339.36,459.0,339.36,459.0,347.137,442.0,347.137,by,paragraph
206,551.0,338.65299999999996,568.0,338.65299999999996,568.0,370.468,551.0,370.468,(cid:112),equation
207,166.0,342.188,197.0,342.188,197.0,348.551,166.0,348.551,mode,paragraph
208,259.0,342.188,291.0,342.188,291.0,348.551,259.0,348.551,mode,paragraph
209,255.0,364.105,272.0,364.105,272.0,395.213,255.0,395.213,(cid:112),equation
210,300.0,365.519,318.0,365.519,318.0,374.00300000000004,300.0,374.00300000000004,3π,equation
211,334.0,364.812,359.0,364.812,359.0,375.41700000000003,334.0,375.41700000000003,M∗2,equation
212,543.0,365.519,551.0,365.519,551.0,374.00300000000004,543.0,374.00300000000004,2,equation
213,568.0,364.812,626.0,364.812,626.0,374.71000000000004,568.0,374.71000000000004,6π/5M∗,equation
214,159.0,371.175,182.0,371.175,182.0,379.65900000000005,159.0,379.65900000000005,∆J,equation
215,229.0,371.175,242.0,371.175,242.0,379.65900000000005,229.0,379.65900000000005,=,equation
216,247.0,369.761,290.0,369.761,290.0,386.02200000000005,247.0,386.02200000000005,|Q22|2,equation
217,366.0,369.761,392.0,369.761,392.0,381.07300000000004,366.0,381.07300000000004,[P−2,equation
218,400.0,371.175,416.0,371.175,416.0,379.65900000000005,400.0,379.65900000000005,(ω,equation
219,431.0,371.175,437.0,371.175,437.0,379.65900000000005,431.0,379.65900000000005,),equation
220,441.0,371.882,454.0,371.882,454.0,386.02200000000005,441.0,386.02200000000005,−,equation
221,458.0,369.761,495.0,369.761,495.0,379.65900000000005,458.0,379.65900000000005,P2(ω,equation
222,509.0,371.175,520.0,371.175,520.0,379.65900000000005,509.0,379.65900000000005,)],equation
223,524.0,371.175,537.0,371.175,537.0,379.65900000000005,524.0,379.65900000000005,+,equation
224,629.0,370.468,655.0,370.468,655.0,380.36600000000004,629.0,380.36600000000004,[P−,equation
225,663.0,371.175,680.0,371.175,680.0,379.65900000000005,663.0,379.65900000000005,(ω,equation
226,694.0,371.175,700.0,371.175,700.0,379.65900000000005,694.0,379.65900000000005,),equation
227,704.0,371.175,717.0,371.175,717.0,379.65900000000005,704.0,379.65900000000005,+,equation
228,721.0,371.175,731.0,371.175,731.0,379.65900000000005,721.0,379.65900000000005,P,equation
229,739.0,371.175,756.0,371.175,756.0,379.65900000000005,739.0,379.65900000000005,(ω,equation
230,770.0,369.05400000000003,875.0,369.05400000000003,875.0,379.65900000000005,770.0,379.65900000000005,)]Im[A(22)Q22],equation
231,182.0,374.71000000000004,224.0,374.71000000000004,224.0,380.36600000000004,182.0,380.36600000000004,mode,z,equation
232,265.0,375.41700000000003,271.0,375.41700000000003,271.0,381.07300000000004,265.0,381.07300000000004,ξ,equation
233,293.0,376.831,312.0,376.831,312.0,385.31500000000005,293.0,385.31500000000005,5ω,equation
234,330.0,376.831,363.0,376.831,363.0,385.31500000000005,330.0,385.31500000000005,n2a6,equation
235,392.0,375.41700000000003,399.0,375.41700000000003,399.0,381.07300000000004,392.0,381.07300000000004,2,equation
236,416.0,374.71000000000004,430.0,374.71000000000004,430.0,380.36600000000004,416.0,380.36600000000004,22,equation
237,468.0,375.41700000000003,475.0,375.41700000000003,475.0,381.07300000000004,468.0,381.07300000000004,2,equation
238,495.0,374.71000000000004,508.0,374.71000000000004,508.0,380.36600000000004,495.0,380.36600000000004,22,equation
239,572.0,376.831,598.0,376.831,598.0,385.31500000000005,572.0,385.31500000000005,a3n,equation
240,655.0,374.71000000000004,662.0,374.71000000000004,662.0,380.36600000000004,655.0,380.36600000000004,2,equation
241,680.0,374.71000000000004,693.0,374.71000000000004,693.0,380.36600000000004,680.0,380.36600000000004,22,equation
242,731.0,374.71000000000004,738.0,374.71000000000004,738.0,380.36600000000004,731.0,380.36600000000004,2,equation
243,756.0,374.71000000000004,769.0,374.71000000000004,769.0,380.36600000000004,756.0,380.36600000000004,22,equation
244,818.0,376.124,839.0,376.124,839.0,381.78000000000003,818.0,381.78000000000003,init,equation
245,856.0,375.41700000000003,862.0,375.41700000000003,862.0,381.07300000000004,856.0,381.07300000000004,ξ,equation
246,312.0,380.36600000000004,325.0,380.36600000000004,325.0,386.02200000000005,312.0,386.02200000000005,22,equation
247,357.0,381.07300000000004,363.0,381.07300000000004,363.0,387.43600000000004,357.0,387.43600000000004,r,equation
248,581.0,381.07300000000004,587.0,381.07300000000004,587.0,387.43600000000004,581.0,387.43600000000004,r,equation
249,247.0,390.264,255.0,390.264,255.0,398.74799999999993,247.0,398.74799999999993,2,equation
250,272.0,389.557,331.0,389.557,331.0,399.455,272.0,399.455,6π/5M∗,equation
251,228.0,395.92,241.0,395.92,241.0,404.40399999999994,228.0,404.40399999999994,+,equation
252,333.0,395.213,359.0,395.213,359.0,405.111,333.0,405.111,[P−,equation
253,367.0,395.92,384.0,395.92,384.0,404.40399999999994,367.0,404.40399999999994,(ω,equation
254,398.0,395.92,404.0,395.92,404.0,404.40399999999994,398.0,404.40399999999994,),equation
255,408.0,396.62700000000007,421.0,396.62700000000007,421.0,410.767,408.0,410.767,−,equation
256,425.0,395.92,436.0,395.92,436.0,404.40399999999994,425.0,404.40399999999994,P,equation
257,443.0,395.92,460.0,395.92,460.0,404.40399999999994,443.0,404.40399999999994,(ω,equation
258,474.0,393.79900000000004,579.0,393.79900000000004,579.0,404.40399999999994,474.0,404.40399999999994,)]Re[A˙(22)Q22],equation
259,582.0,395.92,587.0,395.92,587.0,404.40399999999994,582.0,404.40399999999994,,,equation
260,914.0,395.92,944.0,395.92,944.0,404.40399999999994,914.0,404.40399999999994,(70),equation
261,264.0,402.28299999999996,274.0,402.28299999999996,274.0,410.05999999999995,264.0,410.05999999999995,ω,equation
262,288.0,401.57599999999996,315.0,401.57599999999996,315.0,410.05999999999995,288.0,410.05999999999995,a3n,equation
263,359.0,399.455,366.0,399.455,366.0,405.111,359.0,405.111,2,equation
264,384.0,399.455,397.0,399.455,397.0,405.111,384.0,405.111,22,equation
265,436.0,399.455,442.0,399.455,442.0,405.111,436.0,405.111,2,equation
266,460.0,399.455,473.0,399.455,473.0,405.111,460.0,405.111,22,equation
267,522.0,400.86899999999997,543.0,400.86899999999997,543.0,406.525,522.0,406.525,init,equation
268,560.0,400.162,566.0,400.162,566.0,406.525,560.0,406.525,ξ,equation
269,274.0,405.111,288.0,405.111,288.0,410.767,274.0,410.767,22,equation
270,297.0,405.818,303.0,405.818,303.0,412.181,297.0,412.181,r,equation
271,107.0,423.493,134.0,423.493,134.0,431.977,107.0,431.977,and,paragraph
272,235.0,446.824,252.0,446.824,252.0,478.639,235.0,478.639,(cid:112),equation
273,256.0,448.945,274.0,448.945,274.0,457.42900000000003,256.0,457.42900000000003,3π,equation
274,283.0,448.238,308.0,448.238,308.0,458.843,283.0,458.843,M∗2,equation
275,536.0,448.945,554.0,448.945,554.0,457.42900000000003,536.0,457.42900000000003,2π,equation
276,563.0,446.824,598.0,446.824,598.0,478.639,563.0,478.639,M∗2(cid:112),equation
277,129.0,454.601,156.0,454.601,156.0,463.08500000000004,129.0,463.08500000000004,∆E,equation
278,193.0,454.601,206.0,454.601,206.0,463.08500000000004,193.0,463.08500000000004,=,equation
279,210.0,453.187,254.0,453.187,254.0,469.44800000000004,210.0,469.44800000000004,|Q22|2,equation
280,315.0,453.187,341.0,453.187,341.0,464.499,315.0,464.499,[P−2,equation
281,348.0,454.601,365.0,454.601,365.0,463.08500000000004,348.0,463.08500000000004,(ω,equation
282,379.0,454.601,386.0,454.601,386.0,463.08500000000004,379.0,463.08500000000004,),equation
283,390.0,454.601,403.0,454.601,403.0,463.08500000000004,390.0,463.08500000000004,+,equation
284,406.0,453.187,444.0,453.187,444.0,463.08500000000004,406.0,463.08500000000004,P2(ω,equation
285,458.0,454.601,469.0,454.601,469.0,463.08500000000004,458.0,463.08500000000004,)],equation
286,473.0,454.601,486.0,454.601,486.0,463.08500000000004,473.0,463.08500000000004,+,equation
287,490.0,453.187,533.0,453.187,533.0,469.44800000000004,490.0,469.44800000000004,|Q20|2,equation
288,594.0,453.187,632.0,453.187,632.0,463.08500000000004,594.0,463.08500000000004,P2(ω,equation
289,646.0,454.601,653.0,454.601,653.0,463.08500000000004,646.0,463.08500000000004,),equation
290,156.0,458.136,187.0,458.136,187.0,463.79200000000003,156.0,463.79200000000003,mode,equation
291,228.0,458.843,234.0,458.843,234.0,464.499,228.0,464.499,ξ,equation
292,262.0,460.257,270.0,460.257,270.0,468.74100000000004,262.0,468.74100000000004,5,equation
293,279.0,460.257,312.0,460.257,312.0,468.74100000000004,279.0,468.74100000000004,n2a6,equation
294,341.0,458.843,348.0,458.843,348.0,464.499,341.0,464.499,2,equation
295,365.0,458.136,379.0,458.136,379.0,463.79200000000003,365.0,463.79200000000003,22,equation
296,417.0,458.843,424.0,458.843,424.0,464.499,417.0,464.499,2,equation
297,444.0,458.136,457.0,458.136,457.0,463.79200000000003,444.0,463.79200000000003,22,equation
298,508.0,458.843,514.0,458.843,514.0,464.499,508.0,464.499,ξ,equation
299,541.0,460.257,549.0,460.257,549.0,468.74100000000004,541.0,468.74100000000004,5,equation
300,559.0,460.257,592.0,460.257,592.0,468.74100000000004,559.0,468.74100000000004,n2a6,equation
301,605.0,458.843,612.0,458.843,612.0,464.499,605.0,464.499,0,equation
302,632.0,458.136,645.0,458.136,645.0,463.79200000000003,632.0,463.79200000000003,20,equation
303,305.0,464.499,312.0,464.499,312.0,470.862,305.0,470.862,r,equation
304,585.0,464.499,591.0,464.499,591.0,470.862,585.0,470.862,r,equation
305,210.0,472.276,236.0,472.276,236.0,503.38399999999996,210.0,503.38399999999996,ω(cid:112),equation
306,252.0,472.983,310.0,472.983,310.0,482.88100000000003,252.0,482.88100000000003,6π/5M∗,equation
307,598.0,472.983,656.0,472.983,656.0,482.88100000000003,598.0,482.88100000000003,6π/5M∗,equation
308,192.0,479.34600000000006,205.0,479.34600000000006,205.0,487.83,192.0,487.83,+,equation
309,221.0,477.225,234.0,477.225,234.0,482.88100000000003,221.0,482.88100000000003,22,equation
310,313.0,478.639,339.0,478.639,339.0,488.537,313.0,488.537,[P−,equation
311,346.0,479.34600000000006,363.0,479.34600000000006,363.0,487.83,346.0,487.83,(ω,equation
312,377.0,479.34600000000006,384.0,479.34600000000006,384.0,487.83,377.0,487.83,),equation
313,388.0,480.05300000000005,401.0,480.05300000000005,401.0,494.193,388.0,494.193,−,equation
314,404.0,479.34600000000006,415.0,479.34600000000006,415.0,487.83,404.0,487.83,P,equation
315,423.0,479.34600000000006,440.0,479.34600000000006,440.0,487.83,423.0,487.83,(ω,equation
316,454.0,477.225,559.0,477.225,559.0,487.83,454.0,487.83,)]Im[A(22)Q22],equation
317,563.0,479.34600000000006,576.0,479.34600000000006,576.0,487.83,563.0,487.83,+,equation
318,659.0,478.639,685.0,478.639,685.0,488.537,659.0,488.537,[P−,equation
319,693.0,479.34600000000006,710.0,479.34600000000006,710.0,487.83,693.0,487.83,(ω,equation
320,724.0,479.34600000000006,730.0,479.34600000000006,730.0,487.83,724.0,487.83,),equation
321,734.0,479.34600000000006,747.0,479.34600000000006,747.0,487.83,734.0,487.83,+,equation
322,751.0,479.34600000000006,762.0,479.34600000000006,762.0,487.83,751.0,487.83,P,equation
323,769.0,479.34600000000006,786.0,479.34600000000006,786.0,487.83,769.0,487.83,(ω,equation
324,800.0,477.225,905.0,477.225,905.0,487.83,800.0,487.83,)]Re[A˙(22)Q22],equation
325,247.0,485.00200000000007,274.0,485.00200000000007,274.0,493.486,247.0,493.486,a3n,equation
326,339.0,482.88100000000003,346.0,482.88100000000003,346.0,488.537,339.0,488.537,2,equation
327,363.0,482.88100000000003,377.0,482.88100000000003,377.0,488.537,363.0,488.537,22,equation
328,415.0,482.88100000000003,422.0,482.88100000000003,422.0,488.537,415.0,488.537,2,equation
329,440.0,482.88100000000003,453.0,482.88100000000003,453.0,488.537,440.0,488.537,22,equation
330,502.0,484.295,522.0,484.295,522.0,489.95099999999996,502.0,489.95099999999996,init,equation
331,540.0,483.588,546.0,483.588,546.0,489.24399999999997,540.0,489.24399999999997,ξ,equation
332,606.0,485.00200000000007,633.0,485.00200000000007,633.0,493.486,606.0,493.486,a3n,equation
333,685.0,482.88100000000003,692.0,482.88100000000003,692.0,488.537,685.0,488.537,2,equation
334,710.0,482.88100000000003,723.0,482.88100000000003,723.0,488.537,710.0,488.537,22,equation
335,762.0,482.88100000000003,768.0,482.88100000000003,768.0,488.537,762.0,488.537,2,equation
336,786.0,482.88100000000003,799.0,482.88100000000003,799.0,488.537,786.0,488.537,22,equation
337,848.0,484.295,869.0,484.295,869.0,489.95099999999996,848.0,489.95099999999996,init,equation
338,886.0,483.588,892.0,483.588,892.0,489.24399999999997,886.0,489.24399999999997,ξ,equation
339,256.0,489.24399999999997,263.0,489.24399999999997,263.0,495.60699999999997,256.0,495.60699999999997,r,equation
340,615.0,489.24399999999997,621.0,489.24399999999997,621.0,495.60699999999997,615.0,495.60699999999997,r,equation
341,210.0,498.43499999999995,219.0,498.43499999999995,219.0,506.919,210.0,506.919,2,equation
342,236.0,497.72799999999995,286.0,497.72799999999995,286.0,507.626,236.0,507.626,π/5M∗,equation
343,192.0,504.798,205.0,504.798,205.0,518.938,192.0,518.938,−,equation
344,288.0,501.96999999999997,364.0,501.96999999999997,364.0,512.5749999999999,288.0,512.5749999999999,A˙(20)Q20P,equation
345,371.0,504.798,388.0,504.798,388.0,512.5749999999999,371.0,512.5749999999999,(ω,equation
346,402.0,504.798,409.0,504.798,409.0,512.5749999999999,402.0,512.5749999999999,),equation
347,412.0,504.798,416.0,504.798,416.0,512.5749999999999,412.0,512.5749999999999,.,equation
348,914.0,504.798,944.0,504.798,944.0,512.5749999999999,914.0,512.5749999999999,(71),equation
349,235.0,509.74699999999996,262.0,509.74699999999996,262.0,518.231,235.0,518.231,a3n,equation
350,301.0,509.03999999999996,321.0,509.03999999999996,321.0,514.696,301.0,514.696,init,equation
351,339.0,508.33299999999997,345.0,508.33299999999997,345.0,514.696,339.0,514.696,ξ,equation
352,364.0,507.626,370.0,507.626,370.0,513.282,364.0,513.282,0,equation
353,388.0,507.626,402.0,507.626,402.0,513.282,388.0,513.282,20,equation
354,244.0,513.989,250.0,513.989,250.0,520.352,244.0,520.352,r,equation
355,107.0,549.339,142.0,549.339,142.0,557.116,107.0,557.116,Note,paragraph
356,151.0,549.339,182.0,549.339,182.0,557.116,151.0,557.116,that,paragraph
357,192.0,549.339,206.0,549.339,206.0,557.116,192.0,557.116,in,paragraph
358,215.0,549.339,254.0,549.339,254.0,557.116,215.0,557.116,order,paragraph
359,263.0,549.339,278.0,549.339,278.0,557.116,263.0,557.116,to,paragraph
360,288.0,549.339,343.0,549.339,343.0,557.116,288.0,557.116,capture,paragraph
361,352.0,549.339,398.0,549.339,398.0,557.116,352.0,557.116,higher,paragraph
362,407.0,549.339,431.0,549.339,431.0,557.116,407.0,557.116,PN,paragraph
363,441.0,549.339,474.0,549.339,474.0,557.116,441.0,557.116,tidal,paragraph
364,484.0,549.339,502.0,549.339,502.0,557.116,484.0,557.116,ef-,paragraph
365,532.0,549.339,616.0,549.339,616.0,557.116,532.0,557.116,eccentricity,paragraph
366,622.0,549.339,630.0,549.339,630.0,557.116,622.0,557.116,e,paragraph
367,644.0,549.339,657.0,549.339,657.0,557.116,644.0,557.116,=,paragraph
368,664.0,549.339,685.0,549.339,685.0,557.116,664.0,557.116,0.9,paragraph
369,692.0,549.339,712.0,549.339,712.0,557.116,692.0,557.116,(in,paragraph
370,719.0,549.339,742.0,549.339,742.0,557.116,719.0,557.116,the,paragraph
371,749.0,549.339,812.0,549.339,812.0,557.116,749.0,557.116,modiﬁed,paragraph
372,819.0,549.339,887.0,549.339,887.0,557.116,819.0,557.116,harmonic,paragraph
373,893.0,549.339,944.0,549.339,944.0,557.116,893.0,557.116,coordi-,paragraph
374,630.0,552.167,636.0,552.167,636.0,557.823,630.0,557.823,r,paragraph
375,90.0,558.53,128.0,558.53,128.0,567.014,90.0,567.014,fects,,paragraph
376,136.0,558.53,159.0,558.53,159.0,567.014,136.0,567.014,the,paragraph
377,167.0,558.53,224.0,558.53,224.0,567.014,167.0,567.014,analysis,paragraph
378,231.0,558.53,249.0,558.53,249.0,567.014,231.0,567.014,on,paragraph
379,256.0,558.53,301.0,558.53,301.0,567.014,256.0,567.014,stellar,paragraph
380,309.0,558.53,382.0,558.53,382.0,567.014,309.0,567.014,oscillation,paragraph
381,390.0,558.53,404.0,558.53,404.0,567.014,390.0,567.014,in,paragraph
382,411.0,558.53,482.0,558.53,482.0,567.014,411.0,567.014,Appendix,paragraph
383,490.0,558.53,502.0,558.53,502.0,567.014,490.0,567.014,A,paragraph
384,532.0,558.53,569.0,558.53,569.0,567.014,532.0,567.014,nate;,paragraph
385,574.0,558.53,601.0,558.53,601.0,567.014,574.0,567.014,this,paragraph
386,607.0,558.53,668.0,558.53,668.0,567.014,607.0,567.014,quantity,paragraph
387,674.0,558.53,685.0,558.53,685.0,567.014,674.0,567.014,is,paragraph
388,691.0,558.53,715.0,558.53,715.0,567.014,691.0,567.014,not,paragraph
389,721.0,558.53,844.0,558.53,844.0,567.014,721.0,567.014,gauge-invariant).,paragraph
390,851.0,558.53,867.0,558.53,867.0,567.014,851.0,567.014,In,paragraph
391,872.0,558.53,901.0,558.53,901.0,567.014,872.0,567.014,Fig.,paragraph
392,906.0,558.53,920.0,558.53,920.0,567.014,906.0,567.014,5,,paragraph
393,925.0,558.53,944.0,558.53,944.0,567.014,925.0,567.014,we,paragraph
394,90.0,568.428,138.0,568.428,138.0,576.9119999999999,90.0,576.9119999999999,should,paragraph
395,147.0,568.428,164.0,568.428,164.0,576.9119999999999,147.0,576.9119999999999,be,paragraph
396,173.0,568.428,238.0,568.428,238.0,576.9119999999999,173.0,576.9119999999999,extended,paragraph
397,247.0,568.428,262.0,568.428,262.0,576.9119999999999,247.0,576.9119999999999,to,paragraph
398,271.0,568.428,317.0,568.428,317.0,576.9119999999999,271.0,576.9119999999999,higher,paragraph
399,326.0,568.428,350.0,568.428,350.0,576.9119999999999,326.0,576.9119999999999,PN,paragraph
400,359.0,568.428,403.0,568.428,403.0,576.9119999999999,359.0,576.9119999999999,orders,paragraph
401,412.0,568.428,427.0,568.428,427.0,576.9119999999999,412.0,576.9119999999999,as,paragraph
402,436.0,568.428,469.0,568.428,469.0,576.9119999999999,436.0,576.9119999999999,well.,paragraph
403,487.0,568.428,502.0,568.428,502.0,576.9119999999999,487.0,576.9119999999999,In,paragraph
404,532.0,568.428,594.0,568.428,594.0,576.9119999999999,532.0,576.9119999999999,compare,paragraph
405,600.0,568.428,623.0,568.428,623.0,576.9119999999999,600.0,576.9119999999999,the,paragraph
406,629.0,568.428,696.0,568.428,696.0,576.9119999999999,629.0,576.9119999999999,evolution,paragraph
407,702.0,568.428,715.0,568.428,715.0,576.9119999999999,702.0,576.9119999999999,of,paragraph
408,721.0,568.428,815.0,568.428,815.0,576.9119999999999,721.0,576.9119999999999,eccentricities,paragraph
409,821.0,568.428,835.0,568.428,835.0,576.9119999999999,821.0,576.9119999999999,in,paragraph
410,841.0,568.428,878.0,568.428,878.0,576.9119999999999,841.0,576.9119999999999,three,paragraph
411,884.0,568.428,944.0,568.428,944.0,576.9119999999999,884.0,576.9119999999999,diﬀerent,paragraph
412,90.0,577.6189999999999,128.0,577.6189999999999,128.0,586.103,90.0,586.103,order,paragraph
413,138.0,577.6189999999999,153.0,577.6189999999999,153.0,586.103,138.0,586.103,to,paragraph
414,163.0,577.6189999999999,228.0,577.6189999999999,228.0,586.103,163.0,586.103,illustrate,paragraph
415,237.0,577.6189999999999,261.0,577.6189999999999,261.0,586.103,237.0,586.103,the,paragraph
416,270.0,577.6189999999999,343.0,577.6189999999999,343.0,586.103,270.0,586.103,trajectory,paragraph
417,353.0,577.6189999999999,397.0,577.6189999999999,397.0,586.103,353.0,586.103,model,paragraph
418,406.0,577.6189999999999,475.0,577.6189999999999,475.0,586.103,406.0,586.103,described,paragraph
419,484.0,577.6189999999999,502.0,577.6189999999999,502.0,586.103,484.0,586.103,by,paragraph
420,532.0,577.6189999999999,602.0,577.6189999999999,602.0,586.103,532.0,586.103,scenarios:,paragraph
421,611.0,577.6189999999999,628.0,577.6189999999999,628.0,586.103,611.0,586.103,(i),paragraph
422,635.0,577.6189999999999,702.0,577.6189999999999,702.0,586.103,635.0,586.103,assuming,paragraph
423,708.0,577.6189999999999,725.0,577.6189999999999,725.0,586.103,708.0,586.103,no,paragraph
424,732.0,577.6189999999999,765.0,577.6189999999999,765.0,586.103,732.0,586.103,tidal,paragraph
425,771.0,577.6189999999999,850.0,577.6189999999999,850.0,586.103,771.0,586.103,excitations,paragraph
426,856.0,577.6189999999999,869.0,577.6189999999999,869.0,586.103,856.0,586.103,of,paragraph
427,876.0,577.6189999999999,899.0,577.6189999999999,899.0,586.103,876.0,586.103,the,paragraph
428,905.0,577.6189999999999,944.0,577.6189999999999,944.0,586.103,905.0,586.103,stars,,paragraph
429,90.0,587.5169999999999,122.0,587.5169999999999,122.0,596.001,90.0,596.001,Eqs.,paragraph
430,130.0,587.5169999999999,164.0,587.5169999999999,164.0,596.001,130.0,596.001,(32),,paragraph
431,172.0,587.5169999999999,207.0,587.5169999999999,207.0,596.001,172.0,596.001,(33),,paragraph
432,215.0,587.5169999999999,249.0,587.5169999999999,249.0,596.001,215.0,596.001,(65),,paragraph
433,258.0,587.5169999999999,292.0,587.5169999999999,292.0,596.001,258.0,596.001,(66),,paragraph
434,300.0,587.5169999999999,335.0,587.5169999999999,335.0,596.001,300.0,596.001,(63),,paragraph
435,343.0,587.5169999999999,377.0,587.5169999999999,377.0,596.001,343.0,596.001,(64),,paragraph
436,386.0,587.5169999999999,405.0,587.5169999999999,405.0,596.001,386.0,596.001,we,paragraph
437,413.0,587.5169999999999,448.0,587.5169999999999,448.0,596.001,413.0,596.001,start,paragraph
438,456.0,587.5169999999999,473.0,587.5169999999999,473.0,596.001,456.0,596.001,an,paragraph
439,482.0,587.5169999999999,502.0,587.5169999999999,502.0,596.001,482.0,596.001,or-,paragraph
440,532.0,587.5169999999999,555.0,587.5169999999999,555.0,596.001,532.0,596.001,(ii),paragraph
441,559.0,587.5169999999999,619.0,587.5169999999999,619.0,596.001,559.0,596.001,allowing,paragraph
442,624.0,587.5169999999999,669.0,587.5169999999999,669.0,596.001,624.0,596.001,stellar,paragraph
443,673.0,587.5169999999999,758.0,587.5169999999999,758.0,596.001,673.0,596.001,oscillations,,paragraph
444,763.0,587.5169999999999,801.0,587.5169999999999,801.0,596.001,763.0,596.001,while,paragraph
445,806.0,587.5169999999999,879.0,587.5169999999999,879.0,596.001,806.0,596.001,neglecting,paragraph
446,884.0,587.5169999999999,907.0,587.5169999999999,907.0,596.001,884.0,596.001,the,paragraph
447,912.0,587.5169999999999,944.0,587.5169999999999,944.0,596.001,912.0,596.001,non-,paragraph
448,90.0,597.415,111.0,597.415,111.0,605.192,90.0,605.192,bit,paragraph
449,117.0,597.415,149.0,597.415,149.0,605.192,117.0,605.192,with,paragraph
450,155.0,597.415,198.0,597.415,198.0,605.192,155.0,605.192,initial,paragraph
451,204.0,597.415,277.0,597.415,277.0,605.192,204.0,605.192,pericenter,paragraph
452,282.0,597.415,342.0,597.415,342.0,605.192,282.0,605.192,distance,paragraph
453,348.0,597.415,367.0,597.415,367.0,606.606,348.0,606.606,R0,paragraph
454,373.0,597.415,387.0,597.415,387.0,605.192,373.0,605.192,=,paragraph
455,392.0,596.001,420.0,596.001,420.0,606.606,392.0,606.606,3R∗,paragraph
456,426.0,597.415,453.0,597.415,453.0,605.192,426.0,605.192,and,paragraph
457,459.0,597.415,502.0,597.415,502.0,605.192,459.0,605.192,initial,paragraph
458,532.0,598.122,562.0,598.122,562.0,606.606,532.0,606.606,zero,paragraph
459,569.0,598.122,613.0,598.122,613.0,606.606,569.0,606.606,values,paragraph
460,620.0,598.122,633.0,598.122,633.0,606.606,620.0,606.606,of,paragraph
461,640.0,598.122,672.0,598.122,672.0,607.313,640.0,607.313,Ainit,paragraph
462,680.0,598.122,707.0,598.122,707.0,606.606,680.0,606.606,and,paragraph
463,713.0,596.001,746.0,596.001,746.0,607.313,713.0,607.313,A˙init,paragraph
464,754.0,598.122,788.0,598.122,788.0,606.606,754.0,606.606,from,paragraph
465,794.0,598.122,855.0,598.122,855.0,606.606,794.0,606.606,previous,paragraph
466,862.0,598.122,944.0,598.122,944.0,606.606,862.0,606.606,encounters,,paragraph
467,93.0,99.68699999999998,111.0,99.68699999999998,111.0,103.92899999999999,93.0,103.92899999999999,e,paragraph
468,96.0,43.127,496.0,43.127,496.0,177.457,96.0,177.457,##LTFigure##,figure
469,141.0,156.247,495.0,156.247,495.0,156.247,141.0,156.247,##LTLine##,paragraph
470,141.0,47.369,141.0,47.369,141.0,156.247,141.0,156.247,##LTLine##,paragraph
471,141.0,47.369,495.0,47.369,495.0,47.369,141.0,47.369,##LTLine##,paragraph
472,495.0,47.369,495.0,47.369,495.0,156.247,495.0,156.247,##LTLine##,paragraph
473,141.0,155.54,141.0,155.54,141.0,156.247,141.0,156.247,##LTLine##,paragraph
474,155.0,155.54,155.0,155.54,155.0,156.247,155.0,156.247,##LTLine##,paragraph
475,170.0,154.833,170.0,154.833,170.0,156.247,170.0,156.247,##LTLine##,paragraph
476,185.0,155.54,185.0,155.54,185.0,156.247,185.0,156.247,##LTLine##,paragraph
477,200.0,155.54,200.0,155.54,200.0,156.247,200.0,156.247,##LTLine##,paragraph
478,214.0,155.54,214.0,155.54,214.0,156.247,214.0,156.247,##LTLine##,paragraph
479,229.0,154.833,229.0,154.833,229.0,156.247,229.0,156.247,##LTLine##,paragraph
480,244.0,155.54,244.0,155.54,244.0,156.247,244.0,156.247,##LTLine##,paragraph
481,259.0,155.54,259.0,155.54,259.0,156.247,259.0,156.247,##LTLine##,paragraph
482,274.0,155.54,274.0,155.54,274.0,156.247,274.0,156.247,##LTLine##,paragraph
483,288.0,154.833,288.0,154.833,288.0,156.247,288.0,156.247,##LTLine##,paragraph
484,303.0,155.54,303.0,155.54,303.0,156.247,303.0,156.247,##LTLine##,paragraph
485,318.0,155.54,318.0,155.54,318.0,156.247,318.0,156.247,##LTLine##,paragraph
486,333.0,155.54,333.0,155.54,333.0,156.247,333.0,156.247,##LTLine##,paragraph
487,347.0,154.833,347.0,154.833,347.0,156.247,347.0,156.247,##LTLine##,paragraph
488,362.0,155.54,362.0,155.54,362.0,156.247,362.0,156.247,##LTLine##,paragraph
489,377.0,155.54,377.0,155.54,377.0,156.247,377.0,156.247,##LTLine##,paragraph
490,392.0,155.54,392.0,155.54,392.0,156.247,392.0,156.247,##LTLine##,paragraph
491,406.0,154.833,406.0,154.833,406.0,156.247,406.0,156.247,##LTLine##,paragraph
492,421.0,155.54,421.0,155.54,421.0,156.247,421.0,156.247,##LTLine##,paragraph
493,436.0,155.54,436.0,155.54,436.0,156.247,436.0,156.247,##LTLine##,paragraph
494,451.0,155.54,451.0,155.54,451.0,156.247,451.0,156.247,##LTLine##,paragraph
495,465.0,154.833,465.0,154.833,465.0,156.247,465.0,156.247,##LTLine##,paragraph
496,480.0,155.54,480.0,155.54,480.0,156.247,480.0,156.247,##LTLine##,paragraph
497,495.0,155.54,495.0,155.54,495.0,156.247,495.0,156.247,##LTLine##,paragraph
498,141.0,156.247,145.0,156.247,145.0,156.247,141.0,156.247,##LTLine##,paragraph
499,141.0,151.298,143.0,151.298,143.0,151.298,141.0,151.298,##LTLine##,paragraph
500,141.0,145.642,143.0,145.642,143.0,145.642,141.0,145.642,##LTLine##,paragraph
501,141.0,139.98600000000002,143.0,139.98600000000002,143.0,139.98600000000002,141.0,139.98600000000002,##LTLine##,paragraph
502,141.0,135.037,145.0,135.037,145.0,135.037,141.0,135.037,##LTLine##,paragraph
503,141.0,129.381,143.0,129.381,143.0,129.381,141.0,129.381,##LTLine##,paragraph
504,141.0,123.725,143.0,123.725,143.0,123.725,141.0,123.725,##LTLine##,paragraph
505,141.0,118.069,143.0,118.069,143.0,118.069,141.0,118.069,##LTLine##,paragraph
506,141.0,113.12,145.0,113.12,145.0,113.12,141.0,113.12,##LTLine##,paragraph
507,141.0,107.464,143.0,107.464,143.0,107.464,141.0,107.464,##LTLine##,paragraph
508,141.0,101.80799999999999,143.0,101.80799999999999,143.0,101.80799999999999,141.0,101.80799999999999,##LTLine##,paragraph
509,141.0,96.152,143.0,96.152,143.0,96.152,141.0,96.152,##LTLine##,paragraph
510,141.0,91.203,145.0,91.203,145.0,91.203,141.0,91.203,##LTLine##,paragraph
511,141.0,85.547,143.0,85.547,143.0,85.547,141.0,85.547,##LTLine##,paragraph
512,141.0,79.891,143.0,79.891,143.0,79.891,141.0,79.891,##LTLine##,paragraph
513,141.0,74.235,143.0,74.235,143.0,74.235,141.0,74.235,##LTLine##,paragraph
514,141.0,69.286,145.0,69.286,145.0,69.286,141.0,69.286,##LTLine##,paragraph
515,141.0,63.629999999999995,143.0,63.629999999999995,143.0,63.629999999999995,141.0,63.629999999999995,##LTLine##,paragraph
516,141.0,57.974000000000004,143.0,57.974000000000004,143.0,57.974000000000004,141.0,57.974000000000004,##LTLine##,paragraph
517,141.0,52.318,143.0,52.318,143.0,52.318,141.0,52.318,##LTLine##,paragraph
518,141.0,47.369,145.0,47.369,145.0,47.369,141.0,47.369,##LTLine##,paragraph
519,141.0,47.369,141.0,47.369,141.0,48.076,141.0,48.076,##LTLine##,paragraph
520,155.0,47.369,155.0,47.369,155.0,48.076,155.0,48.076,##LTLine##,paragraph
521,170.0,47.369,170.0,47.369,170.0,49.49,170.0,49.49,##LTLine##,paragraph
522,185.0,47.369,185.0,47.369,185.0,48.076,185.0,48.076,##LTLine##,paragraph
523,200.0,47.369,200.0,47.369,200.0,48.076,200.0,48.076,##LTLine##,paragraph
524,214.0,47.369,214.0,47.369,214.0,48.076,214.0,48.076,##LTLine##,paragraph
525,229.0,47.369,229.0,47.369,229.0,49.49,229.0,49.49,##LTLine##,paragraph
526,244.0,47.369,244.0,47.369,244.0,48.076,244.0,48.076,##LTLine##,paragraph
527,259.0,47.369,259.0,47.369,259.0,48.076,259.0,48.076,##LTLine##,paragraph
528,274.0,47.369,274.0,47.369,274.0,48.076,274.0,48.076,##LTLine##,paragraph
529,288.0,47.369,288.0,47.369,288.0,49.49,288.0,49.49,##LTLine##,paragraph
530,303.0,47.369,303.0,47.369,303.0,48.076,303.0,48.076,##LTLine##,paragraph
531,318.0,47.369,318.0,47.369,318.0,48.076,318.0,48.076,##LTLine##,paragraph
532,333.0,47.369,333.0,47.369,333.0,48.076,333.0,48.076,##LTLine##,paragraph
533,347.0,47.369,347.0,47.369,347.0,49.49,347.0,49.49,##LTLine##,paragraph
534,362.0,47.369,362.0,47.369,362.0,48.076,362.0,48.076,##LTLine##,paragraph
535,377.0,47.369,377.0,47.369,377.0,48.076,377.0,48.076,##LTLine##,paragraph
536,392.0,47.369,392.0,47.369,392.0,48.076,392.0,48.076,##LTLine##,paragraph
537,406.0,47.369,406.0,47.369,406.0,49.49,406.0,49.49,##LTLine##,paragraph
538,421.0,47.369,421.0,47.369,421.0,48.076,421.0,48.076,##LTLine##,paragraph
539,436.0,47.369,436.0,47.369,436.0,48.076,436.0,48.076,##LTLine##,paragraph
540,451.0,47.369,451.0,47.369,451.0,48.076,451.0,48.076,##LTLine##,paragraph
541,465.0,47.369,465.0,47.369,465.0,49.49,465.0,49.49,##LTLine##,paragraph
542,480.0,47.369,480.0,47.369,480.0,48.076,480.0,48.076,##LTLine##,paragraph
543,495.0,47.369,495.0,47.369,495.0,48.076,495.0,48.076,##LTLine##,paragraph
544,491.0,156.247,495.0,156.247,495.0,156.247,491.0,156.247,##LTLine##,paragraph
545,492.0,151.298,495.0,151.298,495.0,151.298,492.0,151.298,##LTLine##,paragraph
546,492.0,145.642,495.0,145.642,495.0,145.642,492.0,145.642,##LTLine##,paragraph
547,492.0,139.98600000000002,495.0,139.98600000000002,495.0,139.98600000000002,492.0,139.98600000000002,##LTLine##,paragraph
548,491.0,135.037,495.0,135.037,495.0,135.037,491.0,135.037,##LTLine##,paragraph
549,492.0,129.381,495.0,129.381,495.0,129.381,492.0,129.381,##LTLine##,paragraph
550,492.0,123.725,495.0,123.725,495.0,123.725,492.0,123.725,##LTLine##,paragraph
551,492.0,118.069,495.0,118.069,495.0,118.069,492.0,118.069,##LTLine##,paragraph
552,491.0,113.12,495.0,113.12,495.0,113.12,491.0,113.12,##LTLine##,paragraph
553,492.0,107.464,495.0,107.464,495.0,107.464,492.0,107.464,##LTLine##,paragraph
554,492.0,101.80799999999999,495.0,101.80799999999999,495.0,101.80799999999999,492.0,101.80799999999999,##LTLine##,paragraph
555,492.0,96.152,495.0,96.152,495.0,96.152,492.0,96.152,##LTLine##,paragraph
556,491.0,91.203,495.0,91.203,495.0,91.203,491.0,91.203,##LTLine##,paragraph
557,492.0,85.547,495.0,85.547,495.0,85.547,492.0,85.547,##LTLine##,paragraph
558,492.0,79.891,495.0,79.891,495.0,79.891,492.0,79.891,##LTLine##,paragraph
559,492.0,74.235,495.0,74.235,495.0,74.235,492.0,74.235,##LTLine##,paragraph
560,491.0,69.286,495.0,69.286,495.0,69.286,491.0,69.286,##LTLine##,paragraph
561,492.0,63.629999999999995,495.0,63.629999999999995,495.0,63.629999999999995,492.0,63.629999999999995,##LTLine##,paragraph
562,492.0,57.974000000000004,495.0,57.974000000000004,495.0,57.974000000000004,492.0,57.974000000000004,##LTLine##,paragraph
563,492.0,52.318,495.0,52.318,495.0,52.318,492.0,52.318,##LTLine##,paragraph
564,491.0,47.369,495.0,47.369,495.0,47.369,491.0,47.369,##LTLine##,paragraph
565,295.0,314.615,397.0,314.615,397.0,314.615,295.0,314.615,##LTLine##,equation
566,469.0,314.615,548.0,314.615,548.0,314.615,469.0,314.615,##LTLine##,equation
567,686.0,314.615,731.0,314.615,731.0,314.615,686.0,314.615,##LTLine##,equation
568,798.0,314.615,808.0,314.615,808.0,314.615,798.0,314.615,##LTLine##,equation
569,293.0,376.124,326.0,376.124,326.0,376.124,293.0,376.124,##LTLine##,equation
570,330.0,376.124,364.0,376.124,364.0,376.124,330.0,376.124,##LTLine##,equation
571,568.0,364.812,603.0,364.812,603.0,364.812,568.0,364.812,##LTLine##,equation
572,543.0,376.124,627.0,376.124,627.0,376.124,543.0,376.124,##LTLine##,equation
573,272.0,389.557,307.0,389.557,307.0,389.557,272.0,389.557,##LTLine##,equation
574,247.0,400.86899999999997,331.0,400.86899999999997,331.0,400.86899999999997,247.0,400.86899999999997,##LTLine##,equation
575,256.0,459.55,275.0,459.55,275.0,459.55,256.0,459.55,##LTLine##,equation
576,279.0,459.55,313.0,459.55,313.0,459.55,279.0,459.55,##LTLine##,equation
577,536.0,459.55,555.0,459.55,555.0,459.55,536.0,459.55,##LTLine##,equation
578,559.0,459.55,592.0,459.55,592.0,459.55,559.0,459.55,##LTLine##,equation
579,252.0,472.983,287.0,472.983,287.0,472.983,252.0,472.983,##LTLine##,equation
580,210.0,484.295,311.0,484.295,311.0,484.295,210.0,484.295,##LTLine##,equation
581,598.0,472.983,633.0,472.983,633.0,472.983,598.0,472.983,##LTLine##,equation
582,581.0,484.295,657.0,484.295,657.0,484.295,581.0,484.295,##LTLine##,equation
583,236.0,497.72799999999995,262.0,497.72799999999995,262.0,497.72799999999995,236.0,497.72799999999995,##LTLine##,equation
584,210.0,509.03999999999996,286.0,509.03999999999996,286.0,509.03999999999996,210.0,509.03999999999996,##LTLine##,equation
585,533.0,528.836,533.0,528.836,533.0,534.492,533.0,534.492,##LTLine##,paragraph
586,533.0,528.836,944.0,528.836,944.0,528.836,533.0,528.836,##LTLine##,paragraph
