0,135.0,80.392,184.0,80.392,184.0,91.987,135.0,91.987,where,paragraph
1,192.0,80.392,219.0,80.392,219.0,91.987,192.0,91.987,the,paragraph
2,228.0,80.392,259.0,80.392,259.0,91.987,228.0,91.987,test,paragraph
3,268.0,80.392,336.0,80.392,336.0,91.987,268.0,91.987,function,paragraph
4,345.0,80.392,354.0,80.392,354.0,91.987,345.0,91.987,f,paragraph
5,365.0,80.392,378.0,80.392,378.0,91.987,365.0,91.987,is,paragraph
6,387.0,80.392,457.0,80.392,457.0,91.987,387.0,91.987,assumed,paragraph
7,466.0,80.392,483.0,80.392,483.0,91.987,466.0,91.987,to,paragraph
8,492.0,80.392,530.0,80.392,530.0,91.987,492.0,91.987,have,paragraph
9,538.0,80.392,548.0,80.392,548.0,91.987,538.0,91.987,a,paragraph
10,557.0,80.392,627.0,80.392,627.0,91.987,557.0,91.987,compact,paragraph
11,636.0,80.392,705.0,80.392,705.0,91.987,636.0,91.987,support.,paragraph
12,721.0,80.392,807.0,80.392,807.0,91.987,721.0,91.987,Therefore,,paragraph
13,816.0,79.619,836.0,79.619,836.0,91.987,816.0,91.987,βµ,paragraph
14,846.0,80.392,859.0,80.392,859.0,91.987,846.0,91.987,is,paragraph
15,868.0,80.392,895.0,80.392,895.0,91.987,868.0,91.987,not,paragraph
16,117.0,94.306,219.0,94.306,219.0,105.90100000000001,117.0,105.90100000000001,independent,paragraph
17,226.0,94.306,257.0,94.306,257.0,105.90100000000001,226.0,105.90100000000001,and,paragraph
18,264.0,94.306,293.0,94.306,293.0,105.90100000000001,264.0,105.90100000000001,can,paragraph
19,300.0,94.306,319.0,94.306,319.0,105.90100000000001,300.0,105.90100000000001,be,paragraph
20,326.0,94.306,401.0,94.306,401.0,105.90100000000001,326.0,105.90100000000001,absorbed,paragraph
21,408.0,94.306,441.0,94.306,441.0,138.367,408.0,138.367,in(cid:90)to,equation
22,448.0,94.306,465.0,94.306,465.0,105.90100000000001,448.0,105.90100000000001,β.,paragraph
23,475.0,94.306,508.0,94.306,508.0,105.90100000000001,475.0,105.90100000000001,The,paragraph
24,515.0,94.306,557.0,94.306,557.0,105.90100000000001,515.0,105.90100000000001,same,paragraph
25,564.0,94.306,643.0,94.306,643.0,105.90100000000001,564.0,105.90100000000001,argument,paragraph
26,650.0,94.306,679.0,94.306,679.0,105.90100000000001,650.0,105.90100000000001,can,paragraph
27,686.0,94.306,705.0,94.306,705.0,105.90100000000001,686.0,105.90100000000001,be,paragraph
28,712.0,94.306,787.0,94.306,787.0,105.90100000000001,712.0,105.90100000000001,extended,paragraph
29,794.0,94.306,811.0,94.306,811.0,105.90100000000001,794.0,105.90100000000001,to,paragraph
30,818.0,94.306,845.0,94.306,845.0,105.90100000000001,818.0,105.90100000000001,the,paragraph
31,852.0,94.306,895.0,94.306,895.0,105.90100000000001,852.0,105.90100000000001,other,paragraph
32,117.0,108.993,183.0,108.993,183.0,120.588,117.0,120.588,possible,paragraph
33,189.0,108.993,241.0,108.993,241.0,120.588,189.0,120.588,terms.,paragraph
34,250.0,108.993,283.0,108.993,283.0,120.588,250.0,120.588,The,paragraph
35,289.0,108.993,330.0,108.993,330.0,120.588,289.0,120.588,most,paragraph
36,336.0,108.993,424.0,108.993,424.0,120.588,336.0,120.588,non-trivial,paragraph
37,430.0,108.993,469.0,108.993,469.0,120.588,430.0,120.588,term,paragraph
38,476.0,108.993,525.0,108.993,525.0,120.588,476.0,120.588,would,paragraph
39,531.0,108.993,551.0,108.993,551.0,120.588,531.0,120.588,be,paragraph
40,445.0,136.048,473.0,136.048,473.0,149.96200000000002,445.0,149.96200000000002,ddx,equation
41,477.0,136.048,549.0,136.048,549.0,149.96200000000002,477.0,149.96200000000002,βµνρσf2f,equation
42,585.0,137.594,591.0,137.594,591.0,149.96200000000002,585.0,149.96200000000002,,,equation
43,852.0,137.594,895.0,137.594,895.0,149.96200000000002,852.0,149.96200000000002,(107),equation
44,549.0,143.005,584.0,143.005,584.0,150.735,549.0,150.735,,µνρσ,equation
45,132.0,166.195,182.0,166.195,182.0,210.25600000000003,132.0,210.25600000000003,(cid:90)where,equation
46,186.0,165.422,233.0,165.422,233.0,209.483,186.0,209.483,(cid:18)βµνρσ,equation
47,242.0,166.968,255.0,166.968,255.0,178.56300000000002,242.0,178.56300000000002,is,paragraph
48,263.0,166.968,333.0,166.968,333.0,178.56300000000002,263.0,178.56300000000002,assumed,paragraph
49,341.0,166.968,358.0,166.968,358.0,178.56300000000002,341.0,178.56300000000002,to,paragraph
50,366.0,166.968,386.0,166.968,386.0,178.56300000000002,366.0,178.56300000000002,be,paragraph
51,394.0,166.968,480.0,166.968,480.0,178.56300000000002,394.0,178.56300000000002,symmetric,paragraph
52,488.0,166.968,505.0,166.968,505.0,178.56300000000002,488.0,178.56300000000002,as,paragraph
53,513.0,166.968,592.0,166.968,592.0,178.56300000000002,513.0,178.56300000000002,explained,paragraph
54,600.0,166.968,653.0,166.968,653.0,178.56300000000002,600.0,178.56300000000002,above.,paragraph
55,667.0,166.968,690.0,166.968,690.0,178.56300000000002,667.0,178.56300000000002,By,paragraph
56,698.0,166.968,754.0,166.968,754.0,178.56300000000002,698.0,178.56300000000002,partial,paragraph
57,761.0,165.422,865.0,165.422,865.0,209.483,761.0,209.483,integrat(cid:19)ions,,equation
58,874.0,166.968,895.0,166.968,895.0,178.56300000000002,874.0,178.56300000000002,we,paragraph
59,117.0,181.655,170.0,181.655,170.0,193.25,117.0,193.25,obtain,paragraph
60,203.0,201.75300000000001,212.0,201.75300000000001,212.0,213.348,203.0,213.348,1,equation
61,285.0,200.98000000000002,300.0,200.98000000000002,300.0,221.07799999999997,285.0,221.07799999999997,−,equation
62,411.0,200.98000000000002,426.0,200.98000000000002,426.0,221.07799999999997,411.0,221.07799999999997,−,equation
63,433.0,201.75300000000001,442.0,201.75300000000001,442.0,213.348,433.0,213.348,8,equation
64,697.0,200.98000000000002,713.0,200.98000000000002,713.0,221.07799999999997,697.0,221.07799999999997,−,equation
65,154.0,207.937,183.0,207.937,183.0,221.07799999999997,154.0,221.07799999999997,ddx,equation
66,214.0,207.937,257.0,207.937,257.0,221.07799999999997,214.0,221.07799999999997,βµνρσ,equation
67,261.0,207.937,280.0,207.937,280.0,221.07799999999997,261.0,221.07799999999997,f3,equation
68,304.0,207.937,387.0,207.937,387.0,221.07799999999997,304.0,221.07799999999997,2βµνρσf2f,equation
69,444.0,207.937,517.0,207.937,517.0,221.07799999999997,444.0,221.07799999999997,βµνρσf2f,equation
70,549.0,209.483,564.0,209.483,564.0,221.07799999999997,549.0,221.07799999999997,+,equation
71,568.0,207.937,643.0,207.937,643.0,221.07799999999997,568.0,221.07799999999997,2βµνρσff,equation
72,664.0,209.483,673.0,209.483,673.0,221.07799999999997,664.0,221.07799999999997,f,equation
73,717.0,207.937,790.0,207.937,790.0,221.07799999999997,717.0,221.07799999999997,βµνρσf2f,equation
74,846.0,209.483,861.0,209.483,861.0,221.07799999999997,846.0,221.07799999999997,=,equation
75,866.0,209.483,881.0,209.483,881.0,221.07799999999997,866.0,221.07799999999997,0.,equation
76,203.0,217.21300000000002,212.0,217.21300000000002,212.0,228.808,203.0,228.808,9,equation
77,225.0,215.66700000000003,260.0,215.66700000000003,260.0,223.397,225.0,223.397,,µνρσ,equation
78,325.0,215.66700000000003,344.0,215.66700000000003,344.0,223.397,325.0,223.397,,µν,equation
79,387.0,214.121,405.0,214.121,405.0,221.85099999999997,387.0,221.85099999999997,,ρσ,equation
80,433.0,217.21300000000002,442.0,217.21300000000002,442.0,228.808,433.0,228.808,3,equation
81,455.0,215.66700000000003,467.0,215.66700000000003,467.0,223.397,455.0,223.397,,µ,equation
82,517.0,214.121,543.0,214.121,543.0,221.85099999999997,517.0,221.85099999999997,,νρσ,equation
83,643.0,214.121,662.0,214.121,662.0,221.85099999999997,643.0,221.85099999999997,,µν,equation
84,673.0,214.121,692.0,214.121,692.0,221.85099999999997,673.0,221.85099999999997,,ρσ,equation
85,790.0,214.121,825.0,214.121,825.0,221.85099999999997,790.0,221.85099999999997,,µνρσ,equation
86,852.0,231.12699999999998,895.0,231.12699999999998,895.0,242.722,852.0,242.722,(108),equation
87,130.0,255.09,215.0,255.09,215.0,267.45799999999997,130.0,267.45799999999997,Therefore,,paragraph
88,222.0,254.317,265.0,254.317,265.0,267.45799999999997,222.0,267.45799999999997,βµνρσ,paragraph
89,272.0,255.09,301.0,255.09,301.0,267.45799999999997,272.0,267.45799999999997,can,paragraph
90,307.0,255.09,327.0,255.09,327.0,267.45799999999997,307.0,267.45799999999997,be,paragraph
91,333.0,255.09,408.0,255.09,408.0,267.45799999999997,333.0,267.45799999999997,absorbed,paragraph
92,415.0,255.09,447.0,255.09,447.0,267.45799999999997,415.0,267.45799999999997,into,paragraph
93,454.0,255.09,480.0,255.09,480.0,267.45799999999997,454.0,267.45799999999997,the,paragraph
94,487.0,255.09,529.0,255.09,529.0,267.45799999999997,487.0,267.45799999999997,ﬁelds,paragraph
95,536.0,255.09,600.0,255.09,600.0,267.45799999999997,536.0,267.45799999999997,existing,paragraph
96,606.0,255.09,622.0,255.09,622.0,267.45799999999997,606.0,267.45799999999997,in,paragraph
97,629.0,255.09,658.0,255.09,658.0,267.45799999999997,629.0,267.45799999999997,(9).,paragraph
98,117.0,278.28,140.0,278.28,140.0,295.286,117.0,295.286,C,section
99,172.0,278.28,314.0,278.28,314.0,295.286,172.0,295.286,Derivative,section
100,324.0,278.28,461.0,278.28,461.0,295.286,324.0,295.286,expansion,section
101,471.0,278.28,522.0,278.28,522.0,295.286,471.0,295.286,and,section
102,532.0,278.28,702.0,278.28,702.0,295.286,532.0,295.286,associativity,section
103,146.0,313.838,163.0,313.838,163.0,325.433,146.0,325.433,In,paragraph
104,168.0,313.838,199.0,313.838,199.0,325.433,168.0,325.433,this,paragraph
105,203.0,313.838,256.0,313.838,256.0,325.433,203.0,325.433,paper,,paragraph
106,260.0,313.838,282.0,313.838,282.0,325.433,260.0,325.433,we,paragraph
107,286.0,313.838,355.0,313.838,355.0,325.433,286.0,325.433,consider,paragraph
108,359.0,313.838,368.0,313.838,368.0,325.433,359.0,325.433,a,paragraph
109,373.0,313.838,426.0,313.838,426.0,325.433,373.0,325.433,formal,paragraph
110,431.0,313.838,519.0,313.838,519.0,325.433,431.0,325.433,continuum,paragraph
111,523.0,313.838,568.0,313.838,568.0,325.433,523.0,325.433,limit,,paragraph
112,573.0,313.838,604.0,313.838,604.0,325.433,573.0,325.433,and,paragraph
113,608.0,313.838,668.0,313.838,668.0,325.433,608.0,325.433,express,paragraph
114,673.0,313.838,685.0,313.838,685.0,325.433,673.0,325.433,P,paragraph
115,692.0,313.838,708.0,313.838,708.0,325.433,692.0,325.433,in,paragraph
116,712.0,313.838,759.0,313.838,759.0,325.433,712.0,325.433,terms,paragraph
117,763.0,313.838,779.0,313.838,779.0,325.433,763.0,325.433,of,paragraph
118,783.0,313.838,810.0,313.838,810.0,325.433,783.0,325.433,the,paragraph
119,814.0,313.838,895.0,313.838,895.0,325.433,814.0,325.433,derivative,paragraph
120,117.0,327.752,200.0,327.752,200.0,339.347,117.0,339.347,expansion,paragraph
121,206.0,327.752,230.0,327.752,230.0,339.347,206.0,339.347,(9),paragraph
122,236.0,327.752,273.0,327.752,273.0,339.347,236.0,339.347,with,paragraph
123,279.0,327.752,289.0,327.752,289.0,339.347,279.0,339.347,a,paragraph
124,295.0,327.752,393.0,327.752,393.0,339.347,295.0,339.347,termination,paragraph
125,399.0,327.752,416.0,327.752,416.0,339.347,399.0,339.347,at,paragraph
126,422.0,327.752,431.0,327.752,431.0,339.347,422.0,339.347,a,paragraph
127,437.0,327.752,495.0,327.752,495.0,339.347,437.0,339.347,certain,paragraph
128,501.0,327.752,549.0,327.752,549.0,339.347,501.0,339.347,order.,paragraph
129,558.0,327.752,595.0,327.752,595.0,339.347,558.0,339.347,This,paragraph
130,601.0,327.752,722.0,327.752,722.0,339.347,601.0,339.347,approximation,paragraph
131,728.0,327.752,766.0,327.752,766.0,339.347,728.0,339.347,with,paragraph
132,772.0,327.752,781.0,327.752,781.0,339.347,772.0,339.347,a,paragraph
133,787.0,327.752,841.0,327.752,841.0,339.347,787.0,339.347,cut-oﬀ,paragraph
134,847.0,327.752,863.0,327.752,863.0,339.347,847.0,339.347,in,paragraph
135,869.0,327.752,895.0,327.752,895.0,339.347,869.0,339.347,the,paragraph
136,117.0,341.666,180.0,341.666,180.0,353.261,117.0,353.261,number,paragraph
137,187.0,341.666,203.0,341.666,203.0,353.261,187.0,353.261,of,paragraph
138,209.0,341.666,298.0,341.666,298.0,353.261,209.0,353.261,derivatives,paragraph
139,305.0,341.666,334.0,341.666,334.0,353.261,305.0,353.261,can,paragraph
140,341.0,341.666,360.0,341.666,360.0,353.261,341.0,353.261,be,paragraph
141,367.0,341.666,450.0,341.666,450.0,353.261,367.0,353.261,physically,paragraph
142,456.0,341.666,532.0,341.666,532.0,353.261,456.0,353.261,validated,paragraph
143,539.0,341.666,560.0,341.666,560.0,353.261,539.0,353.261,by,paragraph
144,566.0,341.666,643.0,341.666,643.0,353.261,566.0,353.261,assuming,paragraph
145,650.0,341.666,685.0,341.666,685.0,353.261,650.0,353.261,that,paragraph
146,692.0,341.666,718.0,341.666,718.0,353.261,692.0,353.261,the,paragraph
147,725.0,341.666,765.0,341.666,765.0,353.261,725.0,353.261,scale,paragraph
148,772.0,341.666,787.0,341.666,787.0,353.261,772.0,353.261,of,paragraph
149,794.0,341.666,821.0,341.666,821.0,353.261,794.0,353.261,our,paragraph
150,828.0,341.666,895.0,341.666,895.0,353.261,828.0,353.261,physical,paragraph
151,117.0,356.353,179.0,356.353,179.0,367.948,117.0,367.948,interest,paragraph
152,187.0,356.353,200.0,356.353,200.0,367.948,187.0,367.948,is,paragraph
153,207.0,356.353,252.0,356.353,252.0,367.948,207.0,367.948,much,paragraph
154,260.0,356.353,308.0,356.353,308.0,367.948,260.0,367.948,larger,paragraph
155,315.0,356.353,353.0,356.353,353.0,367.948,315.0,367.948,than,paragraph
156,361.0,356.353,396.0,356.353,396.0,367.948,361.0,367.948,that,paragraph
157,404.0,356.353,419.0,356.353,419.0,367.948,404.0,367.948,of,paragraph
158,427.0,356.353,453.0,356.353,453.0,367.948,427.0,367.948,the,paragraph
159,461.0,356.353,565.0,356.353,565.0,367.948,461.0,367.948,fundamental,paragraph
160,573.0,356.353,646.0,356.353,646.0,367.948,573.0,367.948,fuzziness,paragraph
161,653.0,356.353,669.0,356.353,669.0,367.948,653.0,367.948,of,paragraph
162,676.0,356.353,703.0,356.353,703.0,367.948,676.0,367.948,the,paragraph
163,710.0,356.353,760.0,356.353,760.0,367.948,710.0,367.948,space.,paragraph
164,773.0,356.353,849.0,356.353,849.0,367.948,773.0,367.948,However,,paragraph
165,856.0,356.353,895.0,356.353,895.0,367.948,856.0,367.948,from,paragraph
166,117.0,370.267,205.0,370.267,205.0,381.862,117.0,381.862,theoretical,paragraph
167,214.0,370.267,252.0,370.267,252.0,381.862,214.0,381.862,view,paragraph
168,260.0,370.267,317.0,370.267,317.0,381.862,260.0,381.862,points,,paragraph
169,326.0,370.267,357.0,370.267,357.0,381.862,326.0,381.862,this,paragraph
170,365.0,370.267,486.0,370.267,486.0,381.862,365.0,381.862,approximation,paragraph
171,495.0,370.267,536.0,370.267,536.0,381.862,495.0,381.862,must,paragraph
172,545.0,370.267,564.0,370.267,564.0,381.862,545.0,381.862,be,paragraph
173,573.0,370.267,637.0,370.267,637.0,381.862,573.0,381.862,checked,paragraph
174,645.0,370.267,682.0,370.267,682.0,381.862,645.0,381.862,with,paragraph
175,691.0,370.267,736.0,370.267,736.0,381.862,691.0,381.862,much,paragraph
176,744.0,370.267,783.0,370.267,783.0,381.862,744.0,381.862,care,,paragraph
177,793.0,370.267,857.0,370.267,857.0,381.862,793.0,381.862,because,paragraph
178,866.0,370.267,895.0,370.267,895.0,381.862,866.0,381.862,any,paragraph
179,117.0,384.181,246.0,384.181,246.0,395.776,117.0,395.776,approximations,paragraph
180,255.0,384.181,330.0,384.181,330.0,395.776,255.0,395.776,generally,paragraph
181,339.0,384.181,400.0,384.181,400.0,395.776,339.0,395.776,contain,paragraph
182,409.0,384.181,435.0,384.181,435.0,395.776,409.0,395.776,the,paragraph
183,444.0,384.181,518.0,384.181,518.0,395.776,444.0,395.776,potential,paragraph
184,527.0,384.181,558.0,384.181,558.0,395.776,527.0,395.776,risk,paragraph
185,567.0,384.181,582.0,384.181,582.0,395.776,567.0,395.776,of,paragraph
186,591.0,384.181,677.0,384.181,677.0,395.776,591.0,395.776,destroying,paragraph
187,686.0,384.181,713.0,384.181,713.0,395.776,686.0,395.776,the,paragraph
188,722.0,384.181,791.0,384.181,791.0,395.776,722.0,395.776,essential,paragraph
189,800.0,384.181,835.0,384.181,835.0,395.776,800.0,395.776,part,paragraph
190,844.0,384.181,860.0,384.181,860.0,395.776,844.0,395.776,of,paragraph
191,869.0,384.181,895.0,384.181,895.0,395.776,869.0,395.776,the,paragraph
192,117.0,398.095,205.0,398.095,205.0,409.69,117.0,409.69,framework,paragraph
193,212.0,398.095,227.0,398.095,227.0,409.69,212.0,409.69,of,paragraph
194,234.0,398.095,285.0,398.095,285.0,409.69,234.0,409.69,CTM,,paragraph
195,291.0,398.095,355.0,398.095,355.0,409.69,291.0,409.69,namely,,paragraph
196,362.0,398.095,389.0,398.095,389.0,409.69,362.0,409.69,the,paragraph
197,396.0,398.095,470.0,398.095,470.0,409.69,396.0,409.69,algebraic,paragraph
198,477.0,398.095,535.0,398.095,535.0,409.69,477.0,409.69,closure,paragraph
199,541.0,398.095,557.0,398.095,557.0,409.69,541.0,409.69,of,paragraph
200,564.0,398.095,590.0,398.095,590.0,409.69,564.0,409.69,the,paragraph
201,597.0,398.095,694.0,398.095,694.0,409.69,597.0,409.69,constraints.,paragraph
202,704.0,398.095,741.0,398.095,741.0,409.69,704.0,409.69,This,paragraph
203,748.0,398.095,761.0,398.095,761.0,409.69,748.0,409.69,is,paragraph
204,768.0,398.095,831.0,398.095,831.0,409.69,768.0,409.69,directly,paragraph
205,838.0,398.095,895.0,398.095,895.0,409.69,838.0,409.69,related,paragraph
206,117.0,412.009,134.0,412.009,134.0,424.377,117.0,424.377,to,paragraph
207,139.0,412.009,165.0,412.009,165.0,424.377,139.0,424.377,the,paragraph
208,170.0,412.009,256.0,412.009,256.0,424.377,170.0,424.377,covariance,paragraph
209,260.0,412.009,276.0,412.009,276.0,424.377,260.0,424.377,of,paragraph
210,280.0,412.009,307.0,412.009,307.0,424.377,280.0,424.377,the,paragraph
211,311.0,412.009,393.0,412.009,393.0,424.377,311.0,424.377,spacetime,paragraph
212,398.0,412.009,513.0,412.009,513.0,424.377,398.0,424.377,interpretation,paragraph
213,518.0,412.009,533.0,412.009,533.0,424.377,518.0,424.377,of,paragraph
214,537.0,412.009,583.0,412.009,583.0,424.377,537.0,424.377,CTM,paragraph
215,587.0,412.009,603.0,412.009,603.0,424.377,587.0,424.377,in,paragraph
216,608.0,412.009,634.0,412.009,634.0,424.377,608.0,424.377,the,paragraph
217,639.0,412.009,727.0,412.009,727.0,424.377,639.0,424.377,continuum,paragraph
218,731.0,412.009,776.0,412.009,776.0,424.377,731.0,424.377,limit,,paragraph
219,781.0,412.009,812.0,412.009,812.0,424.377,781.0,424.377,and,paragraph
220,816.0,412.009,895.0,412.009,895.0,424.377,816.0,424.377,therefore,,paragraph
221,117.0,426.696,137.0,426.696,137.0,438.29099999999994,117.0,438.29099999999994,its,paragraph
222,144.0,426.696,213.0,426.696,213.0,438.29099999999994,144.0,438.29099999999994,slightest,paragraph
223,220.0,426.696,300.0,426.696,300.0,438.29099999999994,220.0,438.29099999999994,violations,paragraph
224,307.0,426.696,357.0,426.696,357.0,438.29099999999994,307.0,438.29099999999994,would,paragraph
225,364.0,426.696,398.0,426.696,398.0,438.29099999999994,364.0,438.29099999999994,lead,paragraph
226,404.0,426.696,421.0,426.696,421.0,438.29099999999994,404.0,438.29099999999994,to,paragraph
227,428.0,426.696,529.0,426.696,529.0,438.29099999999994,428.0,438.29099999999994,pathological,paragraph
228,536.0,426.696,616.0,426.696,616.0,438.29099999999994,536.0,438.29099999999994,behaviors,paragraph
229,622.0,426.696,638.0,426.696,638.0,438.29099999999994,622.0,438.29099999999994,of,paragraph
230,645.0,426.696,723.0,426.696,723.0,438.29099999999994,645.0,438.29099999999994,dynamics,paragraph
231,730.0,426.696,789.0,426.696,789.0,438.29099999999994,730.0,438.29099999999994,ruining,paragraph
232,796.0,426.696,806.0,426.696,806.0,438.29099999999994,796.0,438.29099999999994,a,paragraph
233,813.0,426.696,895.0,426.696,895.0,438.29099999999994,813.0,438.29099999999994,consistent,paragraph
234,117.0,440.60999999999996,181.0,440.60999999999996,181.0,452.205,117.0,452.205,picture.,paragraph
235,190.0,440.60999999999996,223.0,440.60999999999996,223.0,452.205,190.0,452.205,The,paragraph
236,230.0,440.60999999999996,312.0,440.60999999999996,312.0,452.205,230.0,452.205,procedure,paragraph
237,319.0,440.60999999999996,341.0,440.60999999999996,341.0,452.205,319.0,452.205,we,paragraph
238,347.0,440.60999999999996,382.0,440.60999999999996,382.0,452.205,347.0,452.205,take,paragraph
239,389.0,440.60999999999996,405.0,440.60999999999996,405.0,452.205,389.0,452.205,in,paragraph
240,412.0,440.60999999999996,438.0,440.60999999999996,438.0,452.205,412.0,452.205,the,paragraph
241,445.0,440.60999999999996,566.0,440.60999999999996,566.0,452.205,445.0,452.205,approximation,paragraph
242,573.0,440.60999999999996,586.0,440.60999999999996,586.0,452.205,573.0,452.205,is,paragraph
243,592.0,440.60999999999996,633.0,440.60999999999996,633.0,452.205,592.0,452.205,that,,paragraph
244,639.0,440.60999999999996,662.0,440.60999999999996,662.0,452.205,639.0,452.205,for,paragraph
245,669.0,440.60999999999996,706.0,440.60999999999996,706.0,452.205,669.0,452.205,each,paragraph
246,712.0,440.60999999999996,752.0,440.60999999999996,752.0,452.205,712.0,452.205,term,paragraph
247,758.0,440.60999999999996,774.0,440.60999999999996,774.0,452.205,758.0,452.205,in,paragraph
248,781.0,440.60999999999996,807.0,440.60999999999996,807.0,452.205,781.0,452.205,the,paragraph
249,814.0,440.60999999999996,895.0,440.60999999999996,895.0,452.205,814.0,452.205,derivative,paragraph
250,117.0,454.524,205.0,454.524,205.0,466.11899999999997,117.0,466.11899999999997,expansion,,paragraph
251,211.0,454.524,232.0,454.524,232.0,466.11899999999997,211.0,466.11899999999997,we,paragraph
252,238.0,454.524,272.0,454.524,272.0,466.11899999999997,238.0,466.11899999999997,sum,paragraph
253,277.0,454.524,299.0,454.524,299.0,466.11899999999997,277.0,466.11899999999997,up,paragraph
254,304.0,454.524,331.0,454.524,331.0,466.11899999999997,304.0,466.11899999999997,the,paragraph
255,336.0,454.524,407.0,454.524,407.0,466.11899999999997,336.0,466.11899999999997,numbers,paragraph
256,412.0,454.524,428.0,454.524,428.0,466.11899999999997,412.0,466.11899999999997,of,paragraph
257,433.0,454.524,460.0,454.524,460.0,466.11899999999997,433.0,466.11899999999997,the,paragraph
258,465.0,454.524,554.0,454.524,554.0,466.11899999999997,465.0,466.11899999999997,derivatives,paragraph
259,560.0,454.524,575.0,454.524,575.0,466.11899999999997,560.0,466.11899999999997,of,paragraph
260,581.0,454.524,607.0,454.524,607.0,466.11899999999997,581.0,466.11899999999997,the,paragraph
261,613.0,454.524,660.0,454.524,660.0,466.11899999999997,613.0,466.11899999999997,ﬁelds,,paragraph
262,666.0,454.524,693.0,454.524,693.0,466.11899999999997,666.0,466.11899999999997,the,paragraph
263,698.0,454.524,795.0,454.524,795.0,466.11899999999997,698.0,466.11899999999997,background,paragraph
264,800.0,454.524,859.0,454.524,859.0,466.11899999999997,800.0,466.11899999999997,metric,,paragraph
265,864.0,454.524,895.0,454.524,895.0,466.11899999999997,864.0,466.11899999999997,and,paragraph
266,117.0,468.438,144.0,468.438,144.0,480.806,117.0,480.806,the,paragraph
267,149.0,468.438,180.0,468.438,180.0,480.806,149.0,480.806,test,paragraph
268,186.0,468.438,268.0,468.438,268.0,480.806,186.0,480.806,functions,,paragraph
269,273.0,468.438,304.0,468.438,304.0,480.806,273.0,480.806,and,paragraph
270,310.0,468.438,332.0,468.438,332.0,480.806,310.0,480.806,we,paragraph
271,338.0,468.438,396.0,468.438,396.0,480.806,338.0,480.806,neglect,paragraph
272,402.0,468.438,428.0,468.438,428.0,480.806,402.0,480.806,the,paragraph
273,434.0,468.438,473.0,468.438,473.0,480.806,434.0,480.806,term,paragraph
274,479.0,468.438,490.0,468.438,490.0,480.806,479.0,480.806,if,paragraph
275,496.0,468.438,523.0,468.438,523.0,480.806,496.0,480.806,the,paragraph
276,528.0,468.438,562.0,468.438,562.0,480.806,528.0,480.806,sum,paragraph
277,568.0,468.438,630.0,468.438,630.0,480.806,568.0,480.806,exceeds,paragraph
278,636.0,468.438,646.0,468.438,646.0,480.806,636.0,480.806,a,paragraph
279,652.0,468.438,709.0,468.438,709.0,480.806,652.0,480.806,certain,paragraph
280,715.0,468.438,783.0,468.438,783.0,480.806,715.0,480.806,number,,paragraph
281,789.0,468.438,837.0,468.438,837.0,480.806,789.0,480.806,which,paragraph
282,843.0,468.438,856.0,468.438,856.0,480.806,843.0,480.806,is,paragraph
283,862.0,468.438,895.0,468.438,895.0,480.806,862.0,480.806,four,paragraph
284,117.0,483.125,133.0,483.125,133.0,494.72,117.0,494.72,in,paragraph
285,139.0,483.125,170.0,483.125,170.0,494.72,139.0,494.72,this,paragraph
286,177.0,483.125,229.0,483.125,229.0,494.72,177.0,494.72,paper.,paragraph
287,238.0,483.125,255.0,483.125,255.0,494.72,238.0,494.72,In,paragraph
288,262.0,483.125,293.0,483.125,293.0,494.72,262.0,494.72,this,paragraph
289,299.0,483.125,362.0,483.125,362.0,494.72,299.0,494.72,section,,paragraph
290,368.0,483.125,390.0,483.125,390.0,494.72,368.0,494.72,we,paragraph
291,396.0,483.125,426.0,483.125,426.0,494.72,396.0,494.72,will,paragraph
292,433.0,483.125,493.0,483.125,493.0,494.72,433.0,494.72,explain,paragraph
293,499.0,483.125,526.0,483.125,526.0,494.72,499.0,494.72,the,paragraph
294,532.0,483.125,606.0,483.125,606.0,494.72,532.0,494.72,algebraic,paragraph
295,613.0,483.125,707.0,483.125,707.0,494.72,613.0,494.72,consistency,paragraph
296,713.0,483.125,729.0,483.125,729.0,494.72,713.0,494.72,of,paragraph
297,735.0,483.125,763.0,483.125,763.0,494.72,735.0,494.72,our,paragraph
298,769.0,483.125,857.0,483.125,857.0,494.72,769.0,494.72,procedure.,paragraph
299,146.0,502.45000000000005,163.0,502.45000000000005,163.0,514.0450000000001,146.0,514.0450000000001,In,paragraph
300,171.0,502.45000000000005,197.0,502.45000000000005,197.0,514.0450000000001,171.0,514.0450000000001,the,paragraph
301,204.0,502.45000000000005,276.0,502.45000000000005,276.0,514.0450000000001,204.0,514.0450000000001,equation,paragraph
302,283.0,502.45000000000005,299.0,502.45000000000005,299.0,514.0450000000001,283.0,514.0450000000001,of,paragraph
303,306.0,502.45000000000005,365.0,502.45000000000005,365.0,514.0450000000001,306.0,514.0450000000001,motion,paragraph
304,372.0,502.45000000000005,396.0,502.45000000000005,396.0,514.0450000000001,372.0,514.0450000000001,(7),paragraph
305,404.0,502.45000000000005,419.0,502.45000000000005,419.0,514.0450000000001,404.0,514.0450000000001,of,paragraph
306,426.0,502.45000000000005,477.0,502.45000000000005,477.0,514.0450000000001,426.0,514.0450000000001,CTM,,paragraph
307,484.0,502.45000000000005,511.0,502.45000000000005,511.0,514.0450000000001,484.0,514.0450000000001,the,paragraph
308,518.0,502.45000000000005,575.0,502.45000000000005,575.0,514.0450000000001,518.0,514.0450000000001,closure,paragraph
309,583.0,502.45000000000005,598.0,502.45000000000005,598.0,514.0450000000001,583.0,514.0450000000001,of,paragraph
310,605.0,502.45000000000005,632.0,502.45000000000005,632.0,514.0450000000001,605.0,514.0450000000001,the,paragraph
311,639.0,502.45000000000005,714.0,502.45000000000005,714.0,514.0450000000001,639.0,514.0450000000001,algebraic,paragraph
312,721.0,502.45000000000005,796.0,502.45000000000005,796.0,514.0450000000001,721.0,514.0450000000001,structure,paragraph
313,804.0,502.45000000000005,819.0,502.45000000000005,819.0,514.0450000000001,804.0,514.0450000000001,of,paragraph
314,826.0,502.45000000000005,853.0,502.45000000000005,853.0,514.0450000000001,826.0,514.0450000000001,the,paragraph
315,860.0,502.45000000000005,895.0,502.45000000000005,895.0,514.0450000000001,860.0,514.0450000000001,con-,paragraph
316,117.0,516.364,180.0,516.364,180.0,528.7320000000001,117.0,528.7320000000001,straints,paragraph
317,186.0,516.364,250.0,516.364,250.0,528.7320000000001,186.0,528.7320000000001,appears,paragraph
318,256.0,516.364,272.0,516.364,272.0,528.7320000000001,256.0,528.7320000000001,in,paragraph
319,278.0,516.364,305.0,516.364,305.0,528.7320000000001,278.0,528.7320000000001,the,paragraph
320,311.0,516.364,421.0,516.364,421.0,528.7320000000001,311.0,528.7320000000001,commutation,paragraph
321,427.0,516.364,443.0,516.364,443.0,528.7320000000001,427.0,528.7320000000001,of,paragraph
322,449.0,516.364,478.0,516.364,478.0,528.7320000000001,449.0,528.7320000000001,two,paragraph
323,485.0,516.364,567.0,516.364,567.0,528.7320000000001,485.0,528.7320000000001,successive,paragraph
324,573.0,516.364,675.0,516.364,675.0,528.7320000000001,573.0,528.7320000000001,inﬁnitesimal,paragraph
325,681.0,516.364,718.0,516.364,718.0,528.7320000000001,681.0,528.7320000000001,time,paragraph
326,724.0,516.364,814.0,516.364,814.0,528.7320000000001,724.0,528.7320000000001,evolutions:,paragraph
327,822.0,516.364,849.0,516.364,849.0,528.7320000000001,822.0,528.7320000000001,the,paragraph
328,855.0,516.364,895.0,516.364,895.0,528.7320000000001,855.0,528.7320000000001,com-,paragraph
329,461.0,522.548,477.0,522.548,477.0,542.646,461.0,542.646,N,paragraph
330,117.0,531.051,193.0,531.051,193.0,542.646,117.0,542.646,mutation,paragraph
331,199.0,531.051,212.0,531.051,212.0,542.646,199.0,542.646,is,paragraph
332,218.0,531.051,262.0,531.051,262.0,542.646,218.0,542.646,given,paragraph
333,268.0,531.051,288.0,531.051,288.0,542.646,268.0,542.646,by,paragraph
334,294.0,531.051,314.0,531.051,314.0,542.646,294.0,542.646,an,paragraph
335,320.0,531.051,422.0,531.051,422.0,542.646,320.0,542.646,inﬁnitesimal,paragraph
336,428.0,531.051,461.0,531.051,461.0,542.646,428.0,542.646,SO(,paragraph
337,480.0,531.051,487.0,531.051,487.0,542.646,480.0,542.646,),paragraph
338,493.0,531.051,622.0,531.051,622.0,542.646,493.0,542.646,transformation.,paragraph
339,631.0,531.051,674.0,531.051,674.0,542.646,631.0,542.646,More,paragraph
340,680.0,531.051,755.0,531.051,755.0,542.646,680.0,542.646,precisely,,paragraph
341,762.0,531.051,784.0,531.051,784.0,542.646,762.0,542.646,for,paragraph
342,790.0,531.051,817.0,531.051,817.0,542.646,790.0,542.646,the,paragraph
343,823.0,531.051,895.0,531.051,895.0,542.646,823.0,542.646,inﬁnites-,paragraph
344,117.0,544.9649999999999,153.0,544.9649999999999,153.0,556.56,117.0,556.56,imal,paragraph
345,159.0,544.9649999999999,197.0,544.9649999999999,197.0,556.56,159.0,556.56,time,paragraph
346,203.0,544.9649999999999,287.0,544.9649999999999,287.0,556.56,203.0,556.56,evolutions,paragraph
347,293.0,544.9649999999999,388.0,544.9649999999999,388.0,556.56,293.0,556.56,represented,paragraph
348,394.0,544.9649999999999,414.0,544.9649999999999,414.0,556.56,394.0,556.56,by,paragraph
349,421.0,544.9649999999999,432.0,544.9649999999999,432.0,556.56,421.0,556.56,n,paragraph
350,446.0,544.9649999999999,477.0,544.9649999999999,477.0,556.56,446.0,556.56,and,paragraph
351,483.0,544.9649999999999,494.0,544.9649999999999,494.0,556.56,483.0,556.56,n,paragraph
352,508.0,544.9649999999999,549.0,544.9649999999999,549.0,589.799,508.0,589.799,(t(cid:88)he,equation
353,548.0,544.9649999999999,604.0,544.9649999999999,604.0,556.56,548.0,556.56,second,paragraph
354,610.0,544.9649999999999,649.0,544.9649999999999,649.0,556.56,610.0,556.56,term,paragraph
355,655.0,544.9649999999999,671.0,544.9649999999999,671.0,556.56,655.0,556.56,in,paragraph
356,677.0,544.9649999999999,702.0,544.9649999999999,702.0,556.56,677.0,556.56,(7),paragraph
357,708.0,544.9649999999999,721.0,544.9649999999999,721.0,556.56,708.0,556.56,is,paragraph
358,727.0,544.9649999999999,788.0,544.9649999999999,788.0,556.56,727.0,556.56,ignored,paragraph
359,795.0,544.9649999999999,817.0,544.9649999999999,817.0,556.56,795.0,556.56,for,paragraph
360,824.0,544.9649999999999,895.0,544.9649999999999,895.0,556.56,824.0,556.56,brevity),,paragraph
361,432.0,549.603,439.0,549.603,439.0,557.333,432.0,557.333,1,paragraph
362,494.0,549.603,501.0,549.603,501.0,557.333,494.0,557.333,2,paragraph
363,117.0,558.879,219.0,558.879,219.0,570.474,117.0,570.474,respectively,,paragraph
364,225.0,558.879,254.0,558.879,254.0,570.474,225.0,570.474,one,paragraph
365,260.0,558.879,289.0,558.879,289.0,570.474,260.0,570.474,can,paragraph
366,295.0,558.879,336.0,558.879,336.0,570.474,295.0,570.474,show,paragraph
367,343.0,558.879,378.0,558.879,378.0,570.474,343.0,570.474,that,paragraph
368,383.0,575.885,398.0,575.885,398.0,595.9830000000001,383.0,595.9830000000001,−,equation
369,500.0,575.885,515.0,575.885,515.0,595.9830000000001,500.0,595.9830000000001,∝,equation
370,322.0,584.388,338.0,584.388,338.0,595.9830000000001,322.0,595.9830000000001,(δ,equation
371,354.0,584.388,363.0,584.388,363.0,595.9830000000001,354.0,595.9830000000001,δ,equation
372,403.0,584.388,411.0,584.388,411.0,595.9830000000001,403.0,595.9830000000001,δ,equation
373,427.0,584.388,436.0,584.388,436.0,595.9830000000001,427.0,595.9830000000001,δ,equation
374,452.0,584.388,459.0,584.388,459.0,595.9830000000001,452.0,595.9830000000001,),equation
375,462.0,584.388,475.0,584.388,475.0,595.9830000000001,462.0,595.9830000000001,P,equation
376,555.0,584.388,572.0,584.388,572.0,595.9830000000001,555.0,595.9830000000001,[n˜,equation
377,580.0,584.388,585.0,584.388,585.0,595.9830000000001,580.0,595.9830000000001,,,equation
378,588.0,584.388,600.0,584.388,600.0,595.9830000000001,588.0,595.9830000000001,n˜,equation
379,608.0,584.388,613.0,584.388,613.0,595.9830000000001,608.0,595.9830000000001,],equation
380,636.0,584.388,648.0,584.388,648.0,595.9830000000001,636.0,595.9830000000001,P,equation
381,685.0,584.388,690.0,584.388,690.0,595.9830000000001,685.0,595.9830000000001,,,equation
382,852.0,584.388,895.0,584.388,895.0,595.9830000000001,852.0,595.9830000000001,(109),equation
383,338.0,589.799,353.0,589.799,353.0,598.302,338.0,598.302,n1,equation
384,363.0,589.799,377.0,589.799,377.0,598.302,363.0,598.302,n2,equation
385,411.0,589.799,426.0,589.799,426.0,598.302,411.0,598.302,n2,equation
386,436.0,589.799,450.0,589.799,450.0,598.302,436.0,598.302,n1,equation
387,475.0,589.799,494.0,589.799,494.0,597.529,475.0,597.529,abc,equation
388,572.0,589.799,579.0,589.799,579.0,597.529,572.0,597.529,1,equation
389,600.0,589.799,607.0,589.799,607.0,597.529,600.0,597.529,2,equation
390,613.0,589.799,635.0,589.799,635.0,597.529,613.0,597.529,σad,equation
391,648.0,589.799,683.0,589.799,683.0,598.302,648.0,598.302,dσbσc,equation
392,531.0,601.394,539.0,601.394,539.0,609.124,531.0,609.124,σ,equation
393,738.0,610.6700000000001,754.0,610.6700000000001,754.0,630.7679999999999,738.0,630.7679999999999,N,paragraph
394,131.0,619.173,180.0,619.173,180.0,630.7679999999999,131.0,630.7679999999999,where,paragraph
395,187.0,619.173,199.0,619.173,199.0,630.7679999999999,187.0,630.7679999999999,n˜,paragraph
396,220.0,619.173,240.0,619.173,240.0,630.7679999999999,220.0,630.7679999999999,:=,paragraph
397,246.0,619.173,258.0,619.173,258.0,630.7679999999999,246.0,630.7679999999999,n,paragraph
398,265.0,619.173,277.0,619.173,277.0,630.7679999999999,265.0,630.7679999999999,P,paragraph
399,297.0,619.173,302.0,619.173,302.0,630.7679999999999,297.0,630.7679999999999,.,paragraph
400,313.0,619.173,346.0,619.173,346.0,630.7679999999999,313.0,630.7679999999999,The,paragraph
401,353.0,619.173,441.0,619.173,441.0,630.7679999999999,353.0,630.7679999999999,right-hand,paragraph
402,448.0,619.173,480.0,619.173,480.0,630.7679999999999,448.0,630.7679999999999,side,paragraph
403,487.0,619.173,500.0,619.173,500.0,630.7679999999999,487.0,630.7679999999999,is,paragraph
404,507.0,619.173,561.0,619.173,561.0,630.7679999999999,507.0,630.7679999999999,indeed,paragraph
405,568.0,619.173,589.0,619.173,589.0,630.7679999999999,568.0,630.7679999999999,an,paragraph
406,596.0,619.173,698.0,619.173,698.0,630.7679999999999,596.0,630.7679999999999,inﬁnitesimal,paragraph
407,705.0,619.173,738.0,619.173,738.0,630.7679999999999,705.0,630.7679999999999,SO(,paragraph
408,757.0,619.173,764.0,619.173,764.0,630.7679999999999,757.0,630.7679999999999,),paragraph
409,771.0,619.173,895.0,619.173,895.0,630.7679999999999,771.0,630.7679999999999,transformation,paragraph
410,199.0,623.811,212.0,623.811,212.0,631.5409999999999,199.0,631.5409999999999,ab,paragraph
411,258.0,623.811,264.0,623.811,264.0,631.5409999999999,258.0,631.5409999999999,c,paragraph
412,277.0,623.811,296.0,623.811,296.0,631.5409999999999,277.0,631.5409999999999,cab,paragraph
413,117.0,633.087,133.0,633.087,133.0,644.682,117.0,644.682,of,paragraph
414,139.0,633.087,151.0,633.087,151.0,644.682,139.0,644.682,P,paragraph
415,160.0,633.087,197.0,633.087,197.0,644.682,160.0,644.682,with,paragraph
416,204.0,633.087,213.0,633.087,213.0,644.682,204.0,644.682,a,paragraph
417,220.0,633.087,268.0,633.087,268.0,644.682,220.0,644.682,gauge,paragraph
418,274.0,633.087,359.0,633.087,359.0,644.682,274.0,644.682,parameter,paragraph
419,365.0,633.087,382.0,633.087,382.0,644.682,365.0,644.682,[n˜,paragraph
420,390.0,633.087,395.0,633.087,395.0,644.682,390.0,644.682,,,paragraph
421,398.0,633.087,410.0,633.087,410.0,644.682,398.0,644.682,n˜,paragraph
422,418.0,633.087,428.0,633.087,428.0,644.682,418.0,644.682,].,paragraph
423,382.0,637.7249999999999,389.0,637.7249999999999,389.0,646.228,382.0,646.228,1,paragraph
424,410.0,637.7249999999999,417.0,637.7249999999999,417.0,646.228,410.0,646.228,2,paragraph
425,146.0,653.185,163.0,653.185,163.0,664.78,146.0,664.78,In,paragraph
426,170.0,653.185,197.0,653.185,197.0,664.78,170.0,664.78,the,paragraph
427,204.0,653.185,287.0,653.185,287.0,664.78,204.0,664.78,derivation,paragraph
428,294.0,653.185,310.0,653.185,310.0,664.78,294.0,664.78,of,paragraph
429,317.0,653.185,366.0,653.185,366.0,664.78,317.0,664.78,(109),,paragraph
430,373.0,653.185,393.0,653.185,393.0,664.78,373.0,664.78,an,paragraph
431,400.0,653.185,464.0,653.185,464.0,664.78,400.0,664.78,implicit,paragraph
432,471.0,653.185,566.0,653.185,566.0,664.78,471.0,664.78,assumption,paragraph
433,573.0,653.185,585.0,653.185,585.0,664.78,573.0,664.78,is,paragraph
434,592.0,653.185,619.0,653.185,619.0,664.78,592.0,664.78,the,paragraph
435,626.0,653.185,700.0,653.185,700.0,664.78,626.0,664.78,following,paragraph
436,707.0,653.185,761.0,653.185,761.0,664.78,707.0,664.78,simple,paragraph
437,768.0,653.185,839.0,653.185,839.0,664.78,768.0,664.78,property,paragraph
438,846.0,653.185,862.0,653.185,862.0,664.78,846.0,664.78,of,paragraph
439,869.0,653.185,895.0,653.185,895.0,664.78,869.0,664.78,the,paragraph
440,117.0,667.099,162.0,667.099,162.0,678.694,117.0,678.694,index,paragraph
441,169.0,667.099,268.0,667.099,268.0,678.694,169.0,678.694,contraction:,paragraph
442,313.0,691.062,326.0,691.062,326.0,702.657,313.0,702.657,P,equation
443,346.0,691.062,358.0,691.062,358.0,702.657,346.0,702.657,P,equation
444,378.0,691.062,391.0,691.062,391.0,702.657,378.0,702.657,P,equation
445,418.0,691.062,433.0,691.062,433.0,702.657,418.0,702.657,=,equation
446,439.0,691.062,459.0,691.062,459.0,702.657,439.0,702.657,(P,equation
447,479.0,691.062,491.0,691.062,491.0,702.657,479.0,702.657,P,equation
448,511.0,691.062,531.0,691.062,531.0,702.657,511.0,702.657,)P,equation
449,559.0,691.062,574.0,691.062,574.0,702.657,559.0,702.657,=,equation
450,579.0,691.062,592.0,691.062,592.0,702.657,579.0,702.657,P,equation
451,612.0,691.062,631.0,691.062,631.0,702.657,612.0,702.657,(P,equation
452,652.0,691.062,664.0,691.062,664.0,702.657,652.0,702.657,P,equation
453,686.0,691.062,699.0,691.062,699.0,702.657,686.0,702.657,),,equation
454,852.0,691.062,895.0,691.062,895.0,702.657,852.0,702.657,(110),equation
455,326.0,696.4730000000001,345.0,696.4730000000001,345.0,704.203,326.0,704.203,abc,equation
456,358.0,696.4730000000001,378.0,696.4730000000001,378.0,704.203,358.0,704.203,cde,equation
457,391.0,696.4730000000001,412.0,696.4730000000001,412.0,704.203,391.0,704.203,efg,equation
458,459.0,696.4730000000001,478.0,696.4730000000001,478.0,704.203,459.0,704.203,abc,equation
459,491.0,696.4730000000001,511.0,696.4730000000001,511.0,704.203,491.0,704.203,cde,equation
460,531.0,696.4730000000001,552.0,696.4730000000001,552.0,704.203,531.0,704.203,efg,equation
461,592.0,696.4730000000001,611.0,696.4730000000001,611.0,704.203,592.0,704.203,abc,equation
462,631.0,696.4730000000001,651.0,696.4730000000001,651.0,704.203,631.0,704.203,cde,equation
463,664.0,696.4730000000001,685.0,696.4730000000001,685.0,704.203,664.0,704.203,efg,equation
464,497.0,720.436,516.0,720.436,516.0,732.031,497.0,732.031,31,paragraph
465,203.0,215.66700000000003,212.0,215.66700000000003,212.0,215.66700000000003,203.0,215.66700000000003,##LTLine##,equation
466,433.0,215.66700000000003,442.0,215.66700000000003,442.0,215.66700000000003,433.0,215.66700000000003,##LTLine##,equation
