0,206.0,93.533,219.0,93.533,219.0,100.49000000000001,206.0,100.49000000000001,32,paragraph
1,360.0,93.533,420.0,93.533,420.0,100.49000000000001,360.0,100.49000000000001,WLODEK,paragraph
2,424.0,93.533,461.0,93.533,461.0,100.49000000000001,424.0,100.49000000000001,BRYC,paragraph
3,470.0,93.533,499.0,93.533,499.0,100.49000000000001,470.0,100.49000000000001,AND,paragraph
4,503.0,93.533,547.0,93.533,547.0,100.49000000000001,503.0,100.49000000000001,JACEK,paragraph
5,551.0,93.533,643.0,93.533,643.0,100.49000000000001,551.0,100.49000000000001,WESOLOWSKI,paragraph
6,422.0,112.85799999999999,577.0,112.85799999999999,577.0,122.907,422.0,122.907,Acknowledgement,section
7,226.0,132.18300000000002,251.0,132.18300000000002,251.0,142.232,226.0,142.232,JW,paragraph
8,257.0,132.18300000000002,314.0,132.18300000000002,314.0,142.232,257.0,142.232,research,paragraph
9,320.0,132.18300000000002,346.0,132.18300000000002,346.0,142.232,320.0,142.232,was,paragraph
10,351.0,132.18300000000002,422.0,132.18300000000002,422.0,142.232,351.0,142.232,supported,paragraph
11,428.0,132.18300000000002,441.0,132.18300000000002,441.0,142.232,428.0,142.232,in,paragraph
12,447.0,132.18300000000002,477.0,132.18300000000002,477.0,142.232,447.0,142.232,part,paragraph
13,482.0,132.18300000000002,499.0,132.18300000000002,499.0,142.232,482.0,142.232,by,paragraph
14,505.0,132.18300000000002,541.0,132.18300000000002,541.0,142.232,505.0,142.232,NCN,paragraph
15,547.0,132.18300000000002,584.0,132.18300000000002,584.0,142.232,547.0,142.232,grant,paragraph
16,590.0,132.18300000000002,757.0,132.18300000000002,757.0,142.232,590.0,142.232,2012/05/B/ST1/00554.,paragraph
17,764.0,132.18300000000002,793.0,132.18300000000002,793.0,142.232,764.0,142.232,WB,paragraph
18,206.0,143.778,264.0,143.778,264.0,153.827,206.0,153.827,research,paragraph
19,271.0,143.778,296.0,143.778,296.0,153.827,271.0,153.827,was,paragraph
20,303.0,143.778,374.0,143.778,374.0,153.827,303.0,153.827,supported,paragraph
21,381.0,143.778,394.0,143.778,394.0,153.827,381.0,153.827,in,paragraph
22,401.0,143.778,431.0,143.778,431.0,153.827,401.0,153.827,part,paragraph
23,437.0,143.778,454.0,143.778,454.0,153.827,437.0,153.827,by,paragraph
24,461.0,143.778,483.0,143.778,483.0,153.827,461.0,153.827,the,paragraph
25,490.0,143.778,520.0,143.778,520.0,153.827,490.0,153.827,Taft,paragraph
26,526.0,143.778,589.0,143.778,589.0,153.827,526.0,153.827,Research,paragraph
27,596.0,143.778,643.0,143.778,643.0,153.827,596.0,153.827,Center,paragraph
28,650.0,143.778,664.0,143.778,664.0,153.827,650.0,153.827,at,paragraph
29,671.0,143.778,693.0,143.778,693.0,153.827,671.0,153.827,the,paragraph
30,700.0,143.778,773.0,143.778,773.0,153.827,700.0,153.827,University,paragraph
31,779.0,143.778,793.0,143.778,793.0,153.827,779.0,153.827,of,paragraph
32,206.0,155.37300000000002,285.0,155.37300000000002,285.0,165.422,206.0,165.422,Cincinnati.,paragraph
33,294.0,155.37300000000002,317.0,155.37300000000002,317.0,165.422,294.0,165.422,We,paragraph
34,323.0,155.37300000000002,364.0,155.37300000000002,364.0,165.422,323.0,165.422,thank,paragraph
35,370.0,155.37300000000002,406.0,155.37300000000002,406.0,165.422,370.0,165.422,Amir,paragraph
36,412.0,155.37300000000002,463.0,155.37300000000002,463.0,165.422,412.0,165.422,Dembo,paragraph
37,469.0,155.37300000000002,488.0,155.37300000000002,488.0,165.422,469.0,165.422,for,paragraph
38,494.0,155.37300000000002,502.0,155.37300000000002,502.0,165.422,494.0,165.422,a,paragraph
39,508.0,155.37300000000002,557.0,155.37300000000002,557.0,165.422,508.0,165.422,helpful,paragraph
40,563.0,155.37300000000002,633.0,155.37300000000002,633.0,165.422,563.0,165.422,discussion,paragraph
41,639.0,155.37300000000002,665.0,155.37300000000002,665.0,165.422,639.0,165.422,and,paragraph
42,671.0,155.37300000000002,741.0,155.37300000000002,741.0,165.422,671.0,165.422,references,paragraph
43,747.0,155.37300000000002,764.0,155.37300000000002,764.0,165.422,747.0,165.422,on,paragraph
44,770.0,155.37300000000002,793.0,155.37300000000002,793.0,165.422,770.0,165.422,the,paragraph
45,206.0,166.968,293.0,166.968,293.0,177.017,206.0,177.017,semi-inﬁnite,paragraph
46,299.0,166.968,345.0,166.968,345.0,177.017,299.0,177.017,ASEP.,paragraph
47,354.0,188.612,429.0,188.612,429.0,198.661,354.0,198.661,Appendix,section
48,435.0,190.931,452.0,190.931,452.0,200.207,435.0,200.207,A.,section
49,460.0,188.612,511.0,188.612,511.0,198.661,460.0,198.661,Proof,section
50,517.0,188.612,536.0,188.612,536.0,198.661,517.0,198.661,of,section
51,543.0,188.612,616.0,188.612,616.0,198.661,543.0,198.661,Theorem,section
52,622.0,188.612,645.0,188.612,645.0,198.661,622.0,198.661,4.1,section
53,396.0,200.98000000000002,401.0,200.98000000000002,401.0,217.986,396.0,217.986,·,paragraph
54,404.0,200.98000000000002,408.0,200.98000000000002,408.0,217.986,404.0,217.986,·,paragraph
55,411.0,200.98000000000002,415.0,200.98000000000002,415.0,217.986,411.0,217.986,·,paragraph
56,453.0,201.75300000000001,463.0,201.75300000000001,463.0,214.121,453.0,214.121,−,paragraph
57,226.0,207.937,276.0,207.937,276.0,217.986,226.0,217.986,Denote,paragraph
58,283.0,207.937,302.0,207.937,302.0,217.986,283.0,217.986,[n],paragraph
59,317.0,207.937,329.0,207.937,329.0,217.986,317.0,217.986,=,paragraph
60,336.0,207.937,345.0,207.937,345.0,217.986,336.0,217.986,1,paragraph
61,349.0,207.937,362.0,207.937,362.0,217.986,349.0,217.986,+,paragraph
62,367.0,207.937,374.0,207.937,374.0,217.986,367.0,217.986,q,paragraph
63,379.0,207.937,392.0,207.937,392.0,217.986,379.0,217.986,+,paragraph
64,420.0,207.937,433.0,207.937,433.0,217.986,420.0,217.986,+,paragraph
65,437.0,207.16400000000002,453.0,207.16400000000002,453.0,217.986,437.0,217.986,qn,paragraph
66,463.0,207.16400000000002,475.0,207.16400000000002,475.0,217.986,463.0,217.986,1.,paragraph
67,487.0,207.937,550.0,207.937,550.0,217.986,487.0,217.986,Consider,paragraph
68,557.0,207.937,579.0,207.937,579.0,217.986,557.0,217.986,the,paragraph
69,586.0,207.937,631.0,207.937,631.0,217.986,586.0,217.986,family,paragraph
70,638.0,207.937,651.0,207.937,651.0,217.986,638.0,217.986,of,paragraph
71,658.0,207.937,700.0,207.937,700.0,217.986,658.0,217.986,monic,paragraph
72,707.0,207.937,793.0,207.937,793.0,217.986,707.0,217.986,polynomials,paragraph
73,206.0,213.348,215.0,213.348,215.0,230.35399999999998,206.0,230.35399999999998,{,paragraph
74,302.0,213.348,308.0,213.348,308.0,220.30499999999998,302.0,220.30499999999998,q,paragraph
75,400.0,213.348,408.0,213.348,408.0,230.35399999999998,400.0,230.35399999999998,},paragraph
76,215.0,220.30499999999998,227.0,220.30499999999998,227.0,230.35399999999998,215.0,230.35399999999998,Q,paragraph
77,236.0,220.30499999999998,256.0,220.30499999999998,256.0,230.35399999999998,236.0,230.35399999999998,(y;,paragraph
78,258.0,220.30499999999998,272.0,220.30499999999998,272.0,230.35399999999998,258.0,230.35399999999998,x,,paragraph
79,275.0,220.30499999999998,285.0,220.30499999999998,285.0,230.35399999999998,275.0,230.35399999999998,t,,paragraph
80,288.0,220.30499999999998,302.0,220.30499999999998,302.0,230.35399999999998,288.0,230.35399999999998,s),paragraph
81,307.0,220.30499999999998,311.0,220.30499999999998,311.0,230.35399999999998,307.0,230.35399999999998,:,paragraph
82,316.0,220.30499999999998,325.0,220.30499999999998,325.0,230.35399999999998,316.0,230.35399999999998,n,paragraph
83,330.0,220.30499999999998,343.0,220.30499999999998,343.0,230.35399999999998,330.0,230.35399999999998,=,paragraph
84,347.0,220.30499999999998,360.0,220.30499999999998,360.0,230.35399999999998,347.0,230.35399999999998,0,,paragraph
85,363.0,220.30499999999998,375.0,220.30499999999998,375.0,230.35399999999998,363.0,230.35399999999998,1,,paragraph
86,378.0,220.30499999999998,382.0,220.30499999999998,382.0,230.35399999999998,378.0,230.35399999999998,.,paragraph
87,385.0,220.30499999999998,390.0,220.30499999999998,390.0,230.35399999999998,385.0,230.35399999999998,.,paragraph
88,392.0,220.30499999999998,397.0,220.30499999999998,397.0,230.35399999999998,392.0,230.35399999999998,.,paragraph
89,413.0,220.30499999999998,427.0,220.30499999999998,427.0,230.35399999999998,413.0,230.35399999999998,in,paragraph
90,432.0,220.30499999999998,488.0,220.30499999999998,488.0,230.35399999999998,432.0,230.35399999999998,variable,paragraph
91,493.0,220.30499999999998,506.0,220.30499999999998,506.0,230.35399999999998,493.0,230.35399999999998,y,,paragraph
92,512.0,220.30499999999998,562.0,220.30499999999998,562.0,230.35399999999998,512.0,230.35399999999998,deﬁned,paragraph
93,568.0,220.30499999999998,585.0,220.30499999999998,585.0,230.35399999999998,568.0,230.35399999999998,by,paragraph
94,590.0,220.30499999999998,613.0,220.30499999999998,613.0,230.35399999999998,590.0,230.35399999999998,the,paragraph
95,618.0,220.30499999999998,655.0,220.30499999999998,655.0,230.35399999999998,618.0,230.35399999999998,three,paragraph
96,660.0,220.30499999999998,689.0,220.30499999999998,689.0,230.35399999999998,660.0,230.35399999999998,step,paragraph
97,695.0,220.30499999999998,772.0,220.30499999999998,772.0,230.35399999999998,695.0,230.35399999999998,recurrence:,paragraph
98,227.0,224.17,236.0,224.17,236.0,231.12699999999998,227.0,231.12699999999998,n,paragraph
99,206.0,240.403,244.0,240.403,244.0,249.679,206.0,249.679,(A.1),paragraph
100,260.0,240.403,268.0,240.403,268.0,249.679,260.0,249.679,y,paragraph
101,274.0,240.403,287.0,240.403,287.0,249.679,274.0,249.679,Q,paragraph
102,296.0,240.403,315.0,240.403,315.0,249.679,296.0,249.679,(y;,paragraph
103,318.0,240.403,332.0,240.403,332.0,249.679,318.0,249.679,x,,paragraph
104,335.0,240.403,345.0,240.403,345.0,249.679,335.0,249.679,t,,paragraph
105,348.0,240.403,362.0,240.403,362.0,249.679,348.0,249.679,s),paragraph
106,366.0,240.403,379.0,240.403,379.0,249.679,366.0,249.679,=,paragraph
107,287.0,244.268,295.0,244.268,295.0,250.452,287.0,250.452,n,paragraph
108,419.0,248.133,432.0,248.133,432.0,265.139,419.0,265.139,A,paragraph
109,598.0,248.133,609.0,248.133,609.0,265.139,598.0,265.139,B,paragraph
110,278.0,255.09,291.0,255.09,291.0,265.139,278.0,265.139,=,paragraph
111,295.0,255.09,308.0,255.09,308.0,265.139,295.0,265.139,Q,paragraph
112,333.0,255.09,353.0,255.09,353.0,265.139,333.0,265.139,(y;,paragraph
113,355.0,255.09,369.0,255.09,369.0,265.139,355.0,265.139,x,,paragraph
114,372.0,255.09,382.0,255.09,382.0,265.139,372.0,265.139,t,,paragraph
115,385.0,255.09,399.0,255.09,399.0,265.139,385.0,265.139,s),paragraph
116,403.0,255.09,415.0,255.09,415.0,265.139,403.0,265.139,+,paragraph
117,441.0,255.09,461.0,255.09,461.0,265.139,441.0,265.139,(x,,paragraph
118,464.0,255.09,474.0,255.09,474.0,265.139,464.0,265.139,t,,paragraph
119,477.0,255.09,504.0,255.09,504.0,265.139,477.0,265.139,s)Q,paragraph
120,512.0,255.09,532.0,255.09,532.0,265.139,512.0,265.139,(y;,paragraph
121,535.0,255.09,548.0,255.09,548.0,265.139,535.0,265.139,x,,paragraph
122,551.0,255.09,562.0,255.09,562.0,265.139,551.0,265.139,t,,paragraph
123,564.0,255.09,578.0,255.09,578.0,265.139,564.0,265.139,s),paragraph
124,582.0,255.09,594.0,255.09,594.0,265.139,582.0,265.139,+,paragraph
125,618.0,255.09,638.0,255.09,638.0,265.139,618.0,265.139,(x,,paragraph
126,641.0,255.09,651.0,255.09,651.0,265.139,641.0,265.139,t,,paragraph
127,654.0,255.09,680.0,255.09,680.0,265.139,654.0,265.139,s)Q,paragraph
128,688.0,254.317,699.0,254.317,699.0,265.912,688.0,265.912,−,paragraph
129,706.0,255.09,725.0,255.09,725.0,265.139,706.0,265.139,(y;,paragraph
130,728.0,255.09,742.0,255.09,742.0,265.139,728.0,265.139,x,,paragraph
131,745.0,255.09,755.0,255.09,755.0,265.139,745.0,265.139,t,,paragraph
132,758.0,255.09,776.0,255.09,776.0,265.139,758.0,265.139,s),,paragraph
133,308.0,258.95500000000004,332.0,258.95500000000004,332.0,265.912,308.0,265.912,n+1,paragraph
134,432.0,258.95500000000004,440.0,258.95500000000004,440.0,265.912,432.0,265.912,n,paragraph
135,504.0,258.95500000000004,512.0,258.95500000000004,512.0,265.912,504.0,265.912,n,paragraph
136,609.0,258.95500000000004,617.0,258.95500000000004,617.0,265.912,609.0,265.912,n,paragraph
137,680.0,258.95500000000004,688.0,258.95500000000004,688.0,265.912,680.0,265.912,n,paragraph
138,699.0,258.95500000000004,705.0,258.95500000000004,705.0,265.912,699.0,265.912,1,paragraph
139,417.0,265.139,430.0,265.139,430.0,281.372,417.0,281.372,≡,paragraph
140,478.0,265.139,490.0,265.139,490.0,281.372,478.0,281.372,≡,paragraph
141,501.0,263.593,510.0,263.593,510.0,299.92400000000004,501.0,299.92400000000004,(cid:16),paragraph
142,650.0,263.593,659.0,263.593,659.0,299.92400000000004,650.0,299.92400000000004,(cid:17),paragraph
143,206.0,272.096,238.0,272.096,238.0,281.372,206.0,281.372,with,paragraph
144,244.0,272.096,285.0,272.096,285.0,281.372,244.0,281.372,initial,paragraph
145,291.0,272.096,376.0,272.096,376.0,281.372,291.0,281.372,polynomials,paragraph
146,382.0,270.54999999999995,405.0,270.54999999999995,405.0,282.918,382.0,282.918,Q−,paragraph
147,434.0,272.096,447.0,272.096,447.0,281.372,434.0,281.372,0,,paragraph
148,453.0,272.096,466.0,272.096,466.0,281.372,453.0,281.372,Q,paragraph
149,495.0,272.096,508.0,272.096,508.0,281.372,495.0,281.372,1,,paragraph
150,514.0,272.096,555.0,272.096,555.0,281.372,514.0,281.372,where,paragraph
151,561.0,272.096,583.0,272.096,583.0,281.372,561.0,281.372,the,paragraph
152,589.0,272.096,666.0,272.096,666.0,281.372,589.0,281.372,coeﬃcients,paragraph
153,672.0,272.096,685.0,272.096,685.0,281.372,672.0,281.372,in,paragraph
154,691.0,272.096,714.0,272.096,714.0,281.372,691.0,281.372,the,paragraph
155,719.0,272.096,793.0,272.096,793.0,281.372,719.0,281.372,recurrence,paragraph
156,405.0,275.961,411.0,275.961,411.0,282.918,405.0,282.918,1,paragraph
157,466.0,275.961,472.0,275.961,472.0,282.918,466.0,282.918,0,paragraph
158,206.0,283.691,228.0,283.691,228.0,293.74,206.0,293.74,are,paragraph
159,332.0,289.875,345.0,289.875,345.0,306.108,332.0,306.108,A,paragraph
160,373.0,288.329,380.0,288.329,380.0,324.65999999999997,373.0,324.65999999999997,(cid:0),paragraph
161,447.0,288.329,454.0,288.329,454.0,324.65999999999997,447.0,324.65999999999997,(cid:1),paragraph
162,457.0,285.237,468.0,285.237,468.0,321.568,457.0,321.568,(cid:110),paragraph
163,557.0,289.875,569.0,289.875,569.0,306.108,557.0,306.108,−,paragraph
164,616.0,289.875,626.0,289.875,626.0,302.243,616.0,302.243,−,paragraph
165,635.0,288.329,643.0,288.329,643.0,324.65999999999997,635.0,324.65999999999997,(cid:0),paragraph
166,721.0,285.237,739.0,285.237,739.0,324.65999999999997,721.0,324.65999999999997,(cid:1)(cid:111),paragraph
167,354.0,296.832,375.0,296.832,375.0,306.108,354.0,306.108,(x,,paragraph
168,377.0,296.832,388.0,296.832,388.0,306.108,377.0,306.108,t,,paragraph
169,390.0,296.832,404.0,296.832,404.0,306.108,390.0,306.108,s),paragraph
170,409.0,296.832,421.0,296.832,421.0,306.108,409.0,306.108,=,paragraph
171,426.0,295.286,452.0,295.286,452.0,306.108,426.0,306.108,qnx,paragraph
172,456.0,296.832,468.0,296.832,468.0,306.108,456.0,306.108,+,paragraph
173,472.0,296.832,491.0,296.832,491.0,306.108,472.0,306.108,[n],paragraph
174,510.0,296.832,524.0,296.832,524.0,306.108,510.0,306.108,tη,paragraph
175,529.0,296.832,541.0,296.832,541.0,306.108,529.0,306.108,+,paragraph
176,545.0,296.832,552.0,296.832,552.0,306.108,545.0,306.108,θ,paragraph
177,573.0,296.832,590.0,296.832,590.0,306.108,573.0,306.108,[2],paragraph
178,600.0,295.286,616.0,295.286,616.0,306.108,600.0,306.108,qn,paragraph
179,626.0,295.286,649.0,295.286,649.0,306.108,626.0,306.108,1sη,paragraph
180,662.0,296.832,667.0,296.832,667.0,306.108,662.0,306.108,,,paragraph
181,345.0,300.697,354.0,300.697,354.0,307.654,345.0,307.654,n,paragraph
182,491.0,302.243,497.0,302.243,497.0,308.427,491.0,308.427,q,paragraph
183,590.0,302.243,596.0,302.243,596.0,308.427,590.0,308.427,q,paragraph
184,253.0,311.519,264.0,311.519,264.0,328.525,253.0,328.525,B,paragraph
185,390.0,311.519,402.0,311.519,402.0,328.525,390.0,328.525,−,paragraph
186,430.0,312.29200000000003,440.0,312.29200000000003,440.0,323.887,430.0,323.887,−,paragraph
187,530.0,312.29200000000003,540.0,312.29200000000003,540.0,323.887,530.0,323.887,−,paragraph
188,585.0,311.519,598.0,311.519,598.0,328.525,585.0,328.525,−,paragraph
189,655.0,311.519,667.0,311.519,667.0,328.525,655.0,328.525,−,paragraph
190,703.0,312.29200000000003,713.0,312.29200000000003,713.0,323.887,703.0,323.887,−,paragraph
191,272.0,319.24899999999997,293.0,319.24899999999997,293.0,328.525,272.0,328.525,(x,,paragraph
192,295.0,319.24899999999997,306.0,319.24899999999997,306.0,328.525,295.0,328.525,t,,paragraph
193,308.0,319.24899999999997,322.0,319.24899999999997,322.0,328.525,308.0,328.525,s),paragraph
194,327.0,319.24899999999997,340.0,319.24899999999997,340.0,328.525,327.0,328.525,=,paragraph
195,344.0,319.24899999999997,363.0,319.24899999999997,363.0,328.525,344.0,328.525,[n],paragraph
196,380.0,319.24899999999997,386.0,319.24899999999997,386.0,328.525,380.0,328.525,t,paragraph
197,406.0,317.703,430.0,317.703,430.0,328.525,406.0,328.525,sqn,paragraph
198,440.0,317.703,446.0,317.703,446.0,323.887,440.0,323.887,1,paragraph
199,468.0,319.24899999999997,476.0,319.24899999999997,476.0,328.525,468.0,328.525,1,paragraph
200,480.0,319.24899999999997,492.0,319.24899999999997,492.0,328.525,480.0,328.525,+,paragraph
201,496.0,317.703,530.0,317.703,530.0,328.525,496.0,328.525,ηxqn,paragraph
202,540.0,317.703,547.0,317.703,547.0,323.887,540.0,323.887,1,paragraph
203,551.0,319.24899999999997,564.0,319.24899999999997,564.0,328.525,551.0,328.525,+,paragraph
204,567.0,319.24899999999997,582.0,319.24899999999997,582.0,328.525,567.0,328.525,[n,paragraph
205,602.0,319.24899999999997,614.0,319.24899999999997,614.0,328.525,602.0,328.525,1],paragraph
206,624.0,319.24899999999997,632.0,319.24899999999997,632.0,328.525,624.0,328.525,η,paragraph
207,643.0,319.24899999999997,651.0,319.24899999999997,651.0,328.525,643.0,328.525,θ,paragraph
208,671.0,317.703,703.0,317.703,703.0,328.525,671.0,328.525,sηqn,paragraph
209,713.0,317.703,720.0,317.703,720.0,323.887,713.0,323.887,1,paragraph
210,742.0,319.24899999999997,746.0,319.24899999999997,746.0,328.525,742.0,328.525,,,paragraph
211,264.0,323.114,272.0,323.114,272.0,329.298,264.0,329.298,n,paragraph
212,363.0,324.65999999999997,369.0,324.65999999999997,369.0,330.844,363.0,330.844,q,paragraph
213,614.0,324.65999999999997,620.0,324.65999999999997,620.0,330.844,614.0,330.844,q,paragraph
214,251.0,329.298,264.0,329.298,264.0,346.30400000000003,251.0,346.30400000000003,≥,paragraph
215,680.0,329.298,693.0,329.298,693.0,346.30400000000003,680.0,346.30400000000003,A,paragraph
216,206.0,336.255,226.0,336.255,226.0,346.30400000000003,206.0,346.30400000000003,for,paragraph
217,234.0,336.255,243.0,336.255,243.0,346.30400000000003,234.0,346.30400000000003,n,paragraph
218,272.0,336.255,285.0,336.255,285.0,346.30400000000003,272.0,346.30400000000003,0.,paragraph
219,298.0,336.255,328.0,336.255,328.0,346.30400000000003,298.0,346.30400000000003,(For,paragraph
220,336.0,336.255,346.0,336.255,346.0,346.30400000000003,336.0,346.30400000000003,n,paragraph
221,354.0,336.255,366.0,336.255,366.0,346.30400000000003,354.0,346.30400000000003,=,paragraph
222,375.0,336.255,387.0,336.255,387.0,346.30400000000003,375.0,346.30400000000003,0,,paragraph
223,395.0,336.255,418.0,336.255,418.0,346.30400000000003,395.0,346.30400000000003,the,paragraph
224,425.0,336.255,486.0,336.255,486.0,346.30400000000003,425.0,346.30400000000003,formulas,paragraph
225,494.0,336.255,540.0,336.255,540.0,346.30400000000003,494.0,346.30400000000003,should,paragraph
226,547.0,336.255,564.0,336.255,564.0,346.30400000000003,547.0,346.30400000000003,be,paragraph
227,572.0,336.255,650.0,336.255,650.0,346.30400000000003,572.0,346.30400000000003,interpreted,paragraph
228,658.0,336.255,672.0,336.255,672.0,346.30400000000003,658.0,346.30400000000003,as,paragraph
229,700.0,336.255,720.0,336.255,720.0,346.30400000000003,700.0,346.30400000000003,(x,,paragraph
230,723.0,336.255,733.0,336.255,733.0,346.30400000000003,723.0,346.30400000000003,t,,paragraph
231,736.0,336.255,750.0,336.255,750.0,346.30400000000003,736.0,346.30400000000003,s),paragraph
232,758.0,336.255,771.0,336.255,771.0,346.30400000000003,758.0,346.30400000000003,=,paragraph
233,779.0,336.255,793.0,336.255,793.0,346.30400000000003,779.0,346.30400000000003,x,,paragraph
234,206.0,340.89300000000003,217.0,340.89300000000003,217.0,357.899,206.0,357.899,B,paragraph
235,693.0,340.12,699.0,340.12,699.0,347.077,693.0,347.077,0,paragraph
236,224.0,347.85,245.0,347.85,245.0,357.899,224.0,357.899,(x,,paragraph
237,247.0,347.85,258.0,347.85,258.0,357.899,247.0,357.899,t,,paragraph
238,260.0,347.85,274.0,347.85,274.0,357.899,260.0,357.899,s),paragraph
239,279.0,347.85,292.0,347.85,292.0,357.899,279.0,357.899,=,paragraph
240,296.0,347.85,315.0,347.85,315.0,357.899,296.0,357.899,0.),paragraph
241,217.0,351.71500000000003,224.0,351.71500000000003,224.0,358.672,217.0,358.672,0,paragraph
242,455.0,352.488,463.0,352.488,463.0,369.49399999999997,455.0,369.49399999999997,{,paragraph
243,649.0,352.488,657.0,352.488,657.0,369.49399999999997,649.0,369.49399999999997,},paragraph
244,226.0,360.218,238.0,360.218,238.0,369.49399999999997,226.0,369.49399999999997,It,paragraph
245,244.0,360.218,255.0,360.218,255.0,369.49399999999997,244.0,369.49399999999997,is,paragraph
246,260.0,360.218,311.0,360.218,311.0,369.49399999999997,260.0,369.49399999999997,known,,paragraph
247,316.0,360.218,337.0,360.218,337.0,369.49399999999997,316.0,369.49399999999997,see,paragraph
248,343.0,360.218,365.0,360.218,365.0,369.49399999999997,343.0,369.49399999999997,[9],,paragraph
249,370.0,360.218,400.0,360.218,400.0,369.49399999999997,370.0,369.49399999999997,that,paragraph
250,406.0,360.218,450.0,360.218,450.0,369.49399999999997,406.0,369.49399999999997,family,paragraph
251,463.0,360.218,476.0,360.218,476.0,369.49399999999997,463.0,369.49399999999997,Q,paragraph
252,485.0,360.218,505.0,360.218,505.0,369.49399999999997,485.0,369.49399999999997,(y;,paragraph
253,507.0,360.218,521.0,360.218,521.0,369.49399999999997,507.0,369.49399999999997,x,,paragraph
254,524.0,360.218,534.0,360.218,534.0,369.49399999999997,524.0,369.49399999999997,t,,paragraph
255,537.0,360.218,551.0,360.218,551.0,369.49399999999997,537.0,369.49399999999997,s),paragraph
256,556.0,360.218,560.0,360.218,560.0,369.49399999999997,556.0,369.49399999999997,:,paragraph
257,565.0,360.218,575.0,360.218,575.0,369.49399999999997,565.0,369.49399999999997,n,paragraph
258,579.0,360.218,592.0,360.218,592.0,369.49399999999997,579.0,369.49399999999997,=,paragraph
259,597.0,360.218,609.0,360.218,609.0,369.49399999999997,597.0,369.49399999999997,0,,paragraph
260,612.0,360.218,625.0,360.218,625.0,369.49399999999997,612.0,369.49399999999997,1,,paragraph
261,627.0,360.218,632.0,360.218,632.0,369.49399999999997,627.0,369.49399999999997,.,paragraph
262,635.0,360.218,639.0,360.218,639.0,369.49399999999997,635.0,369.49399999999997,.,paragraph
263,642.0,360.218,646.0,360.218,646.0,369.49399999999997,642.0,369.49399999999997,.,paragraph
264,663.0,360.218,674.0,360.218,674.0,369.49399999999997,663.0,369.49399999999997,is,paragraph
265,679.0,360.218,755.0,360.218,755.0,369.49399999999997,679.0,369.49399999999997,orthogonal,paragraph
266,761.0,360.218,793.0,360.218,793.0,369.49399999999997,761.0,369.49399999999997,with,paragraph
267,309.0,366.402,318.0,366.402,318.0,402.733,309.0,402.733,(cid:90),equation
268,476.0,363.31,486.0,363.31,486.0,381.089,476.0,381.089,n{,paragraph
269,558.0,364.08299999999997,566.0,364.08299999999997,566.0,381.089,558.0,381.089,},paragraph
270,206.0,371.813,257.0,371.813,257.0,381.089,206.0,381.089,respect,paragraph
271,262.0,371.813,277.0,371.813,277.0,381.089,262.0,381.089,to,paragraph
272,282.0,371.813,305.0,371.813,305.0,381.089,282.0,381.089,the,paragraph
273,310.0,371.813,379.0,371.813,379.0,381.089,310.0,381.089,transition,paragraph
274,384.0,371.813,472.0,371.813,472.0,381.089,384.0,381.089,probabilities,paragraph
275,486.0,371.813,496.0,371.813,496.0,381.089,486.0,381.089,P,paragraph
276,512.0,371.813,532.0,371.813,532.0,381.089,512.0,381.089,(x,,paragraph
277,535.0,371.813,558.0,371.813,558.0,381.089,535.0,381.089,dy),paragraph
278,572.0,371.813,585.0,371.813,585.0,381.089,572.0,381.089,of,paragraph
279,590.0,371.813,613.0,371.813,613.0,381.089,590.0,381.089,the,paragraph
280,618.0,371.813,704.0,371.813,704.0,381.089,618.0,381.089,bi-q-Poisson,paragraph
281,709.0,371.813,765.0,371.813,765.0,381.089,709.0,381.089,process,,paragraph
282,771.0,371.813,792.0,371.813,792.0,381.089,771.0,381.089,i.e.,paragraph
283,496.0,375.678,511.0,375.678,511.0,381.862,496.0,381.862,s,t,paragraph
284,658.0,395.003,658.0,395.003,658.0,412.009,658.0,412.009,(cid:54),paragraph
285,206.0,402.733,244.0,402.733,244.0,412.009,206.0,412.009,(A.2),equation
286,328.0,402.733,341.0,402.733,341.0,412.009,328.0,412.009,Q,equation
287,350.0,402.733,369.0,402.733,369.0,412.009,350.0,412.009,(y;,equation
288,372.0,402.733,386.0,402.733,386.0,412.009,372.0,412.009,x,,equation
289,389.0,402.733,399.0,402.733,399.0,412.009,389.0,412.009,t,,equation
290,402.0,402.733,429.0,402.733,429.0,412.009,402.0,412.009,s)Q,equation
291,441.0,402.733,460.0,402.733,460.0,412.009,441.0,412.009,(y;,equation
292,463.0,402.733,477.0,402.733,477.0,412.009,463.0,412.009,x,,equation
293,480.0,402.733,490.0,402.733,490.0,412.009,480.0,412.009,t,,equation
294,493.0,402.733,517.0,402.733,517.0,412.009,493.0,412.009,s)P,equation
295,533.0,402.733,553.0,402.733,553.0,412.009,533.0,412.009,(x,,equation
296,556.0,402.733,579.0,402.733,579.0,412.009,556.0,412.009,dy),equation
297,584.0,402.733,596.0,402.733,596.0,412.009,584.0,412.009,=,equation
298,601.0,402.733,609.0,402.733,609.0,412.009,601.0,412.009,0,equation
299,614.0,402.733,634.0,402.733,634.0,412.009,614.0,412.009,for,equation
300,639.0,402.733,654.0,402.733,654.0,412.009,639.0,412.009,m,equation
301,658.0,402.733,671.0,402.733,671.0,412.009,658.0,412.009,=,equation
302,675.0,402.733,690.0,402.733,690.0,412.009,675.0,412.009,n.,equation
303,341.0,405.82500000000005,349.0,405.82500000000005,349.0,412.78200000000004,341.0,412.78200000000004,n,equation
304,429.0,405.82500000000005,440.0,405.82500000000005,440.0,412.78200000000004,429.0,412.78200000000004,m,equation
305,517.0,405.82500000000005,532.0,405.82500000000005,532.0,412.78200000000004,517.0,412.78200000000004,s,t,equation
306,383.0,425.92300000000006,392.0,425.92300000000006,392.0,462.25399999999996,383.0,462.25399999999996,(cid:90),equation
307,226.0,430.56100000000004,312.0,430.56100000000004,312.0,440.60999999999996,226.0,440.60999999999996,Polynomials,paragraph
308,318.0,430.56100000000004,333.0,430.56100000000004,333.0,440.60999999999996,318.0,440.60999999999996,M,paragraph
309,342.0,430.56100000000004,362.0,430.56100000000004,362.0,440.60999999999996,342.0,440.60999999999996,(y;,paragraph
310,364.0,430.56100000000004,377.0,430.56100000000004,377.0,440.60999999999996,364.0,440.60999999999996,t),paragraph
311,381.0,430.56100000000004,398.0,430.56100000000004,398.0,440.60999999999996,381.0,440.60999999999996,:=,paragraph
312,403.0,430.56100000000004,416.0,430.56100000000004,416.0,440.60999999999996,403.0,440.60999999999996,Q,paragraph
313,425.0,430.56100000000004,444.0,430.56100000000004,444.0,440.60999999999996,425.0,440.60999999999996,(y;,paragraph
314,447.0,430.56100000000004,459.0,430.56100000000004,459.0,440.60999999999996,447.0,440.60999999999996,0,,paragraph
315,462.0,430.56100000000004,473.0,430.56100000000004,473.0,440.60999999999996,462.0,440.60999999999996,t,,paragraph
316,475.0,430.56100000000004,490.0,430.56100000000004,490.0,440.60999999999996,475.0,440.60999999999996,0),paragraph
317,495.0,430.56100000000004,517.0,430.56100000000004,517.0,440.60999999999996,495.0,440.60999999999996,are,paragraph
318,522.0,430.56100000000004,598.0,430.56100000000004,598.0,440.60999999999996,522.0,440.60999999999996,martingale,paragraph
319,604.0,430.56100000000004,693.0,430.56100000000004,693.0,440.60999999999996,604.0,440.60999999999996,polynomials,,paragraph
320,699.0,430.56100000000004,724.0,430.56100000000004,724.0,440.60999999999996,699.0,440.60999999999996,i.e.,,paragraph
321,333.0,434.42600000000004,342.0,434.42600000000004,342.0,441.383,333.0,441.383,n,paragraph
322,416.0,434.42600000000004,424.0,434.42600000000004,424.0,441.383,416.0,441.383,n,paragraph
323,206.0,461.481,244.0,461.481,244.0,471.53,206.0,471.53,(A.3),equation
324,402.0,461.481,417.0,461.481,417.0,471.53,402.0,471.53,M,equation
325,426.0,461.481,446.0,461.481,446.0,471.53,426.0,471.53,(y;,equation
326,448.0,461.481,471.0,461.481,471.0,471.53,448.0,471.53,t)P,equation
327,487.0,461.481,507.0,461.481,507.0,471.53,487.0,471.53,(x,,equation
328,510.0,461.481,533.0,461.481,533.0,471.53,510.0,471.53,dy),equation
329,538.0,461.481,550.0,461.481,550.0,471.53,538.0,471.53,=,equation
330,555.0,461.481,571.0,461.481,571.0,471.53,555.0,471.53,M,equation
331,579.0,461.481,600.0,461.481,600.0,471.53,579.0,471.53,(x;,equation
332,602.0,461.481,616.0,461.481,616.0,471.53,602.0,471.53,s),equation
333,417.0,465.346,426.0,465.346,426.0,472.303,417.0,472.303,n,equation
334,471.0,465.346,486.0,465.346,486.0,472.303,471.0,472.303,s,t,equation
335,571.0,465.346,579.0,465.346,579.0,472.303,571.0,472.303,n,equation
336,212.0,483.125,238.0,483.125,238.0,493.17400000000004,212.0,493.17400000000004,and,paragraph
337,244.0,483.125,281.0,483.125,281.0,493.17400000000004,244.0,493.17400000000004,(A.1),paragraph
338,287.0,483.125,352.0,483.125,352.0,493.17400000000004,287.0,493.17400000000004,simpliﬁes,paragraph
339,357.0,483.125,372.0,483.125,372.0,493.17400000000004,357.0,493.17400000000004,to,paragraph
340,377.0,483.125,400.0,483.125,400.0,493.17400000000004,377.0,493.17400000000004,the,paragraph
341,405.0,483.125,441.0,483.125,441.0,493.17400000000004,405.0,493.17400000000004,three,paragraph
342,447.0,483.125,476.0,483.125,476.0,493.17400000000004,447.0,493.17400000000004,step,paragraph
343,481.0,483.125,559.0,483.125,559.0,493.17400000000004,481.0,493.17400000000004,recurrence:,paragraph
344,206.0,502.45000000000005,244.0,502.45000000000005,244.0,512.499,206.0,512.499,(A.4),paragraph
345,260.0,502.45000000000005,285.0,502.45000000000005,285.0,512.499,260.0,512.499,xM,paragraph
346,294.0,502.45000000000005,314.0,502.45000000000005,314.0,512.499,294.0,512.499,(x;,paragraph
347,317.0,502.45000000000005,329.0,502.45000000000005,329.0,512.499,317.0,512.499,t),paragraph
348,285.0,506.315,293.0,506.315,293.0,513.272,285.0,513.272,n,paragraph
349,627.0,510.95300000000003,640.0,510.95300000000003,640.0,527.9590000000001,627.0,527.9590000000001,−,paragraph
350,278.0,517.9100000000001,290.0,517.9100000000001,290.0,527.9590000000001,278.0,527.9590000000001,=,paragraph
351,295.0,517.9100000000001,311.0,517.9100000000001,311.0,527.9590000000001,295.0,527.9590000000001,M,paragraph
352,336.0,517.9100000000001,356.0,517.9100000000001,356.0,527.9590000000001,336.0,527.9590000000001,(x;,paragraph
353,359.0,517.9100000000001,371.0,517.9100000000001,371.0,527.9590000000001,359.0,527.9590000000001,t),paragraph
354,375.0,517.9100000000001,387.0,517.9100000000001,387.0,527.9590000000001,375.0,527.9590000000001,+,paragraph
355,391.0,517.9100000000001,405.0,517.9100000000001,405.0,527.9590000000001,391.0,527.9590000000001,(θ,paragraph
356,409.0,517.9100000000001,422.0,517.9100000000001,422.0,527.9590000000001,409.0,527.9590000000001,+,paragraph
357,425.0,517.9100000000001,465.0,517.9100000000001,465.0,527.9590000000001,425.0,527.9590000000001,tη)[n],paragraph
358,472.0,517.9100000000001,488.0,517.9100000000001,488.0,527.9590000000001,472.0,527.9590000000001,M,paragraph
359,497.0,517.9100000000001,517.0,517.9100000000001,517.0,527.9590000000001,497.0,527.9590000000001,(x;,paragraph
360,520.0,517.9100000000001,532.0,517.9100000000001,532.0,527.9590000000001,520.0,527.9590000000001,t),paragraph
361,536.0,517.9100000000001,548.0,517.9100000000001,548.0,527.9590000000001,536.0,527.9590000000001,+,paragraph
362,552.0,517.9100000000001,572.0,517.9100000000001,572.0,527.9590000000001,552.0,527.9590000000001,t(1,paragraph
363,576.0,517.9100000000001,589.0,517.9100000000001,589.0,527.9590000000001,576.0,527.9590000000001,+,paragraph
364,592.0,517.9100000000001,623.0,517.9100000000001,623.0,527.9590000000001,592.0,527.9590000000001,ηθ[n,paragraph
365,643.0,517.9100000000001,656.0,517.9100000000001,656.0,527.9590000000001,643.0,527.9590000000001,1],paragraph
366,663.0,517.9100000000001,688.0,517.9100000000001,688.0,527.9590000000001,663.0,527.9590000000001,)[n],paragraph
367,695.0,517.9100000000001,711.0,517.9100000000001,711.0,527.9590000000001,695.0,527.9590000000001,M,paragraph
368,719.0,516.364,729.0,516.364,729.0,528.7320000000001,719.0,528.7320000000001,−,paragraph
369,737.0,517.9100000000001,757.0,517.9100000000001,757.0,527.9590000000001,737.0,527.9590000000001,(x;,paragraph
370,760.0,517.9100000000001,776.0,517.9100000000001,776.0,527.9590000000001,760.0,527.9590000000001,t),,paragraph
371,311.0,521.7750000000001,335.0,521.7750000000001,335.0,528.7320000000001,311.0,528.7320000000001,n+1,paragraph
372,465.0,521.7750000000001,471.0,521.7750000000001,471.0,528.7320000000001,465.0,528.7320000000001,q,paragraph
373,488.0,521.7750000000001,496.0,521.7750000000001,496.0,528.7320000000001,488.0,528.7320000000001,n,paragraph
374,656.0,521.7750000000001,662.0,521.7750000000001,662.0,528.7320000000001,656.0,528.7320000000001,q,paragraph
375,688.0,521.7750000000001,694.0,521.7750000000001,694.0,528.7320000000001,688.0,528.7320000000001,q,paragraph
376,711.0,521.7750000000001,719.0,521.7750000000001,719.0,528.7320000000001,711.0,528.7320000000001,n,paragraph
377,729.0,521.7750000000001,736.0,521.7750000000001,736.0,528.7320000000001,729.0,528.7320000000001,1,paragraph
378,221.0,527.9590000000001,233.0,527.9590000000001,233.0,544.9649999999999,221.0,544.9649999999999,≥,paragraph
379,206.0,534.9159999999999,216.0,534.9159999999999,216.0,544.9649999999999,206.0,544.9649999999999,n,paragraph
380,238.0,534.9159999999999,251.0,534.9159999999999,251.0,544.9649999999999,238.0,544.9649999999999,0,,paragraph
381,255.0,534.9159999999999,287.0,534.9159999999999,287.0,544.9649999999999,255.0,544.9649999999999,with,paragraph
382,290.0,534.1429999999999,316.0,534.1429999999999,316.0,545.7379999999999,290.0,545.7379999999999,M−,paragraph
383,328.0,534.9159999999999,341.0,534.9159999999999,341.0,544.9649999999999,328.0,544.9649999999999,=,paragraph
384,345.0,534.9159999999999,358.0,534.9159999999999,358.0,544.9649999999999,345.0,544.9649999999999,0,,paragraph
385,361.0,534.9159999999999,377.0,534.9159999999999,377.0,544.9649999999999,361.0,544.9649999999999,M,paragraph
386,388.0,534.9159999999999,401.0,534.9159999999999,401.0,544.9649999999999,388.0,544.9649999999999,=,paragraph
387,406.0,534.9159999999999,418.0,534.9159999999999,418.0,544.9649999999999,406.0,544.9649999999999,1.,paragraph
388,425.0,534.9159999999999,440.0,534.9159999999999,440.0,544.9649999999999,425.0,544.9649999999999,In,paragraph
389,444.0,534.9159999999999,518.0,534.9159999999999,518.0,544.9649999999999,444.0,544.9649999999999,particular,,paragraph
390,522.0,534.9159999999999,533.0,534.9159999999999,533.0,544.9649999999999,522.0,544.9649999999999,it,paragraph
391,537.0,534.9159999999999,548.0,534.9159999999999,548.0,544.9649999999999,537.0,544.9649999999999,is,paragraph
392,552.0,534.9159999999999,586.0,534.9159999999999,586.0,544.9649999999999,552.0,544.9649999999999,clear,paragraph
393,589.0,534.9159999999999,619.0,534.9159999999999,619.0,544.9649999999999,589.0,544.9649999999999,that,paragraph
394,623.0,534.9159999999999,639.0,534.9159999999999,639.0,544.9649999999999,623.0,544.9649999999999,M,paragraph
395,648.0,534.9159999999999,668.0,534.9159999999999,668.0,544.9649999999999,648.0,544.9649999999999,(x;,paragraph
396,671.0,534.9159999999999,683.0,534.9159999999999,683.0,544.9649999999999,671.0,544.9649999999999,t),paragraph
397,687.0,534.9159999999999,698.0,534.9159999999999,698.0,544.9649999999999,687.0,544.9649999999999,is,paragraph
398,702.0,534.9159999999999,710.0,534.9159999999999,710.0,544.9649999999999,702.0,544.9649999999999,a,paragraph
399,714.0,534.9159999999999,793.0,534.9159999999999,793.0,544.9649999999999,714.0,544.9649999999999,polynomial,paragraph
400,316.0,538.781,323.0,538.781,323.0,545.7379999999999,316.0,545.7379999999999,1,paragraph
401,377.0,538.781,383.0,538.781,383.0,545.7379999999999,377.0,545.7379999999999,0,paragraph
402,639.0,538.781,647.0,538.781,647.0,545.7379999999999,639.0,545.7379999999999,n,paragraph
403,206.0,546.511,220.0,546.511,220.0,556.56,206.0,556.56,in,paragraph
404,225.0,546.511,258.0,546.511,258.0,556.56,225.0,556.56,both,paragraph
405,264.0,546.511,273.0,546.511,273.0,556.56,264.0,556.56,x,paragraph
406,279.0,546.511,305.0,546.511,305.0,556.56,279.0,556.56,and,paragraph
407,310.0,546.511,321.0,546.511,321.0,556.56,310.0,556.56,t.,paragraph
408,226.0,558.106,241.0,558.106,241.0,568.155,226.0,568.155,In,paragraph
409,246.0,558.106,278.0,558.106,278.0,568.155,246.0,568.155,view,paragraph
410,284.0,558.106,297.0,558.106,297.0,568.155,284.0,568.155,of,paragraph
411,304.0,558.106,346.0,558.106,346.0,568.155,304.0,568.155,(A.3),,paragraph
412,351.0,558.106,374.0,558.106,374.0,568.155,351.0,568.155,the,paragraph
413,379.0,558.106,423.0,558.106,423.0,568.155,379.0,568.155,action,paragraph
414,428.0,558.106,441.0,558.106,441.0,568.155,428.0,568.155,of,paragraph
415,447.0,558.106,469.0,558.106,469.0,568.155,447.0,568.155,the,paragraph
416,475.0,558.106,562.0,558.106,562.0,568.155,475.0,568.155,inﬁnitesimal,paragraph
417,567.0,558.106,634.0,558.106,634.0,568.155,567.0,568.155,generator,paragraph
418,639.0,558.106,657.0,558.106,657.0,568.155,639.0,568.155,on,paragraph
419,662.0,558.106,678.0,558.106,678.0,568.155,662.0,568.155,M,paragraph
420,687.0,558.106,706.0,558.106,706.0,568.155,687.0,568.155,(y;,paragraph
421,709.0,558.106,721.0,558.106,721.0,568.155,709.0,568.155,t),paragraph
422,726.0,558.106,737.0,558.106,737.0,568.155,726.0,568.155,is,paragraph
423,743.0,558.106,789.0,558.106,789.0,568.155,743.0,568.155,simply,paragraph
424,678.0,561.971,686.0,561.971,686.0,568.928,678.0,568.928,n,paragraph
425,442.0,572.793,447.0,572.793,447.0,589.799,442.0,589.799,·,paragraph
426,516.0,572.793,529.0,572.793,529.0,589.799,516.0,589.799,−,paragraph
427,534.0,573.566,542.0,573.566,542.0,583.615,534.0,583.615,∂,paragraph
428,387.0,579.75,399.0,579.75,399.0,589.799,387.0,589.799,A,paragraph
429,405.0,579.75,427.0,579.75,427.0,589.799,405.0,589.799,(M,paragraph
430,436.0,579.75,442.0,579.75,442.0,589.799,436.0,589.799,(,paragraph
431,447.0,579.75,451.0,579.75,451.0,589.799,447.0,589.799,;,paragraph
432,454.0,579.75,494.0,579.75,494.0,589.799,454.0,589.799,t))(x),paragraph
433,499.0,579.75,511.0,579.75,511.0,589.799,499.0,589.799,=,paragraph
434,548.0,579.75,564.0,579.75,564.0,589.799,548.0,589.799,M,paragraph
435,573.0,579.75,593.0,579.75,593.0,589.799,573.0,589.799,(x;,paragraph
436,596.0,579.75,612.0,579.75,612.0,589.799,596.0,589.799,t);,paragraph
437,399.0,583.615,404.0,583.615,404.0,590.572,399.0,590.572,t,paragraph
438,427.0,583.615,435.0,583.615,435.0,590.572,427.0,590.572,n,paragraph
439,531.0,586.707,546.0,586.707,546.0,596.756,531.0,596.756,∂t,paragraph
440,564.0,583.615,572.0,583.615,572.0,590.572,564.0,590.572,n,paragraph
441,222.0,593.664,239.0,593.664,239.0,629.995,222.0,629.995,(cid:80),paragraph
442,206.0,599.8480000000001,233.0,599.8480000000001,233.0,609.897,206.0,609.897,this,paragraph
443,241.0,599.8480000000001,252.0,599.8480000000001,252.0,609.897,241.0,609.897,is,paragraph
444,260.0,599.8480000000001,306.0,599.8480000000001,306.0,609.897,260.0,609.897,easiest,paragraph
445,314.0,599.8480000000001,344.0,599.8480000000001,344.0,609.897,314.0,609.897,seen,paragraph
446,353.0,599.8480000000001,370.0,599.8480000000001,370.0,609.897,353.0,609.897,by,paragraph
447,378.0,599.8480000000001,429.0,599.8480000000001,429.0,609.897,378.0,609.897,looking,paragraph
448,438.0,599.8480000000001,452.0,599.8480000000001,452.0,609.897,438.0,609.897,at,paragraph
449,460.0,599.8480000000001,483.0,599.8480000000001,483.0,609.897,460.0,609.897,the,paragraph
450,491.0,599.8480000000001,591.0,599.8480000000001,591.0,609.897,491.0,609.897,left-generator,,paragraph
451,600.0,599.8480000000001,660.0,599.8480000000001,660.0,609.897,600.0,609.897,compare,paragraph
452,668.0,599.8480000000001,693.0,599.8480000000001,693.0,609.897,668.0,609.897,[13,,paragraph
453,702.0,599.8480000000001,755.0,599.8480000000001,755.0,609.897,702.0,609.897,Lemma,paragraph
454,763.0,599.8480000000001,793.0,599.8480000000001,793.0,609.897,763.0,609.897,2.1].,paragraph
455,206.0,611.443,240.0,611.443,240.0,621.4920000000001,206.0,621.4920000000001,Note,paragraph
456,246.0,611.443,276.0,611.443,276.0,621.4920000000001,246.0,621.4920000000001,that,paragraph
457,282.0,611.443,299.0,611.443,299.0,621.4920000000001,282.0,621.4920000000001,by,paragraph
458,305.0,611.443,364.0,611.443,364.0,621.4920000000001,305.0,621.4920000000001,linearity,paragraph
459,369.0,611.443,396.0,611.443,396.0,621.4920000000001,369.0,621.4920000000001,this,paragraph
460,401.0,611.443,478.0,611.443,478.0,621.4920000000001,401.0,621.4920000000001,determines,paragraph
461,484.0,611.443,528.0,611.443,528.0,621.4920000000001,484.0,621.4920000000001,action,paragraph
462,533.0,611.443,546.0,611.443,546.0,621.4920000000001,533.0,621.4920000000001,of,paragraph
463,552.0,611.443,564.0,611.443,564.0,621.4920000000001,552.0,621.4920000000001,A,paragraph
464,576.0,611.443,593.0,611.443,593.0,621.4920000000001,576.0,621.4920000000001,on,paragraph
465,599.0,611.443,616.0,611.443,616.0,621.4920000000001,599.0,621.4920000000001,all,paragraph
466,622.0,611.443,711.0,611.443,711.0,621.4920000000001,622.0,621.4920000000001,polynomials:,paragraph
467,719.0,611.443,739.0,611.443,739.0,621.4920000000001,719.0,621.4920000000001,for,paragraph
468,745.0,611.443,775.0,611.443,775.0,621.4920000000001,745.0,621.4920000000001,p(x),paragraph
469,780.0,611.443,793.0,611.443,793.0,621.4920000000001,780.0,621.4920000000001,=,paragraph
470,206.0,616.081,219.0,616.081,219.0,633.087,206.0,633.087,−,paragraph
471,564.0,615.308,569.0,615.308,569.0,622.265,564.0,622.265,t,paragraph
472,250.0,623.038,258.0,623.038,258.0,633.087,250.0,633.087,a,paragraph
473,266.0,623.038,301.0,623.038,301.0,633.087,266.0,633.087,(t)M,paragraph
474,309.0,623.038,329.0,623.038,329.0,633.087,309.0,633.087,(x;,paragraph
475,332.0,623.038,348.0,623.038,348.0,633.087,332.0,633.087,t),,paragraph
476,354.0,623.038,372.0,623.038,372.0,633.087,354.0,633.087,we,paragraph
477,378.0,623.038,410.0,623.038,410.0,633.087,378.0,633.087,have,paragraph
478,476.0,622.265,500.0,622.265,500.0,658.596,476.0,658.596,(cid:88),equation
479,239.0,628.449,246.0,628.449,246.0,635.406,239.0,635.406,k,paragraph
480,258.0,626.903,265.0,626.903,265.0,633.86,258.0,633.86,k,paragraph
481,301.0,626.903,308.0,626.903,308.0,633.86,301.0,633.86,k,paragraph
482,461.0,647.001,474.0,647.001,474.0,664.007,461.0,664.007,−,equation
483,543.0,647.774,551.0,647.774,551.0,657.823,543.0,657.823,∂,equation
484,206.0,653.958,244.0,653.958,244.0,664.007,206.0,664.007,(A.5),equation
485,379.0,653.958,391.0,653.958,391.0,664.007,379.0,664.007,A,equation
486,396.0,653.958,439.0,653.958,439.0,664.007,396.0,664.007,(p)(x),equation
487,444.0,653.958,456.0,653.958,456.0,664.007,444.0,664.007,=,equation
488,503.0,653.958,511.0,653.958,511.0,664.007,503.0,664.007,a,equation
489,519.0,653.958,538.0,653.958,538.0,664.007,519.0,664.007,(t),equation
490,557.0,653.958,573.0,653.958,573.0,664.007,557.0,664.007,M,equation
491,581.0,653.958,601.0,653.958,601.0,664.007,581.0,664.007,(x;,equation
492,604.0,653.958,620.0,653.958,620.0,664.007,604.0,664.007,t).,equation
493,391.0,657.823,396.0,657.823,396.0,664.78,391.0,664.78,t,equation
494,511.0,657.823,518.0,657.823,518.0,664.78,511.0,664.78,k,equation
495,540.0,660.915,555.0,660.915,555.0,670.9639999999999,540.0,670.9639999999999,∂t,equation
496,573.0,657.823,580.0,657.823,580.0,664.78,573.0,664.78,k,equation
497,485.0,668.645,491.0,668.645,491.0,674.829,485.0,674.829,k,equation
498,531.0,585.1610000000001,546.0,585.1610000000001,546.0,585.1610000000001,531.0,585.1610000000001,##LTLine##,paragraph
499,540.0,659.369,555.0,659.369,555.0,659.369,540.0,659.369,##LTLine##,equation
