0,87.0,46.379999999999995,149.0,46.379999999999995,149.0,60.294,87.0,60.294,Enabling,paragraph
1,154.0,46.379999999999995,203.0,46.379999999999995,203.0,60.294,154.0,60.294,remote,paragraph
2,208.0,46.379999999999995,252.0,46.379999999999995,252.0,60.294,208.0,60.294,search,paragraph
3,258.0,46.379999999999995,278.0,46.379999999999995,278.0,60.294,258.0,60.294,for,paragraph
4,284.0,46.379999999999995,309.0,46.379999999999995,309.0,60.294,284.0,60.294,fast,paragraph
5,315.0,46.379999999999995,377.0,46.379999999999995,377.0,60.294,315.0,60.294,transient,paragraph
6,383.0,46.379999999999995,427.0,46.379999999999995,427.0,60.294,383.0,60.294,events,paragraph
7,890.0,46.379999999999995,898.0,46.379999999999995,898.0,60.294,890.0,60.294,9,paragraph
8,88.0,73.435,113.0,73.435,113.0,87.349,88.0,87.349,day,paragraph
9,118.0,73.435,131.0,73.435,131.0,87.349,118.0,87.349,of,paragraph
10,137.0,73.435,159.0,73.435,159.0,87.349,137.0,87.349,the,paragraph
11,165.0,73.435,186.0,73.435,186.0,87.349,165.0,87.349,O2,paragraph
12,191.0,73.435,217.0,73.435,217.0,87.349,191.0,87.349,and,paragraph
13,223.0,73.435,243.0,73.435,243.0,87.349,223.0,87.349,O3,paragraph
14,249.0,73.435,329.0,73.435,329.0,87.349,249.0,87.349,observation,paragraph
15,335.0,73.435,366.0,73.435,366.0,87.349,335.0,87.349,runs,paragraph
16,371.0,73.435,393.0,73.435,393.0,87.349,371.0,87.349,are,paragraph
17,398.0,73.435,459.0,73.435,459.0,87.349,398.0,87.349,provided,paragraph
18,465.0,73.435,478.0,73.435,478.0,87.349,465.0,87.349,in,paragraph
19,508.0,73.435,522.0,73.435,522.0,87.349,508.0,87.349,et,paragraph
20,528.0,73.435,546.0,73.435,546.0,87.349,528.0,87.349,al.,paragraph
21,552.0,73.435,598.0,73.435,598.0,87.349,552.0,87.349,(2015),paragraph
22,605.0,73.435,621.0,73.435,621.0,87.349,605.0,87.349,—,paragraph
23,628.0,73.435,670.0,73.435,670.0,87.349,628.0,87.349,which,paragraph
24,676.0,73.435,749.0,73.435,749.0,87.349,676.0,87.349,proceeded,paragraph
25,755.0,73.435,787.0,73.435,787.0,87.349,755.0,87.349,with,paragraph
26,794.0,73.435,898.0,73.435,898.0,87.349,794.0,87.349,decompression,paragraph
27,87.0,85.03,156.0,85.03,156.0,98.944,87.0,98.944,Appendix,paragraph
28,161.0,85.03,174.0,85.03,174.0,98.944,161.0,98.944,8.,paragraph
29,179.0,85.03,269.0,85.03,269.0,98.944,179.0,98.944,Compression,paragraph
30,275.0,85.03,308.0,85.03,308.0,98.944,275.0,98.944,ratio,paragraph
31,314.0,85.03,339.0,85.03,339.0,98.944,314.0,98.944,was,paragraph
32,345.0,85.03,388.0,85.03,388.0,98.944,345.0,98.944,varied,paragraph
33,393.0,85.03,410.0,85.03,410.0,98.944,393.0,98.944,by,paragraph
34,415.0,85.03,438.0,85.03,438.0,98.944,415.0,98.944,the,paragraph
35,443.0,85.03,478.0,85.03,478.0,98.944,443.0,98.944,team,paragraph
36,508.0,85.03,525.0,85.03,525.0,98.944,508.0,98.944,on,paragraph
37,531.0,85.03,553.0,85.03,553.0,98.944,531.0,98.944,the,paragraph
38,559.0,85.03,605.0,85.03,605.0,98.944,559.0,98.944,Lustre,paragraph
39,610.0,85.03,638.0,85.03,638.0,98.944,610.0,98.944,File,paragraph
40,643.0,85.03,701.0,85.03,701.0,98.944,643.0,98.944,System8,paragraph
41,707.0,85.03,762.0,85.03,762.0,98.944,707.0,98.944,directly,paragraph
42,767.0,85.03,784.0,85.03,784.0,98.944,767.0,98.944,—,paragraph
43,789.0,85.03,808.0,85.03,808.0,98.944,789.0,98.944,we,paragraph
44,813.0,85.03,870.0,85.03,870.0,98.944,813.0,98.944,perform,paragraph
45,876.0,85.03,898.0,85.03,898.0,98.944,876.0,98.944,the,paragraph
46,88.0,96.625,135.0,96.625,135.0,110.53899999999999,88.0,110.53899999999999,during,paragraph
47,140.0,96.625,172.0,96.625,172.0,110.53899999999999,140.0,110.53899999999999,each,paragraph
48,177.0,96.625,202.0,96.625,202.0,110.53899999999999,177.0,110.53899999999999,run,paragraph
49,207.0,96.625,222.0,96.625,222.0,110.53899999999999,207.0,110.53899999999999,to,paragraph
50,227.0,96.625,281.0,96.625,281.0,110.53899999999999,227.0,110.53899999999999,provide,paragraph
51,286.0,96.625,318.0,96.625,318.0,110.53899999999999,286.0,110.53899999999999,data,paragraph
52,324.0,96.625,356.0,96.625,356.0,110.53899999999999,324.0,110.53899999999999,with,paragraph
53,361.0,96.625,403.0,96.625,403.0,110.53899999999999,361.0,110.53899999999999,visual,paragraph
54,408.0,96.625,458.0,96.625,458.0,110.53899999999999,408.0,110.53899999999999,quality,paragraph
55,464.0,96.625,478.0,96.625,478.0,110.53899999999999,464.0,110.53899999999999,as,paragraph
56,508.0,96.625,612.0,96.625,612.0,110.53899999999999,508.0,110.53899999999999,decompression,paragraph
57,617.0,96.625,639.0,96.625,639.0,110.53899999999999,617.0,110.53899999999999,via,paragraph
58,644.0,96.625,667.0,96.625,667.0,110.53899999999999,644.0,110.53899999999999,the,paragraph
59,673.0,96.625,706.0,96.625,706.0,110.53899999999999,673.0,110.53899999999999,local,paragraph
60,712.0,96.625,763.0,96.625,763.0,110.53899999999999,712.0,110.53899999999999,storage,paragraph
61,769.0,96.625,782.0,96.625,782.0,110.53899999999999,769.0,110.53899999999999,of,paragraph
62,788.0,96.625,831.0,96.625,831.0,110.53899999999999,788.0,110.53899999999999,Green,paragraph
63,836.0,96.625,849.0,96.625,849.0,110.53899999999999,836.0,110.53899999999999,II,paragraph
64,854.0,96.625,898.0,96.625,898.0,110.53899999999999,854.0,110.53899999999999,(using,paragraph
65,88.0,108.22000000000001,119.0,108.22000000000001,119.0,122.134,88.0,122.134,high,paragraph
66,125.0,108.22000000000001,140.0,108.22000000000001,140.0,122.134,125.0,122.134,as,paragraph
67,146.0,108.22000000000001,208.0,108.22000000000001,208.0,122.134,146.0,122.134,possible,,paragraph
68,214.0,108.22000000000001,252.0,108.22000000000001,252.0,122.134,214.0,122.134,while,paragraph
69,258.0,108.22000000000001,326.0,108.22000000000001,326.0,122.134,258.0,122.134,providing,paragraph
70,332.0,108.22000000000001,359.0,108.22000000000001,359.0,122.134,332.0,122.134,fast,paragraph
71,365.0,108.22000000000001,417.0,108.22000000000001,417.0,122.134,365.0,122.134,enough,paragraph
72,423.0,108.22000000000001,479.0,108.22000000000001,479.0,122.134,423.0,122.134,transfer,paragraph
73,508.0,108.22000000000001,591.0,108.22000000000001,591.0,122.134,508.0,122.134,PBS_JOBFS),paragraph
74,595.0,108.22000000000001,609.0,108.22000000000001,609.0,122.134,595.0,122.134,to,paragraph
75,614.0,108.22000000000001,658.0,108.22000000000001,658.0,122.134,614.0,122.134,obtain,paragraph
76,663.0,108.22000000000001,688.0,108.22000000000001,688.0,122.134,663.0,122.134,fast,paragraph
77,692.0,108.22000000000001,723.0,108.22000000000001,723.0,122.134,692.0,122.134,read,paragraph
78,727.0,108.22000000000001,753.0,108.22000000000001,753.0,122.134,727.0,122.134,and,paragraph
79,757.0,108.22000000000001,793.0,108.22000000000001,793.0,122.134,757.0,122.134,write,paragraph
80,797.0,108.22000000000001,839.0,108.22000000000001,839.0,122.134,797.0,122.134,access,paragraph
81,843.0,108.22000000000001,858.0,108.22000000000001,858.0,122.134,843.0,122.134,to,paragraph
82,862.0,108.22000000000001,898.0,108.22000000000001,898.0,122.134,862.0,122.134,HDD,paragraph
83,88.0,119.815,124.0,119.815,124.0,133.72899999999998,88.0,133.72899999999998,time.,paragraph
84,130.0,119.815,148.0,119.815,148.0,133.72899999999998,130.0,133.72899999999998,As,paragraph
85,154.0,119.815,176.0,119.815,176.0,133.72899999999998,154.0,133.72899999999998,the,paragraph
86,182.0,119.815,237.0,119.815,237.0,133.72899999999998,182.0,133.72899999999998,transfer,paragraph
87,243.0,119.815,271.0,119.815,271.0,133.72899999999998,243.0,133.72899999999998,rate,paragraph
88,276.0,119.815,317.0,119.815,317.0,133.72899999999998,276.0,133.72899999999998,varies,paragraph
89,322.0,119.815,369.0,119.815,369.0,133.72899999999998,322.0,133.72899999999998,during,paragraph
90,374.0,119.815,391.0,119.815,391.0,133.72899999999998,374.0,133.72899999999998,an,paragraph
91,397.0,119.815,478.0,119.815,478.0,133.72899999999998,397.0,133.72899999999998,observation,paragraph
92,508.0,119.815,563.0,119.815,563.0,133.72899999999998,508.0,133.72899999999998,storage.,paragraph
93,568.0,119.815,590.0,119.815,590.0,133.72899999999998,568.0,133.72899999999998,We,paragraph
94,596.0,119.815,641.0,119.815,641.0,133.72899999999998,596.0,133.72899999999998,obtain,paragraph
95,646.0,119.815,654.0,119.815,654.0,133.72899999999998,646.0,133.72899999999998,a,paragraph
96,660.0,119.815,697.0,119.815,697.0,133.72899999999998,660.0,133.72899999999998,mean,paragraph
97,703.0,119.815,729.0,119.815,729.0,133.72899999999998,703.0,133.72899999999998,and,paragraph
98,734.0,119.815,785.0,119.815,785.0,133.72899999999998,734.0,133.72899999999998,median,paragraph
99,791.0,119.815,804.0,119.815,804.0,133.72899999999998,791.0,133.72899999999998,of,paragraph
100,809.0,119.815,838.0,119.815,838.0,133.72899999999998,809.0,133.72899999999998,1.82,paragraph
101,843.0,119.815,901.0,119.815,901.0,133.72899999999998,843.0,133.72899999999998,seconds,,paragraph
102,88.0,131.41,117.0,131.41,117.0,145.324,88.0,145.324,run,,paragraph
103,122.0,131.41,141.0,131.41,141.0,145.324,122.0,145.324,we,paragraph
104,146.0,131.41,201.0,131.41,201.0,145.324,146.0,145.324,proceed,paragraph
105,207.0,131.41,238.0,131.41,238.0,145.324,207.0,145.324,with,paragraph
106,244.0,131.41,266.0,131.41,266.0,145.324,244.0,145.324,the,paragraph
107,272.0,131.41,335.0,131.41,335.0,145.324,272.0,145.324,following,paragraph
108,341.0,131.41,395.0,131.41,395.0,145.324,341.0,145.324,method,paragraph
109,400.0,131.41,415.0,131.41,415.0,145.324,400.0,145.324,to,paragraph
110,420.0,131.41,478.0,131.41,478.0,145.324,420.0,145.324,evaluate,paragraph
111,508.0,131.41,574.0,131.41,574.0,145.324,508.0,145.324,minimum,paragraph
112,578.0,131.41,591.0,131.41,591.0,145.324,578.0,145.324,of,paragraph
113,596.0,131.41,624.0,131.41,624.0,145.324,596.0,145.324,1.57,paragraph
114,628.0,131.41,685.0,131.41,685.0,145.324,628.0,145.324,seconds,,paragraph
115,690.0,131.41,716.0,131.41,716.0,145.324,690.0,145.324,and,paragraph
116,720.0,131.41,789.0,131.41,789.0,145.324,720.0,145.324,maximum,paragraph
117,794.0,131.41,806.0,131.41,806.0,145.324,794.0,145.324,of,paragraph
118,811.0,131.41,839.0,131.41,839.0,145.324,811.0,145.324,1.86,paragraph
119,844.0,131.41,901.0,131.41,901.0,145.324,844.0,145.324,seconds,,paragraph
120,88.0,143.778,110.0,143.778,110.0,156.919,88.0,156.919,the,paragraph
121,116.0,143.778,179.0,143.778,179.0,156.919,116.0,156.919,speed-up,paragraph
122,184.0,143.778,225.0,143.778,225.0,156.919,184.0,156.919,factor,paragraph
123,231.0,143.778,292.0,143.778,292.0,156.919,231.0,156.919,provided,paragraph
124,298.0,143.778,315.0,143.778,315.0,156.919,298.0,156.919,by,paragraph
125,320.0,143.778,411.0,143.778,411.0,156.919,320.0,156.919,compression.,paragraph
126,507.0,143.778,539.0,143.778,539.0,156.919,507.0,156.919,with,paragraph
127,544.0,143.778,553.0,143.778,553.0,156.919,544.0,156.919,a,paragraph
128,558.0,143.778,621.0,143.778,621.0,156.919,558.0,156.919,standard,paragraph
129,626.0,143.778,692.0,143.778,692.0,156.919,626.0,156.919,deviation,paragraph
130,698.0,143.778,711.0,143.778,711.0,156.919,698.0,156.919,of,paragraph
131,716.0,143.778,745.0,143.778,745.0,156.919,716.0,156.919,0.03,paragraph
132,751.0,143.778,809.0,143.778,809.0,156.919,751.0,156.919,seconds.,paragraph
133,815.0,143.778,847.0,143.778,847.0,156.919,815.0,156.919,This,paragraph
134,852.0,143.778,898.0,143.778,898.0,156.919,852.0,156.919,timing,paragraph
135,104.0,155.37300000000002,127.0,155.37300000000002,127.0,169.287,104.0,169.287,For,paragraph
136,132.0,155.37300000000002,162.0,155.37300000000002,162.0,169.287,132.0,169.287,each,paragraph
137,167.0,155.37300000000002,243.0,155.37300000000002,243.0,169.287,167.0,169.287,transferred,paragraph
138,247.0,155.37300000000002,272.0,155.37300000000002,272.0,169.287,247.0,169.287,ﬁle,,paragraph
139,277.0,155.37300000000002,295.0,155.37300000000002,295.0,169.287,277.0,169.287,we,paragraph
140,299.0,155.37300000000002,358.0,155.37300000000002,358.0,169.287,299.0,169.287,estimate,paragraph
141,362.0,155.37300000000002,385.0,155.37300000000002,385.0,169.287,362.0,169.287,the,paragraph
142,389.0,155.37300000000002,443.0,155.37300000000002,443.0,169.287,389.0,169.287,transfer,paragraph
143,447.0,155.37300000000002,478.0,155.37300000000002,478.0,169.287,447.0,169.287,time,paragraph
144,508.0,155.37300000000002,571.0,155.37300000000002,571.0,168.514,508.0,168.514,represent,paragraph
145,576.0,155.37300000000002,599.0,155.37300000000002,599.0,168.514,576.0,168.514,the,paragraph
146,604.0,155.37300000000002,704.0,155.37300000000002,704.0,168.514,604.0,168.514,decompression,paragraph
147,709.0,155.37300000000002,722.0,155.37300000000002,722.0,168.514,709.0,168.514,of,paragraph
148,727.0,155.37300000000002,735.0,155.37300000000002,735.0,168.514,727.0,168.514,a,paragraph
149,740.0,155.37300000000002,779.0,155.37300000000002,779.0,168.514,740.0,168.514,single,paragraph
150,784.0,155.37300000000002,824.0,155.37300000000002,824.0,168.514,784.0,168.514,CCD.,paragraph
151,829.0,155.37300000000002,901.0,155.37300000000002,901.0,168.514,829.0,168.514,Therefore,,paragraph
152,88.0,165.422,117.0,165.422,117.0,180.882,88.0,180.882,ˆ(s),paragraph
153,121.0,166.968,150.0,166.968,150.0,180.882,121.0,180.882,that,paragraph
154,154.0,166.968,196.0,166.968,196.0,180.882,154.0,180.882,would,paragraph
155,200.0,166.968,231.0,166.968,231.0,180.882,200.0,180.882,have,paragraph
156,235.0,166.968,268.0,166.968,268.0,180.882,235.0,180.882,been,paragraph
157,272.0,166.968,329.0,166.968,329.0,180.882,272.0,180.882,required,paragraph
158,334.0,166.968,388.0,166.968,388.0,180.882,334.0,180.882,without,paragraph
159,392.0,166.968,481.0,166.968,481.0,180.882,392.0,180.882,compression,,paragraph
160,508.0,166.968,533.0,166.968,533.0,180.882,508.0,180.882,one,paragraph
161,539.0,166.968,579.0,166.968,579.0,180.882,539.0,180.882,needs,paragraph
162,586.0,166.968,601.0,166.968,601.0,180.882,586.0,180.882,to,paragraph
163,608.0,166.968,674.0,166.968,674.0,180.882,608.0,180.882,cumulate,paragraph
164,680.0,166.968,703.0,166.968,703.0,180.882,680.0,180.882,the,paragraph
165,710.0,166.968,743.0,166.968,743.0,180.882,710.0,180.882,time,paragraph
166,749.0,166.968,769.0,166.968,769.0,180.882,749.0,180.882,for,paragraph
167,776.0,166.968,794.0,166.968,794.0,180.882,776.0,180.882,all,paragraph
168,800.0,166.968,823.0,166.968,823.0,180.882,800.0,180.882,the,paragraph
169,830.0,166.968,847.0,166.968,847.0,180.882,830.0,180.882,57,paragraph
170,854.0,166.968,902.0,166.968,902.0,180.882,854.0,180.882,CCDs.,paragraph
171,88.0,170.833,94.0,170.833,94.0,180.882,88.0,180.882,t,paragraph
172,88.0,178.56300000000002,153.0,178.56300000000002,153.0,192.477,88.0,192.477,assuming,paragraph
173,158.0,178.56300000000002,181.0,178.56300000000002,181.0,192.477,158.0,192.477,the,paragraph
174,186.0,178.56300000000002,241.0,178.56300000000002,241.0,192.477,186.0,192.477,transfer,paragraph
175,247.0,178.56300000000002,275.0,178.56300000000002,275.0,192.477,247.0,192.477,rate,paragraph
176,280.0,178.56300000000002,295.0,178.56300000000002,295.0,192.477,280.0,192.477,at,paragraph
177,300.0,178.56300000000002,323.0,178.56300000000002,323.0,192.477,300.0,192.477,the,paragraph
178,328.0,178.56300000000002,360.0,178.56300000000002,360.0,192.477,328.0,192.477,time,paragraph
179,365.0,178.56300000000002,378.0,178.56300000000002,378.0,192.477,365.0,192.477,of,paragraph
180,384.0,178.56300000000002,477.0,178.56300000000002,477.0,192.477,384.0,192.477,transmission:,paragraph
181,508.0,178.56300000000002,574.0,178.56300000000002,574.0,192.477,508.0,192.477,However,,paragraph
182,579.0,178.56300000000002,594.0,178.56300000000002,594.0,192.477,579.0,192.477,as,paragraph
183,600.0,178.56300000000002,626.0,178.56300000000002,626.0,192.477,600.0,192.477,this,paragraph
184,632.0,178.56300000000002,643.0,178.56300000000002,643.0,192.477,632.0,192.477,is,paragraph
185,649.0,178.56300000000002,722.0,178.56300000000002,722.0,192.477,649.0,192.477,performed,paragraph
186,728.0,178.56300000000002,742.0,178.56300000000002,742.0,192.477,728.0,192.477,in,paragraph
187,747.0,178.56300000000002,801.0,178.56300000000002,801.0,192.477,747.0,192.477,parallel,paragraph
188,806.0,178.56300000000002,824.0,178.56300000000002,824.0,192.477,806.0,192.477,on,paragraph
189,829.0,178.56300000000002,873.0,178.56300000000002,873.0,192.477,829.0,192.477,Green,paragraph
190,878.0,178.56300000000002,891.0,178.56300000000002,891.0,192.477,878.0,192.477,II,paragraph
191,896.0,178.56300000000002,901.0,178.56300000000002,901.0,192.477,896.0,192.477,,,paragraph
192,508.0,190.158,534.0,190.158,534.0,204.072,508.0,204.072,this,paragraph
193,539.0,190.158,613.0,190.158,613.0,204.072,539.0,204.072,cumulated,paragraph
194,619.0,190.158,650.0,190.158,650.0,204.072,619.0,204.072,time,paragraph
195,656.0,190.158,687.0,190.158,687.0,204.072,656.0,204.072,does,paragraph
196,692.0,190.158,716.0,190.158,716.0,204.072,692.0,204.072,not,paragraph
197,721.0,190.158,765.0,190.158,765.0,204.072,721.0,204.072,reﬂect,paragraph
198,770.0,190.158,799.0,190.158,799.0,204.072,770.0,204.072,user,paragraph
199,805.0,190.158,835.0,190.158,835.0,204.072,805.0,204.072,wait,paragraph
200,840.0,190.158,877.0,190.158,877.0,204.072,840.0,204.072,time.,paragraph
201,247.0,203.299,270.0,203.299,270.0,218.759,247.0,218.759,tˆ=,equation
202,276.0,202.526,312.0,202.526,312.0,213.348,276.0,213.348,sizeo,equation
203,315.0,208.71,319.0,208.71,319.0,218.759,315.0,218.759,.,equation
204,458.0,204.845,478.0,204.845,478.0,218.759,458.0,218.759,(7),equation
205,508.0,201.75300000000001,517.0,201.75300000000001,517.0,215.66700000000003,508.0,215.66700000000003,5,section
206,526.0,201.75300000000001,643.0,201.75300000000001,643.0,215.66700000000003,526.0,215.66700000000003,DISCUSSION,section
207,291.0,215.66700000000003,298.0,215.66700000000003,298.0,225.71599999999998,291.0,225.71599999999998,r,equation
208,524.0,219.53199999999998,548.0,219.53199999999998,548.0,233.446,524.0,233.446,For,paragraph
209,554.0,219.53199999999998,611.0,219.53199999999998,611.0,233.446,554.0,233.446,projects,paragraph
210,617.0,219.53199999999998,668.0,219.53199999999998,668.0,233.446,617.0,233.446,dealing,paragraph
211,674.0,219.53199999999998,706.0,219.53199999999998,706.0,233.446,674.0,233.446,with,paragraph
212,712.0,219.53199999999998,743.0,219.53199999999998,743.0,233.446,712.0,233.446,very,paragraph
213,748.0,219.53199999999998,783.0,219.53199999999998,783.0,233.446,748.0,233.446,large,paragraph
214,789.0,219.53199999999998,853.0,219.53199999999998,853.0,233.446,789.0,233.446,datasets,,paragraph
215,858.0,219.53199999999998,867.0,219.53199999999998,867.0,233.446,858.0,233.446,a,paragraph
216,872.0,219.53199999999998,901.0,219.53199999999998,901.0,233.446,872.0,233.446,per-,paragraph
217,104.0,234.992,144.0,234.992,144.0,248.906,104.0,248.906,Using,paragraph
218,149.0,232.673,159.0,232.673,159.0,248.906,149.0,248.906,ˆ,,paragraph
219,164.0,234.992,183.0,234.992,183.0,248.906,164.0,248.906,we,paragraph
220,188.0,234.992,246.0,234.992,246.0,248.906,188.0,248.906,estimate,paragraph
221,252.0,234.992,274.0,234.992,274.0,248.906,252.0,248.906,the,paragraph
222,279.0,234.992,341.0,234.992,341.0,248.906,279.0,248.906,speed-up,paragraph
223,346.0,234.992,386.0,234.992,386.0,248.906,346.0,248.906,factor,paragraph
224,392.0,234.992,400.0,234.992,400.0,248.906,392.0,248.906,ˆ,paragraph
225,405.0,234.992,424.0,234.992,424.0,248.906,405.0,248.906,for,paragraph
226,429.0,234.992,437.0,234.992,437.0,248.906,429.0,248.906,a,paragraph
227,442.0,234.992,478.0,234.992,478.0,248.906,442.0,248.906,given,paragraph
228,508.0,231.12699999999998,534.0,231.12699999999998,534.0,245.041,508.0,245.041,fect,paragraph
229,540.0,231.12699999999998,598.0,231.12699999999998,598.0,245.041,540.0,245.041,scenario,paragraph
230,604.0,231.12699999999998,647.0,231.12699999999998,647.0,245.041,604.0,245.041,would,paragraph
231,653.0,231.12699999999998,670.0,231.12699999999998,670.0,245.041,653.0,245.041,be,paragraph
232,677.0,231.12699999999998,707.0,231.12699999999998,707.0,245.041,677.0,245.041,that,paragraph
233,713.0,231.12699999999998,731.0,231.12699999999998,731.0,245.041,713.0,245.041,all,paragraph
234,737.0,231.12699999999998,769.0,231.12699999999998,769.0,245.041,737.0,245.041,data,paragraph
235,775.0,231.12699999999998,849.0,231.12699999999998,849.0,245.041,775.0,245.041,processing,paragraph
236,856.0,231.12699999999998,898.0,231.12699999999998,898.0,245.041,856.0,245.041,would,paragraph
237,149.0,238.857,155.0,238.857,155.0,248.906,149.0,248.906,t,paragraph
238,392.0,238.857,399.0,238.857,399.0,248.906,392.0,248.906,s,paragraph
239,508.0,243.495,525.0,243.495,525.0,256.636,508.0,256.636,be,paragraph
240,531.0,243.495,565.0,243.495,565.0,256.636,531.0,256.636,done,paragraph
241,571.0,243.495,589.0,243.495,589.0,256.636,571.0,256.636,on,paragraph
242,595.0,243.495,620.0,243.495,620.0,256.636,595.0,256.636,site,paragraph
243,626.0,243.495,640.0,243.495,640.0,256.636,626.0,256.636,at,paragraph
244,646.0,243.495,669.0,243.495,669.0,256.636,646.0,256.636,the,paragraph
245,675.0,243.495,708.0,243.495,708.0,256.636,675.0,256.636,data,paragraph
246,714.0,243.495,792.0,243.495,792.0,256.636,714.0,256.636,acquisition,paragraph
247,798.0,243.495,860.0,243.495,860.0,256.636,798.0,256.636,location,,paragraph
248,866.0,243.495,898.0,243.495,898.0,256.636,866.0,256.636,with,paragraph
249,88.0,246.58700000000002,113.0,246.58700000000002,113.0,260.50100000000003,88.0,260.50100000000003,ﬁle,,paragraph
250,118.0,246.58700000000002,169.0,246.58700000000002,169.0,260.50100000000003,118.0,260.50100000000003,deﬁned,paragraph
251,175.0,246.58700000000002,194.0,246.58700000000002,194.0,260.50100000000003,175.0,260.50100000000003,as:,paragraph
252,508.0,255.09,565.0,255.09,565.0,268.231,508.0,268.231,minimal,paragraph
253,570.0,255.09,601.0,255.09,601.0,268.231,570.0,268.231,data,paragraph
254,607.0,255.09,682.0,255.09,682.0,268.231,607.0,268.231,movement.,paragraph
255,687.0,255.09,751.0,255.09,751.0,268.231,687.0,268.231,However,,paragraph
256,756.0,255.09,771.0,255.09,771.0,268.231,756.0,268.231,as,paragraph
257,776.0,255.09,787.0,255.09,787.0,268.231,776.0,268.231,it,paragraph
258,792.0,255.09,803.0,255.09,803.0,268.231,792.0,268.231,is,paragraph
259,809.0,255.09,834.0,255.09,834.0,268.231,809.0,268.231,still,paragraph
260,840.0,255.09,898.0,255.09,898.0,268.231,840.0,268.231,common,paragraph
261,293.0,266.685,301.0,266.685,301.0,280.599,293.0,280.599,ˆ,equation
262,508.0,266.685,527.0,266.685,527.0,280.599,508.0,280.599,for,paragraph
263,532.0,266.685,622.0,266.685,622.0,280.599,532.0,280.599,international,paragraph
264,628.0,266.685,669.0,266.685,669.0,280.599,628.0,280.599,teams,paragraph
265,674.0,266.685,689.0,266.685,689.0,280.599,674.0,280.599,to,paragraph
266,694.0,266.685,780.0,266.685,780.0,280.599,694.0,280.599,post-process,paragraph
267,786.0,266.685,819.0,266.685,819.0,280.599,786.0,280.599,their,paragraph
268,824.0,266.685,855.0,266.685,855.0,280.599,824.0,280.599,data,paragraph
269,861.0,266.685,878.0,266.685,878.0,280.599,861.0,280.599,on,paragraph
270,883.0,266.685,901.0,266.685,901.0,280.599,883.0,280.599,lo-,paragraph
271,262.0,275.188,270.0,275.188,270.0,288.329,262.0,288.329,ˆ,equation
272,273.0,275.188,286.0,275.188,286.0,288.329,273.0,288.329,=,equation
273,293.0,272.096,298.0,272.096,298.0,282.145,293.0,282.145,t,equation
274,458.0,275.188,478.0,275.188,478.0,288.329,458.0,288.329,(8),equation
275,261.0,279.053,269.0,279.053,269.0,288.329,261.0,288.329,s,equation
276,300.0,279.053,305.0,279.053,305.0,288.329,300.0,288.329,,,equation
277,508.0,278.28,528.0,278.28,528.0,292.194,508.0,292.194,cal,paragraph
278,533.0,278.28,608.0,278.28,608.0,292.194,533.0,292.194,computing,paragraph
279,613.0,278.28,639.0,278.28,639.0,292.194,613.0,292.194,and,paragraph
280,645.0,278.28,758.0,278.28,758.0,292.194,645.0,292.194,supercomputing,paragraph
281,764.0,278.28,833.0,278.28,833.0,292.194,764.0,292.194,resources,,paragraph
282,838.0,278.28,861.0,278.28,861.0,292.194,838.0,292.194,the,paragraph
283,866.0,278.28,898.0,278.28,898.0,292.194,866.0,292.194,need,paragraph
284,293.0,285.237,298.0,285.237,298.0,295.286,293.0,295.286,t,equation
285,508.0,289.875,522.0,289.875,522.0,303.789,508.0,303.789,to,paragraph
286,529.0,289.875,585.0,289.875,585.0,303.789,529.0,303.789,transfer,paragraph
287,591.0,289.875,623.0,289.875,623.0,303.789,591.0,303.789,data,paragraph
288,630.0,289.875,641.0,289.875,641.0,303.789,630.0,303.789,is,paragraph
289,647.0,289.875,704.0,289.875,704.0,303.789,647.0,303.789,unlikely,paragraph
290,710.0,289.875,725.0,289.875,725.0,303.789,710.0,303.789,to,paragraph
291,731.0,289.875,748.0,289.875,748.0,303.789,731.0,303.789,be,paragraph
292,754.0,289.875,815.0,289.875,815.0,303.789,754.0,303.789,removed,paragraph
293,821.0,289.875,899.0,289.875,899.0,303.789,821.0,303.789,completely,paragraph
294,104.0,304.562,171.0,304.562,171.0,318.476,104.0,318.476,Similarly,,paragraph
295,177.0,304.562,195.0,304.562,195.0,318.476,177.0,318.476,we,paragraph
296,201.0,304.562,261.0,304.562,261.0,318.476,201.0,318.476,estimate,paragraph
297,266.0,304.562,289.0,304.562,289.0,318.476,266.0,318.476,the,paragraph
298,294.0,304.562,333.0,304.562,333.0,318.476,294.0,318.476,saved,paragraph
299,338.0,304.562,428.0,304.562,428.0,318.476,338.0,318.476,transmission,paragraph
300,433.0,304.562,465.0,304.562,465.0,318.476,433.0,318.476,time,paragraph
301,472.0,302.243,480.0,302.243,480.0,316.157,472.0,316.157,ˆ,paragraph
302,508.0,301.47,525.0,301.47,525.0,315.38399999999996,508.0,315.38399999999996,on,paragraph
303,531.0,301.47,568.0,301.47,568.0,315.38399999999996,531.0,315.38399999999996,short,paragraph
304,573.0,301.47,649.0,301.47,649.0,315.38399999999996,573.0,315.38399999999996,time-scale.,paragraph
305,655.0,301.47,670.0,301.47,670.0,315.38399999999996,655.0,315.38399999999996,In,paragraph
306,675.0,301.47,702.0,301.47,702.0,315.38399999999996,675.0,315.38399999999996,this,paragraph
307,708.0,301.47,765.0,301.47,765.0,315.38399999999996,708.0,315.38399999999996,context,,paragraph
308,771.0,301.47,805.0,301.47,805.0,315.38399999999996,771.0,315.38399999999996,lossy,paragraph
309,811.0,301.47,898.0,301.47,898.0,315.38399999999996,811.0,315.38399999999996,compression,paragraph
310,470.0,308.427,478.0,308.427,478.0,318.476,470.0,318.476,θ,paragraph
311,508.0,313.065,565.0,313.065,565.0,326.979,508.0,326.979,provides,paragraph
312,570.0,313.065,608.0,313.065,608.0,326.979,570.0,326.979,faster,paragraph
313,613.0,313.065,644.0,313.065,644.0,326.979,613.0,326.979,data,paragraph
314,648.0,313.065,702.0,313.065,702.0,326.979,648.0,326.979,transfer,paragraph
315,706.0,313.065,720.0,313.065,720.0,326.979,706.0,326.979,to,paragraph
316,724.0,313.065,776.0,313.065,776.0,326.979,724.0,326.979,execute,paragraph
317,780.0,313.065,828.0,313.065,828.0,326.979,780.0,326.979,science,paragraph
318,833.0,313.065,898.0,313.065,898.0,326.979,833.0,326.979,otherwise,paragraph
319,86.0,316.157,105.0,316.157,105.0,330.07099999999997,86.0,330.07099999999997,(s),paragraph
320,110.0,316.157,130.0,316.157,130.0,330.07099999999997,110.0,330.07099999999997,for,paragraph
321,135.0,316.157,162.0,316.157,162.0,330.07099999999997,135.0,330.07099999999997,this,paragraph
322,167.0,316.157,192.0,316.157,192.0,330.07099999999997,167.0,330.07099999999997,ﬁle:,paragraph
323,508.0,324.65999999999997,532.0,324.65999999999997,532.0,338.574,508.0,338.574,not,paragraph
324,537.0,324.65999999999997,594.0,324.65999999999997,594.0,338.574,537.0,338.574,possible,paragraph
325,599.0,324.65999999999997,613.0,324.65999999999997,613.0,338.574,599.0,338.574,in,paragraph
326,618.0,324.65999999999997,645.0,324.65999999999997,645.0,338.574,618.0,338.574,fast,paragraph
327,650.0,324.65999999999997,710.0,324.65999999999997,710.0,338.574,650.0,338.574,targeted,paragraph
328,715.0,324.65999999999997,798.0,324.65999999999997,798.0,338.574,715.0,338.574,time-scales,,paragraph
329,804.0,324.65999999999997,870.0,324.65999999999997,870.0,338.574,804.0,338.574,including,paragraph
330,875.0,324.65999999999997,898.0,324.65999999999997,898.0,338.574,875.0,338.574,the,paragraph
331,251.0,337.801,260.0,337.801,260.0,351.71500000000003,251.0,351.71500000000003,ˆ,equation
332,263.0,340.12,275.0,340.12,275.0,354.034,263.0,354.034,=,equation
333,280.0,337.028,302.0,337.028,302.0,354.034,280.0,354.034,ˆ−,equation
334,458.0,340.12,478.0,340.12,478.0,354.034,458.0,354.034,(9),equation
335,508.0,336.255,539.0,336.255,539.0,350.169,508.0,350.169,near,paragraph
336,546.0,336.255,610.0,336.255,610.0,350.169,546.0,350.169,real-time,paragraph
337,617.0,336.255,649.0,336.255,649.0,350.169,617.0,350.169,data,paragraph
338,656.0,336.255,730.0,336.255,730.0,350.169,656.0,350.169,processing,paragraph
339,737.0,336.255,796.0,336.255,796.0,350.169,737.0,350.169,required,paragraph
340,803.0,336.255,823.0,336.255,823.0,350.169,803.0,350.169,for,paragraph
341,829.0,336.255,852.0,336.255,852.0,350.169,829.0,350.169,the,paragraph
342,859.0,336.255,899.0,336.255,899.0,350.169,859.0,350.169,DWF,paragraph
343,250.0,344.758,258.0,344.758,258.0,354.034,250.0,354.034,θ,equation
344,280.0,344.758,286.0,344.758,286.0,354.034,280.0,354.034,t,equation
345,306.0,344.758,316.0,344.758,316.0,354.034,306.0,354.034,t.,equation
346,508.0,347.85,557.0,347.85,557.0,361.764,508.0,361.764,survey.,paragraph
347,524.0,360.218,567.0,360.218,567.0,374.132,524.0,374.132,While,paragraph
348,574.0,360.218,597.0,360.218,597.0,374.132,574.0,374.132,the,paragraph
349,603.0,360.218,663.0,360.218,663.0,374.132,603.0,374.132,addition,paragraph
350,670.0,360.218,683.0,360.218,683.0,374.132,670.0,374.132,of,paragraph
351,690.0,360.218,725.0,360.218,725.0,374.132,690.0,374.132,lossy,paragraph
352,731.0,360.218,819.0,360.218,819.0,374.132,731.0,374.132,compression,paragraph
353,826.0,360.218,841.0,360.218,841.0,374.132,826.0,374.132,to,paragraph
354,847.0,360.218,870.0,360.218,870.0,374.132,847.0,374.132,the,paragraph
355,877.0,360.218,901.0,360.218,901.0,374.132,877.0,374.132,sci-,paragraph
356,104.0,370.267,149.0,370.267,149.0,384.181,104.0,384.181,Figure,paragraph
357,155.0,370.267,163.0,370.267,163.0,384.181,155.0,384.181,9,paragraph
358,168.0,370.267,209.0,370.267,209.0,384.181,168.0,384.181,shows,paragraph
359,214.0,370.267,236.0,370.267,236.0,384.181,214.0,384.181,the,paragraph
360,242.0,370.267,279.0,370.267,279.0,384.181,242.0,384.181,mean,paragraph
361,284.0,370.267,352.0,370.267,352.0,384.181,284.0,384.181,estimated,paragraph
362,358.0,370.267,419.0,370.267,419.0,384.181,358.0,384.181,speed-up,paragraph
363,425.0,370.267,465.0,370.267,465.0,384.181,425.0,384.181,factor,paragraph
364,471.0,370.267,480.0,370.267,480.0,384.181,471.0,384.181,sˆ,paragraph
365,508.0,371.813,539.0,371.813,539.0,385.727,508.0,385.727,ence,paragraph
366,546.0,371.813,603.0,371.813,603.0,385.727,546.0,385.727,pipeline,paragraph
367,610.0,371.813,624.0,371.813,624.0,385.727,610.0,385.727,of,paragraph
368,631.0,371.813,671.0,371.813,671.0,385.727,631.0,385.727,DWF,paragraph
369,678.0,371.813,753.0,371.813,753.0,385.727,678.0,385.727,introduces,paragraph
370,760.0,371.813,778.0,371.813,778.0,385.727,760.0,385.727,an,paragraph
371,785.0,371.813,858.0,371.813,858.0,385.727,785.0,385.727,additional,paragraph
372,865.0,371.813,898.0,371.813,898.0,385.727,865.0,385.727,need,paragraph
373,88.0,381.862,114.0,381.862,114.0,395.776,88.0,395.776,and,paragraph
374,119.0,381.862,149.0,381.862,149.0,395.776,119.0,395.776,95%,paragraph
375,154.0,381.862,227.0,381.862,227.0,395.776,154.0,395.776,conﬁdence,paragraph
376,233.0,381.862,286.0,381.862,286.0,395.776,233.0,395.776,interval,paragraph
377,291.0,381.862,362.0,381.862,362.0,395.776,291.0,395.776,(Equation,paragraph
378,367.0,381.862,382.0,381.862,382.0,395.776,367.0,395.776,5),paragraph
379,387.0,381.862,402.0,381.862,402.0,395.776,387.0,395.776,as,paragraph
380,407.0,381.862,415.0,381.862,415.0,395.776,407.0,395.776,a,paragraph
381,420.0,381.862,478.0,381.862,478.0,395.776,420.0,395.776,function,paragraph
382,508.0,383.408,528.0,383.408,528.0,397.322,508.0,397.322,for,paragraph
383,534.0,383.408,564.0,383.408,564.0,397.322,534.0,397.322,care,paragraph
384,570.0,383.408,588.0,383.408,588.0,397.322,570.0,397.322,by,paragraph
385,594.0,383.408,617.0,383.408,617.0,397.322,594.0,397.322,the,paragraph
386,624.0,383.408,665.0,383.408,665.0,397.322,624.0,397.322,team,,paragraph
387,671.0,383.408,694.0,383.408,694.0,397.322,671.0,397.322,the,paragraph
388,701.0,383.408,767.0,383.408,767.0,397.322,701.0,397.322,discovery,paragraph
389,774.0,383.408,787.0,383.408,787.0,397.322,774.0,397.322,of,paragraph
390,794.0,383.408,859.0,383.408,859.0,397.322,794.0,397.322,potential,paragraph
391,865.0,383.408,901.0,383.408,901.0,397.322,865.0,397.322,tran-,paragraph
392,88.0,393.457,101.0,393.457,101.0,407.37100000000004,88.0,407.37100000000004,of,paragraph
393,106.0,393.457,193.0,393.457,193.0,407.37100000000004,106.0,407.37100000000004,compression,paragraph
394,198.0,393.457,236.0,393.457,236.0,407.37100000000004,198.0,407.37100000000004,ratio.,paragraph
395,242.0,393.457,270.0,393.457,270.0,407.37100000000004,242.0,407.37100000000004,The,paragraph
396,275.0,393.457,341.0,393.457,341.0,407.37100000000004,275.0,407.37100000000004,summary,paragraph
397,346.0,393.457,360.0,393.457,360.0,407.37100000000004,346.0,407.37100000000004,of,paragraph
398,365.0,393.457,411.0,393.457,411.0,407.37100000000004,365.0,407.37100000000004,results,paragraph
399,417.0,393.457,478.0,393.457,478.0,407.37100000000004,417.0,407.37100000000004,obtained,paragraph
400,508.0,395.003,553.0,395.003,553.0,408.91700000000003,508.0,408.91700000000003,sients,,paragraph
401,561.0,395.003,627.0,395.003,627.0,408.91700000000003,561.0,408.91700000000003,including,paragraph
402,635.0,395.003,708.0,395.003,708.0,408.91700000000003,635.0,408.91700000000003,supernova,paragraph
403,716.0,395.003,756.0,395.003,756.0,408.91700000000003,716.0,408.91700000000003,shock,paragraph
404,764.0,395.003,839.0,395.003,839.0,408.91700000000003,764.0,408.91700000000003,breakouts,,paragraph
405,847.0,395.003,898.0,395.003,898.0,408.91700000000003,847.0,408.91700000000003,oﬀ-axis,paragraph
406,88.0,405.052,133.0,405.052,133.0,418.966,88.0,418.966,during,paragraph
407,139.0,405.052,161.0,405.052,161.0,418.966,139.0,418.966,the,paragraph
408,166.0,405.052,187.0,405.052,187.0,418.966,166.0,418.966,O2,paragraph
409,192.0,405.052,218.0,405.052,218.0,418.966,192.0,418.966,and,paragraph
410,224.0,405.052,244.0,405.052,244.0,418.966,224.0,418.966,O3,paragraph
411,249.0,405.052,280.0,405.052,280.0,418.966,249.0,418.966,runs,paragraph
412,285.0,405.052,307.0,405.052,307.0,418.966,285.0,418.966,are,paragraph
413,312.0,405.052,355.0,405.052,355.0,418.966,312.0,418.966,shown,paragraph
414,361.0,405.052,374.0,405.052,374.0,418.966,361.0,418.966,in,paragraph
415,380.0,405.052,418.0,405.052,418.0,418.966,380.0,418.966,Table,paragraph
416,424.0,405.052,436.0,405.052,436.0,418.966,424.0,418.966,2.,paragraph
417,442.0,405.052,478.0,405.052,478.0,418.966,442.0,418.966,From,paragraph
418,508.0,406.598,556.0,406.598,556.0,420.51200000000006,508.0,420.51200000000006,GRBs,,paragraph
419,561.0,406.598,652.0,406.598,652.0,420.51200000000006,561.0,420.51200000000006,counterparts,paragraph
420,658.0,406.598,672.0,406.598,672.0,420.51200000000006,658.0,420.51200000000006,to,paragraph
421,678.0,406.598,719.0,406.598,719.0,420.51200000000006,678.0,420.51200000000006,FRBs,paragraph
422,725.0,406.598,751.0,406.598,751.0,420.51200000000006,725.0,420.51200000000006,and,paragraph
423,757.0,406.598,849.0,406.598,849.0,420.51200000000006,757.0,420.51200000000006,gravitational,paragraph
424,854.0,406.598,901.0,406.598,901.0,420.51200000000006,854.0,420.51200000000006,waves,,paragraph
425,88.0,416.64700000000005,123.0,416.64700000000005,123.0,430.56100000000004,88.0,430.56100000000004,these,paragraph
426,128.0,416.64700000000005,178.0,416.64700000000005,178.0,430.56100000000004,128.0,430.56100000000004,results,,paragraph
427,183.0,416.64700000000005,202.0,416.64700000000005,202.0,430.56100000000004,183.0,430.56100000000004,we,paragraph
428,207.0,416.64700000000005,237.0,416.64700000000005,237.0,430.56100000000004,207.0,430.56100000000004,note,paragraph
429,242.0,416.64700000000005,250.0,416.64700000000005,250.0,430.56100000000004,242.0,430.56100000000004,a,paragraph
430,255.0,416.64700000000005,294.0,416.64700000000005,294.0,430.56100000000004,255.0,430.56100000000004,linear,paragraph
431,299.0,416.64700000000005,352.0,416.64700000000005,352.0,430.56100000000004,299.0,430.56100000000004,relation,paragraph
432,358.0,416.64700000000005,414.0,416.64700000000005,414.0,430.56100000000004,358.0,430.56100000000004,between,paragraph
433,419.0,416.64700000000005,481.0,416.64700000000005,481.0,430.56100000000004,419.0,430.56100000000004,compres-,paragraph
434,508.0,418.19300000000004,534.0,418.19300000000004,534.0,432.107,508.0,432.107,and,paragraph
435,540.0,418.19300000000004,577.0,418.19300000000004,577.0,432.107,540.0,432.107,other,paragraph
436,583.0,418.19300000000004,627.0,418.19300000000004,627.0,432.107,583.0,432.107,highly,paragraph
437,633.0,418.19300000000004,719.0,418.19300000000004,719.0,432.107,633.0,432.107,sought-after,paragraph
438,724.0,418.19300000000004,780.0,418.19300000000004,780.0,432.107,724.0,432.107,sources,,paragraph
439,786.0,418.19300000000004,824.0,418.19300000000004,824.0,432.107,786.0,432.107,along,paragraph
440,830.0,418.19300000000004,862.0,418.19300000000004,862.0,432.107,830.0,432.107,with,paragraph
441,867.0,418.19300000000004,898.0,418.19300000000004,898.0,432.107,867.0,432.107,ﬂare,paragraph
442,88.0,428.242,116.0,428.242,116.0,442.15599999999995,88.0,442.15599999999995,sion,paragraph
443,123.0,428.242,157.0,428.242,157.0,442.15599999999995,123.0,442.15599999999995,ratio,paragraph
444,164.0,428.242,191.0,428.242,191.0,442.15599999999995,164.0,442.15599999999995,and,paragraph
445,197.0,428.242,220.0,428.242,220.0,442.15599999999995,197.0,442.15599999999995,the,paragraph
446,227.0,428.242,297.0,428.242,297.0,442.15599999999995,227.0,442.15599999999995,estimated,paragraph
447,304.0,428.242,368.0,428.242,368.0,442.15599999999995,304.0,442.15599999999995,speed-up,paragraph
448,375.0,428.242,421.0,428.242,421.0,442.15599999999995,375.0,442.15599999999995,factor.,paragraph
449,428.0,428.242,478.0,428.242,478.0,442.15599999999995,428.0,442.15599999999995,During,paragraph
450,508.0,429.788,547.0,429.788,547.0,443.70199999999994,508.0,443.70199999999994,stars,,paragraph
451,553.0,429.788,636.0,429.788,636.0,443.70199999999994,553.0,443.70199999999994,cataclysmic,paragraph
452,643.0,429.788,711.0,429.788,711.0,443.70199999999994,643.0,443.70199999999994,variables,,paragraph
453,717.0,429.788,754.0,429.788,754.0,443.70199999999994,717.0,443.70199999999994,x-ray,paragraph
454,760.0,429.788,821.0,429.788,821.0,443.70199999999994,760.0,443.70199999999994,binaries,,paragraph
455,828.0,429.788,858.0,429.788,858.0,443.70199999999994,828.0,443.70199999999994,etc.,,paragraph
456,864.0,429.788,901.0,429.788,901.0,443.70199999999994,864.0,443.70199999999994,high-,paragraph
457,88.0,439.837,111.0,439.837,111.0,453.751,88.0,453.751,the,paragraph
458,117.0,439.837,143.0,439.837,143.0,453.751,117.0,453.751,two,paragraph
459,150.0,439.837,233.0,439.837,233.0,453.751,150.0,453.751,observation,paragraph
460,239.0,439.837,271.0,439.837,271.0,453.751,239.0,453.751,runs,paragraph
461,277.0,439.837,346.0,439.837,346.0,453.751,277.0,453.751,evaluated,paragraph
462,353.0,439.837,381.0,439.837,381.0,453.751,353.0,453.751,(O2,paragraph
463,387.0,439.837,414.0,439.837,414.0,453.751,387.0,453.751,and,paragraph
464,421.0,439.837,453.0,439.837,453.0,453.751,421.0,453.751,O3),,paragraph
465,460.0,439.837,478.0,439.837,478.0,453.751,460.0,453.751,we,paragraph
466,508.0,441.383,540.0,441.383,540.0,455.29699999999997,508.0,455.29699999999997,light,paragraph
467,546.0,441.383,564.0,441.383,564.0,455.29699999999997,546.0,455.29699999999997,its,paragraph
468,570.0,441.383,616.0,441.383,616.0,455.29699999999997,570.0,455.29699999999997,ability,paragraph
469,621.0,441.383,636.0,441.383,636.0,455.29699999999997,621.0,455.29699999999997,to,paragraph
470,642.0,441.383,713.0,441.383,713.0,455.29699999999997,642.0,455.29699999999997,accelerate,paragraph
471,719.0,441.383,785.0,441.383,785.0,455.29699999999997,719.0,455.29699999999997,discovery,paragraph
472,791.0,441.383,805.0,441.383,805.0,455.29699999999997,791.0,455.29699999999997,in,paragraph
473,811.0,441.383,898.0,441.383,898.0,455.29699999999997,811.0,455.29699999999997,time-critical,paragraph
474,88.0,452.205,148.0,452.205,148.0,465.346,88.0,465.346,obtained,paragraph
475,153.0,452.205,161.0,452.205,161.0,465.346,153.0,465.346,a,paragraph
476,166.0,452.205,203.0,452.205,203.0,465.346,166.0,465.346,mean,paragraph
477,208.0,452.205,292.0,452.205,292.0,465.346,208.0,465.346,compression,paragraph
478,297.0,452.205,330.0,452.205,330.0,465.346,297.0,465.346,ratio,paragraph
479,335.0,452.205,348.0,452.205,348.0,465.346,335.0,465.346,of,paragraph
480,353.0,452.205,381.0,452.205,381.0,465.346,353.0,465.346,13:1,paragraph
481,386.0,452.205,450.0,452.205,450.0,465.346,386.0,465.346,(targeted,paragraph
482,455.0,452.205,481.0,452.205,481.0,465.346,455.0,465.346,’on-,paragraph
483,508.0,453.751,576.0,453.751,576.0,466.892,508.0,466.892,scenarios.,paragraph
484,88.0,463.79999999999995,137.0,463.79999999999995,137.0,476.941,88.0,476.941,the-ﬂy’,paragraph
485,142.0,463.79999999999995,159.0,463.79999999999995,159.0,476.941,142.0,476.941,by,paragraph
486,165.0,463.79999999999995,187.0,463.79999999999995,187.0,476.941,165.0,476.941,the,paragraph
487,192.0,463.79999999999995,238.0,463.79999999999995,238.0,476.941,192.0,476.941,team),,paragraph
488,243.0,463.79999999999995,283.0,463.79999999999995,283.0,476.941,243.0,476.941,which,paragraph
489,289.0,463.79999999999995,349.0,463.79999999999995,349.0,476.941,289.0,476.941,provided,paragraph
490,355.0,463.79999999999995,363.0,463.79999999999995,363.0,476.941,355.0,476.941,a,paragraph
491,368.0,463.79999999999995,405.0,463.79999999999995,405.0,476.941,368.0,476.941,mean,paragraph
492,411.0,463.79999999999995,478.0,463.79999999999995,478.0,476.941,411.0,476.941,estimated,paragraph
493,524.0,465.346,543.0,465.346,543.0,479.26,524.0,479.26,As,paragraph
494,548.0,465.346,571.0,465.346,571.0,479.26,548.0,479.26,the,paragraph
495,577.0,465.346,613.0,465.346,613.0,479.26,577.0,479.26,steps,paragraph
496,618.0,465.346,677.0,465.346,677.0,479.26,618.0,479.26,between,paragraph
497,682.0,465.346,714.0,465.346,714.0,479.26,682.0,479.26,data,paragraph
498,720.0,465.346,797.0,465.346,797.0,479.26,720.0,479.26,acquisition,paragraph
499,803.0,465.346,829.0,465.346,829.0,479.26,803.0,479.26,and,paragraph
500,835.0,465.346,899.0,465.346,899.0,479.26,835.0,479.26,transient,paragraph
501,88.0,475.395,151.0,475.395,151.0,489.309,88.0,489.309,speed-up,paragraph
502,157.0,475.395,199.0,475.395,199.0,489.309,157.0,489.309,factor,paragraph
503,204.0,475.395,217.0,475.395,217.0,489.309,204.0,489.309,of,paragraph
504,223.0,475.395,260.0,475.395,260.0,489.309,223.0,489.309,13.04,paragraph
505,266.0,475.395,282.0,475.395,282.0,489.309,266.0,489.309,—,paragraph
506,288.0,475.395,360.0,475.395,360.0,489.309,288.0,489.309,equivalent,paragraph
507,366.0,475.395,380.0,475.395,380.0,489.309,366.0,489.309,to,paragraph
508,386.0,475.395,403.0,475.395,403.0,489.309,386.0,489.309,an,paragraph
509,409.0,475.395,478.0,475.395,478.0,489.309,409.0,489.309,estimated,paragraph
510,508.0,476.941,599.0,476.941,599.0,490.855,508.0,490.855,conﬁrmation,paragraph
511,604.0,476.941,626.0,476.941,626.0,490.855,604.0,490.855,are,paragraph
512,632.0,476.941,706.0,476.941,706.0,490.855,632.0,490.855,dependent,paragraph
513,712.0,476.941,729.0,476.941,729.0,490.855,712.0,490.855,on,paragraph
514,735.0,476.941,760.0,476.941,760.0,490.855,735.0,490.855,one,paragraph
515,765.0,476.941,825.0,476.941,825.0,490.855,765.0,490.855,another,,paragraph
516,830.0,476.941,853.0,476.941,853.0,490.855,830.0,490.855,the,paragraph
517,859.0,476.941,901.0,476.941,901.0,490.855,859.0,490.855,trans-,paragraph
518,87.0,486.99,124.0,486.99,124.0,500.904,87.0,500.904,14.60,paragraph
519,129.0,486.99,185.0,486.99,185.0,500.904,129.0,500.904,minutes,paragraph
520,191.0,486.99,229.0,486.99,229.0,500.904,191.0,500.904,saved,paragraph
521,235.0,486.99,258.0,486.99,258.0,500.904,235.0,500.904,per,paragraph
522,263.0,486.99,284.0,486.99,284.0,500.904,263.0,500.904,ﬁle,paragraph
523,289.0,486.99,349.0,486.99,349.0,500.904,289.0,500.904,transfer.,paragraph
524,508.0,488.536,526.0,488.536,526.0,502.45000000000005,508.0,502.45000000000005,fer,paragraph
525,532.0,488.536,564.0,488.536,564.0,502.45000000000005,532.0,502.45000000000005,time,paragraph
526,569.0,488.536,632.0,488.536,632.0,502.45000000000005,569.0,502.45000000000005,speed-up,paragraph
527,638.0,488.536,679.0,488.536,679.0,502.45000000000005,638.0,502.45000000000005,factor,paragraph
528,685.0,488.536,746.0,488.536,746.0,502.45000000000005,685.0,502.45000000000005,provided,paragraph
529,752.0,488.536,769.0,488.536,769.0,502.45000000000005,752.0,502.45000000000005,by,paragraph
530,775.0,488.536,806.0,488.536,806.0,502.45000000000005,775.0,502.45000000000005,data,paragraph
531,812.0,488.536,898.0,488.536,898.0,502.45000000000005,812.0,502.45000000000005,compression,paragraph
532,88.0,498.58500000000004,123.0,498.58500000000004,123.0,512.499,88.0,512.499,4.2.2,section
533,131.0,498.58500000000004,222.0,498.58500000000004,222.0,512.499,131.0,512.499,Compression,section
534,228.0,498.58500000000004,254.0,498.58500000000004,254.0,512.499,228.0,512.499,and,section
535,259.0,498.58500000000004,360.0,498.58500000000004,360.0,512.499,259.0,512.499,decompression,section
536,366.0,498.58500000000004,397.0,498.58500000000004,397.0,512.499,366.0,512.499,time,section
537,508.0,500.13100000000003,560.0,500.13100000000003,560.0,514.0450000000001,508.0,514.0450000000001,reduces,paragraph
538,566.0,500.13100000000003,588.0,500.13100000000003,588.0,514.0450000000001,566.0,514.0450000000001,the,paragraph
539,594.0,500.13100000000003,640.0,500.13100000000003,640.0,514.0450000000001,594.0,514.0450000000001,overall,paragraph
540,646.0,500.13100000000003,677.0,500.13100000000003,677.0,514.0450000000001,646.0,514.0450000000001,time,paragraph
541,683.0,500.13100000000003,726.0,500.13100000000003,726.0,514.0450000000001,683.0,514.0450000000001,before,paragraph
542,732.0,500.13100000000003,740.0,500.13100000000003,740.0,514.0450000000001,732.0,514.0450000000001,a,paragraph
543,745.0,500.13100000000003,793.0,500.13100000000003,793.0,514.0450000000001,745.0,514.0450000000001,trigger,paragraph
544,798.0,500.13100000000003,822.0,500.13100000000003,822.0,514.0450000000001,798.0,514.0450000000001,can,paragraph
545,828.0,500.13100000000003,845.0,500.13100000000003,845.0,514.0450000000001,828.0,514.0450000000001,be,paragraph
546,850.0,500.13100000000003,879.0,500.13100000000003,879.0,514.0450000000001,850.0,514.0450000000001,sent,paragraph
547,884.0,500.13100000000003,898.0,500.13100000000003,898.0,514.0450000000001,884.0,514.0450000000001,to,paragraph
548,104.0,512.499,127.0,512.499,127.0,526.413,104.0,526.413,We,paragraph
549,133.0,512.499,160.0,512.499,160.0,526.413,133.0,526.413,also,paragraph
550,166.0,512.499,228.0,512.499,228.0,526.413,166.0,526.413,recorded,paragraph
551,233.0,512.499,256.0,512.499,256.0,526.413,233.0,526.413,the,paragraph
552,261.0,512.499,294.0,512.499,294.0,526.413,261.0,526.413,time,paragraph
553,299.0,512.499,359.0,512.499,359.0,526.413,299.0,526.413,required,paragraph
554,364.0,512.499,379.0,512.499,379.0,526.413,364.0,526.413,to,paragraph
555,384.0,512.499,450.0,512.499,450.0,526.413,384.0,526.413,compress,paragraph
556,455.0,512.499,478.0,512.499,478.0,526.413,455.0,526.413,the,paragraph
557,508.0,511.726,545.0,511.726,545.0,525.64,508.0,525.64,other,paragraph
558,551.0,511.726,649.0,511.726,649.0,525.64,551.0,525.64,observatories.,paragraph
559,654.0,511.726,708.0,511.726,708.0,525.64,654.0,525.64,Further,paragraph
560,714.0,511.726,802.0,511.726,802.0,525.64,714.0,525.64,comparative,paragraph
561,807.0,511.726,898.0,511.726,898.0,525.64,807.0,525.64,investigation,paragraph
562,88.0,524.094,120.0,524.094,120.0,538.0079999999999,88.0,538.0079999999999,data,paragraph
563,125.0,524.094,140.0,524.094,140.0,538.0079999999999,125.0,538.0079999999999,at,paragraph
564,145.0,524.094,187.0,524.094,187.0,538.0079999999999,145.0,538.0079999999999,CTIO,paragraph
565,193.0,524.094,239.0,524.094,239.0,538.0079999999999,193.0,538.0079999999999,during,paragraph
566,245.0,524.094,278.0,524.094,278.0,538.0079999999999,245.0,538.0079999999999,both,paragraph
567,283.0,524.094,319.0,524.094,319.0,538.0079999999999,283.0,538.0079999999999,runs.,paragraph
568,324.0,524.094,416.0,524.094,416.0,538.0079999999999,324.0,538.0079999999999,Compression,paragraph
569,421.0,524.094,447.0,524.094,447.0,538.0079999999999,421.0,538.0079999999999,was,paragraph
570,452.0,524.094,481.0,524.094,481.0,538.0079999999999,452.0,538.0079999999999,per-,paragraph
571,508.0,523.321,521.0,523.321,521.0,537.235,508.0,537.235,of,paragraph
572,526.0,523.321,549.0,523.321,549.0,537.235,526.0,537.235,the,paragraph
573,554.0,523.321,605.0,523.321,605.0,537.235,554.0,537.235,process,paragraph
574,611.0,523.321,624.0,523.321,624.0,537.235,611.0,537.235,of,paragraph
575,629.0,523.321,692.0,523.321,692.0,537.235,629.0,537.235,transient,paragraph
576,697.0,523.321,746.0,523.321,746.0,537.235,697.0,537.235,ﬁnding,paragraph
577,751.0,523.321,768.0,523.321,768.0,537.235,751.0,537.235,—,paragraph
578,773.0,523.321,847.0,523.321,847.0,537.235,773.0,537.235,comparing,paragraph
579,852.0,523.321,898.0,523.321,898.0,537.235,852.0,537.235,results,paragraph
580,88.0,535.689,138.0,535.689,138.0,549.603,88.0,549.603,formed,paragraph
581,144.0,535.689,162.0,535.689,162.0,549.603,144.0,549.603,on,paragraph
582,168.0,535.689,191.0,535.689,191.0,549.603,168.0,549.603,the,paragraph
583,197.0,535.689,257.0,535.689,257.0,549.603,197.0,549.603,observer,paragraph
584,263.0,535.689,331.0,535.689,331.0,549.603,263.0,549.603,computer,paragraph
585,337.0,535.689,352.0,535.689,352.0,549.603,337.0,549.603,at,paragraph
586,358.0,535.689,405.0,535.689,405.0,549.603,358.0,549.603,CTIO.,paragraph
587,411.0,535.689,440.0,535.689,440.0,549.603,411.0,549.603,The,paragraph
588,446.0,535.689,481.0,535.689,481.0,549.603,446.0,549.603,com-,paragraph
589,508.0,535.689,568.0,535.689,568.0,548.8299999999999,508.0,548.8299999999999,obtained,paragraph
590,574.0,535.689,605.0,535.689,605.0,548.8299999999999,574.0,548.8299999999999,with,paragraph
591,611.0,535.689,636.0,535.689,636.0,548.8299999999999,611.0,548.8299999999999,and,paragraph
592,642.0,535.689,696.0,535.689,696.0,548.8299999999999,642.0,548.8299999999999,without,paragraph
593,702.0,535.689,735.0,535.689,735.0,548.8299999999999,702.0,548.8299999999999,lossy,paragraph
594,741.0,535.689,826.0,535.689,826.0,548.8299999999999,741.0,548.8299999999999,compression,paragraph
595,831.0,535.689,847.0,535.689,847.0,548.8299999999999,831.0,548.8299999999999,—,paragraph
596,853.0,535.689,898.0,535.689,898.0,548.8299999999999,853.0,548.8299999999999,should,paragraph
597,88.0,547.284,127.0,547.284,127.0,561.198,88.0,561.198,puter,paragraph
598,133.0,547.284,192.0,547.284,192.0,561.198,133.0,561.198,includes,paragraph
599,198.0,547.284,216.0,547.284,216.0,561.198,198.0,561.198,an,paragraph
600,223.0,547.284,266.0,547.284,266.0,561.198,223.0,561.198,ASUS,paragraph
601,273.0,547.284,334.0,547.284,334.0,561.198,273.0,561.198,P6X58D,paragraph
602,341.0,547.284,377.0,547.284,377.0,561.198,341.0,561.198,LGA,paragraph
603,384.0,547.284,417.0,547.284,417.0,561.198,384.0,561.198,1366,paragraph
604,424.0,547.284,481.0,547.284,481.0,561.198,424.0,561.198,mother-,paragraph
605,508.0,547.284,560.0,547.284,560.0,560.425,508.0,560.425,provide,paragraph
606,566.0,547.284,620.0,547.284,620.0,560.425,566.0,560.425,insights,paragraph
607,625.0,547.284,642.0,547.284,642.0,560.425,625.0,560.425,on,paragraph
608,648.0,547.284,670.0,547.284,670.0,560.425,648.0,560.425,the,paragraph
609,676.0,547.284,738.0,547.284,738.0,560.425,676.0,560.425,necessity,paragraph
610,744.0,547.284,757.0,547.284,757.0,560.425,744.0,560.425,of,paragraph
611,762.0,547.284,799.0,547.284,799.0,560.425,762.0,560.425,using,paragraph
612,805.0,547.284,831.0,547.284,831.0,560.425,805.0,560.425,raw,paragraph
613,836.0,547.284,872.0,547.284,872.0,560.425,836.0,560.425,data.,paragraph
614,88.0,558.879,130.0,558.879,130.0,572.793,88.0,572.793,board,paragraph
615,136.0,558.879,169.0,558.879,169.0,572.793,136.0,572.793,with,paragraph
616,175.0,558.879,192.0,558.879,192.0,572.793,175.0,572.793,24,paragraph
617,199.0,558.879,223.0,558.879,223.0,572.793,199.0,572.793,GB,paragraph
618,230.0,558.879,244.0,558.879,244.0,572.793,230.0,572.793,of,paragraph
619,250.0,558.879,296.0,558.879,296.0,572.793,250.0,572.793,DDR3,paragraph
620,303.0,558.879,336.0,558.879,336.0,572.793,303.0,572.793,1600,paragraph
621,343.0,558.879,405.0,558.879,405.0,572.793,343.0,572.793,memory,,paragraph
622,411.0,558.879,429.0,558.879,429.0,572.793,411.0,572.793,an,paragraph
623,435.0,558.879,479.0,558.879,479.0,572.793,435.0,572.793,i7-950,paragraph
624,524.0,558.879,573.0,558.879,573.0,572.793,524.0,572.793,During,paragraph
625,579.0,558.879,603.0,558.879,603.0,572.793,579.0,572.793,run,paragraph
626,608.0,558.879,629.0,558.879,629.0,572.793,608.0,572.793,O2,paragraph
627,634.0,558.879,661.0,558.879,661.0,572.793,634.0,572.793,and,paragraph
628,666.0,558.879,691.0,558.879,691.0,572.793,666.0,572.793,O3,,paragraph
629,697.0,558.879,717.0,558.879,717.0,572.793,697.0,572.793,ﬁle,paragraph
630,723.0,558.879,777.0,558.879,777.0,572.793,723.0,572.793,transfer,paragraph
631,783.0,558.879,797.0,558.879,797.0,572.793,783.0,572.793,to,paragraph
632,802.0,558.879,867.0,558.879,867.0,572.793,802.0,572.793,Australia,paragraph
633,873.0,558.879,898.0,558.879,898.0,572.793,873.0,572.793,was,paragraph
634,88.0,570.474,123.0,570.474,123.0,584.388,88.0,584.388,quad,paragraph
635,128.0,570.474,158.0,570.474,158.0,584.388,128.0,584.388,core,paragraph
636,163.0,570.474,230.0,570.474,230.0,584.388,163.0,584.388,processor,paragraph
637,235.0,570.474,249.0,570.474,249.0,584.388,235.0,584.388,in,paragraph
638,254.0,570.474,277.0,570.474,277.0,584.388,254.0,584.388,the,paragraph
639,282.0,570.474,318.0,570.474,318.0,584.388,282.0,584.388,LGA,paragraph
640,323.0,570.474,356.0,570.474,356.0,584.388,323.0,584.388,1366,paragraph
641,362.0,570.474,395.0,570.474,395.0,584.388,362.0,584.388,form,paragraph
642,400.0,570.474,447.0,570.474,447.0,584.388,400.0,584.388,factor,,paragraph
643,452.0,570.474,478.0,570.474,478.0,584.388,452.0,584.388,and,paragraph
644,508.0,570.474,546.0,570.474,546.0,584.388,508.0,584.388,faster,paragraph
645,551.0,570.474,583.0,570.474,583.0,584.388,551.0,584.388,than,paragraph
646,587.0,570.474,609.0,570.474,609.0,584.388,587.0,584.388,the,paragraph
647,614.0,570.474,641.0,570.474,641.0,584.388,614.0,584.388,rate,paragraph
648,645.0,570.474,659.0,570.474,659.0,584.388,645.0,584.388,in,paragraph
649,663.0,570.474,703.0,570.474,703.0,584.388,663.0,584.388,which,paragraph
650,708.0,570.474,730.0,570.474,730.0,584.388,708.0,584.388,the,paragraph
651,734.0,570.474,765.0,570.474,765.0,584.388,734.0,584.388,data,paragraph
652,770.0,570.474,807.0,570.474,807.0,584.388,770.0,584.388,could,paragraph
653,811.0,570.474,828.0,570.474,828.0,584.388,811.0,584.388,be,paragraph
654,832.0,570.474,898.0,570.474,898.0,584.388,832.0,584.388,processed,paragraph
655,87.0,582.842,96.0,582.842,96.0,595.9830000000001,87.0,595.9830000000001,3,paragraph
656,102.0,582.842,126.0,582.842,126.0,595.9830000000001,102.0,595.9830000000001,TB,paragraph
657,133.0,582.842,146.0,582.842,146.0,595.9830000000001,133.0,595.9830000000001,of,paragraph
658,152.0,582.842,186.0,582.842,186.0,595.9830000000001,152.0,595.9830000000001,hard,paragraph
659,192.0,582.842,221.0,582.842,221.0,595.9830000000001,192.0,595.9830000000001,disk,paragraph
660,228.0,582.842,264.0,582.842,264.0,595.9830000000001,228.0,595.9830000000001,drive,paragraph
661,271.0,582.842,321.0,582.842,321.0,595.9830000000001,271.0,595.9830000000001,(HDD),paragraph
662,328.0,582.842,348.0,582.842,348.0,595.9830000000001,328.0,595.9830000000001,for,paragraph
663,354.0,582.842,411.0,582.842,411.0,595.9830000000001,354.0,595.9830000000001,storage.,paragraph
664,417.0,582.842,440.0,582.842,440.0,595.9830000000001,417.0,595.9830000000001,We,paragraph
665,447.0,582.842,478.0,582.842,478.0,595.9830000000001,447.0,595.9830000000001,note,paragraph
666,508.0,582.069,545.0,582.069,545.0,595.9830000000001,508.0,595.9830000000001,using,paragraph
667,550.0,582.069,573.0,582.069,573.0,595.9830000000001,550.0,595.9830000000001,the,paragraph
668,578.0,582.069,628.0,582.069,628.0,595.9830000000001,578.0,595.9830000000001,version,paragraph
669,633.0,582.069,646.0,582.069,646.0,595.9830000000001,633.0,595.9830000000001,of,paragraph
670,652.0,582.069,674.0,582.069,674.0,595.9830000000001,652.0,595.9830000000001,the,paragraph
671,680.0,582.069,746.0,582.069,746.0,595.9830000000001,680.0,595.9830000000001,reduction,paragraph
672,752.0,582.069,807.0,582.069,807.0,595.9830000000001,752.0,595.9830000000001,pipeline,paragraph
673,812.0,582.069,844.0,582.069,844.0,595.9830000000001,812.0,595.9830000000001,used,paragraph
674,849.0,582.069,864.0,582.069,864.0,595.9830000000001,849.0,595.9830000000001,at,paragraph
675,869.0,582.069,899.0,582.069,899.0,595.9830000000001,869.0,595.9830000000001,that,paragraph
676,88.0,594.437,117.0,594.437,117.0,607.578,88.0,607.578,that,paragraph
677,122.0,594.437,207.0,594.437,207.0,607.578,122.0,607.578,compression,paragraph
678,212.0,594.437,223.0,594.437,223.0,607.578,212.0,607.578,is,paragraph
679,229.0,594.437,258.0,594.437,258.0,607.578,229.0,607.578,only,paragraph
680,264.0,594.437,288.0,594.437,288.0,607.578,264.0,607.578,one,paragraph
681,293.0,594.437,306.0,594.437,306.0,607.578,293.0,607.578,of,paragraph
682,311.0,594.437,350.0,594.437,350.0,607.578,311.0,607.578,many,paragraph
683,355.0,594.437,419.0,594.437,419.0,607.578,355.0,607.578,processes,paragraph
684,424.0,594.437,478.0,594.437,478.0,607.578,424.0,607.578,running,paragraph
685,508.0,593.664,543.0,593.664,543.0,607.578,508.0,607.578,time.,paragraph
686,549.0,593.664,595.0,593.664,595.0,607.578,549.0,607.578,Hence,,paragraph
687,601.0,593.664,623.0,593.664,623.0,607.578,601.0,607.578,the,paragraph
688,628.0,593.664,713.0,593.664,713.0,607.578,628.0,607.578,compression,paragraph
689,718.0,593.664,751.0,593.664,751.0,607.578,718.0,607.578,ratio,paragraph
690,757.0,593.664,782.0,593.664,782.0,607.578,757.0,607.578,was,paragraph
691,788.0,593.664,852.0,593.664,852.0,607.578,788.0,607.578,manually,paragraph
692,857.0,593.664,877.0,593.664,877.0,607.578,857.0,607.578,set,paragraph
693,882.0,593.664,899.0,593.664,899.0,607.578,882.0,607.578,by,paragraph
694,88.0,606.032,105.0,606.032,105.0,619.946,88.0,619.946,on,paragraph
695,112.0,606.032,136.0,606.032,136.0,619.946,112.0,619.946,the,paragraph
696,143.0,606.032,203.0,606.032,203.0,619.946,143.0,619.946,observer,paragraph
697,210.0,606.032,278.0,606.032,278.0,619.946,210.0,619.946,computer,paragraph
698,286.0,606.032,302.0,606.032,302.0,619.946,286.0,619.946,—,paragraph
699,309.0,606.032,352.0,606.032,352.0,619.946,309.0,619.946,where,paragraph
700,359.0,606.032,370.0,606.032,370.0,619.946,359.0,619.946,it,paragraph
701,377.0,606.032,388.0,606.032,388.0,619.946,377.0,619.946,is,paragraph
702,396.0,606.032,456.0,606.032,456.0,619.946,396.0,619.946,common,paragraph
703,464.0,606.032,478.0,606.032,478.0,619.946,464.0,619.946,to,paragraph
704,508.0,605.259,516.0,605.259,516.0,619.173,508.0,619.173,a,paragraph
705,521.0,605.259,579.0,605.259,579.0,619.173,521.0,619.173,member,paragraph
706,584.0,605.259,597.0,605.259,597.0,619.173,584.0,619.173,of,paragraph
707,603.0,605.259,626.0,605.259,626.0,619.173,603.0,619.173,the,paragraph
708,631.0,605.259,714.0,605.259,714.0,619.173,631.0,619.173,observatory,paragraph
709,720.0,605.259,755.0,605.259,755.0,619.173,720.0,619.173,team,paragraph
710,760.0,605.259,775.0,605.259,775.0,619.173,760.0,619.173,at,paragraph
711,780.0,605.259,827.0,605.259,827.0,619.173,780.0,619.173,CTIO,,paragraph
712,833.0,605.259,870.0,605.259,870.0,619.173,833.0,619.173,using,paragraph
713,876.0,605.259,898.0,605.259,898.0,619.173,876.0,619.173,the,paragraph
714,88.0,617.6270000000001,120.0,617.6270000000001,120.0,631.5409999999999,88.0,631.5409999999999,have,paragraph
715,127.0,617.6270000000001,187.0,617.6270000000001,187.0,631.5409999999999,127.0,631.5409999999999,multiple,paragraph
716,194.0,617.6270000000001,251.0,617.6270000000001,251.0,631.5409999999999,194.0,631.5409999999999,internet,paragraph
717,257.0,617.6270000000001,313.0,617.6270000000001,313.0,631.5409999999999,257.0,631.5409999999999,browser,paragraph
718,320.0,617.6270000000001,382.0,617.6270000000001,382.0,631.5409999999999,320.0,631.5409999999999,windows,paragraph
719,389.0,617.6270000000001,440.0,617.6270000000001,440.0,631.5409999999999,389.0,631.5409999999999,opened,paragraph
720,447.0,617.6270000000001,478.0,617.6270000000001,478.0,631.5409999999999,447.0,631.5409999999999,onto,paragraph
721,506.0,617.6270000000001,545.0,617.6270000000001,545.0,630.7679999999999,506.0,630.7679999999999,Qstep,paragraph
722,551.0,617.6270000000001,622.0,617.6270000000001,622.0,630.7679999999999,551.0,630.7679999999999,parameter,paragraph
723,627.0,617.6270000000001,641.0,617.6270000000001,641.0,630.7679999999999,627.0,630.7679999999999,in,paragraph
724,646.0,617.6270000000001,682.0,617.6270000000001,682.0,630.7679999999999,646.0,630.7679999999999,order,paragraph
725,688.0,617.6270000000001,702.0,617.6270000000001,702.0,630.7679999999999,688.0,630.7679999999999,to,paragraph
726,708.0,617.6270000000001,763.0,617.6270000000001,763.0,630.7679999999999,708.0,630.7679999999999,regulate,paragraph
727,769.0,617.6270000000001,823.0,617.6270000000001,823.0,630.7679999999999,769.0,630.7679999999999,transfer,paragraph
728,828.0,617.6270000000001,864.0,617.6270000000001,864.0,630.7679999999999,828.0,630.7679999999999,time.,paragraph
729,869.0,617.6270000000001,901.0,617.6270000000001,901.0,630.7679999999999,869.0,630.7679999999999,Reg-,paragraph
730,88.0,629.222,134.0,629.222,134.0,643.136,88.0,643.136,SISPI7,paragraph
731,140.0,629.222,169.0,629.222,169.0,643.136,140.0,643.136,(the,paragraph
732,174.0,629.222,229.0,629.222,229.0,643.136,174.0,643.136,DECam,paragraph
733,235.0,629.222,302.0,629.222,302.0,643.136,235.0,643.136,software),,paragraph
734,307.0,629.222,362.0,629.222,362.0,643.136,307.0,643.136,weather,paragraph
735,367.0,629.222,426.0,629.222,426.0,643.136,367.0,643.136,stations,,paragraph
736,431.0,629.222,460.0,629.222,460.0,643.136,431.0,643.136,etc.,,paragraph
737,465.0,629.222,478.0,629.222,478.0,643.136,465.0,643.136,in,paragraph
738,508.0,629.222,556.0,629.222,556.0,642.3629999999999,508.0,642.3629999999999,ulation,paragraph
739,561.0,629.222,634.0,629.222,634.0,642.3629999999999,561.0,642.3629999999999,considered,paragraph
740,639.0,629.222,689.0,629.222,689.0,642.3629999999999,639.0,642.3629999999999,current,paragraph
741,694.0,629.222,758.0,629.222,758.0,642.3629999999999,694.0,642.3629999999999,empirical,paragraph
742,763.0,629.222,818.0,629.222,818.0,642.3629999999999,763.0,642.3629999999999,internet,paragraph
743,823.0,629.222,868.0,629.222,868.0,642.3629999999999,823.0,642.3629999999999,speeds,paragraph
744,873.0,629.222,898.0,629.222,898.0,642.3629999999999,873.0,642.3629999999999,and,paragraph
745,88.0,640.817,145.0,640.817,145.0,654.731,88.0,654.731,addition,paragraph
746,150.0,640.817,165.0,640.817,165.0,654.731,150.0,654.731,to,paragraph
747,170.0,640.817,195.0,640.817,195.0,654.731,170.0,654.731,any,paragraph
748,200.0,640.817,236.0,640.817,236.0,654.731,200.0,654.731,other,paragraph
749,241.0,640.817,298.0,640.817,298.0,654.731,241.0,654.731,software,paragraph
750,304.0,640.817,335.0,640.817,335.0,654.731,304.0,654.731,used,paragraph
751,340.0,640.817,357.0,640.817,357.0,654.731,340.0,654.731,by,paragraph
752,362.0,640.817,384.0,640.817,384.0,654.731,362.0,654.731,the,paragraph
753,389.0,640.817,451.0,640.817,451.0,654.731,389.0,654.731,observer.,paragraph
754,456.0,640.817,478.0,640.817,478.0,654.731,456.0,654.731,We,paragraph
755,508.0,640.817,540.0,640.817,540.0,654.731,508.0,654.731,data,paragraph
756,546.0,640.817,621.0,640.817,621.0,654.731,546.0,654.731,processing,paragraph
757,627.0,640.817,670.0,640.817,670.0,654.731,627.0,654.731,status,paragraph
758,676.0,640.817,690.0,640.817,690.0,654.731,676.0,654.731,in,paragraph
759,696.0,640.817,768.0,640.817,768.0,654.731,696.0,654.731,Australia.,paragraph
760,774.0,640.817,817.0,640.817,817.0,654.731,774.0,654.731,Doing,paragraph
761,823.0,640.817,842.0,640.817,842.0,654.731,823.0,654.731,so,,paragraph
762,848.0,640.817,898.0,640.817,898.0,654.731,848.0,654.731,creates,paragraph
763,88.0,652.412,134.0,652.412,134.0,666.326,88.0,666.326,obtain,paragraph
764,139.0,652.412,147.0,652.412,147.0,666.326,139.0,666.326,a,paragraph
765,153.0,652.412,196.0,652.412,196.0,666.326,153.0,666.326,mean,,paragraph
766,201.0,652.412,258.0,652.412,258.0,666.326,201.0,666.326,median,,paragraph
767,264.0,652.412,332.0,652.412,332.0,666.326,264.0,666.326,minimum,paragraph
768,337.0,652.412,364.0,652.412,364.0,666.326,337.0,666.326,and,paragraph
769,369.0,652.412,441.0,652.412,441.0,666.326,369.0,666.326,maximum,paragraph
770,446.0,652.412,481.0,652.412,481.0,666.326,446.0,666.326,com-,paragraph
771,508.0,652.412,540.0,652.412,540.0,666.326,508.0,666.326,data,paragraph
772,546.0,652.412,578.0,652.412,578.0,666.326,546.0,666.326,with,paragraph
773,583.0,652.412,607.0,652.412,607.0,666.326,583.0,666.326,the,paragraph
774,612.0,652.412,664.0,652.412,664.0,666.326,612.0,666.326,highest,paragraph
775,670.0,652.412,712.0,652.412,712.0,666.326,670.0,666.326,visual,paragraph
776,717.0,652.412,767.0,652.412,767.0,666.326,717.0,666.326,quality,paragraph
777,773.0,652.412,788.0,652.412,788.0,666.326,773.0,666.326,as,paragraph
778,793.0,652.412,855.0,652.412,855.0,666.326,793.0,666.326,possible,,paragraph
779,861.0,652.412,898.0,652.412,898.0,666.326,861.0,666.326,while,paragraph
780,88.0,664.007,146.0,664.007,146.0,677.921,88.0,677.921,pression,paragraph
781,152.0,664.007,184.0,664.007,184.0,677.921,152.0,677.921,time,paragraph
782,190.0,664.007,203.0,664.007,203.0,677.921,190.0,677.921,of,paragraph
783,209.0,664.007,251.0,664.007,251.0,677.921,209.0,677.921,42.49,,paragraph
784,257.0,664.007,299.0,664.007,299.0,677.921,257.0,677.921,37.75,,paragraph
785,305.0,664.007,342.0,664.007,342.0,677.921,305.0,677.921,33.27,paragraph
786,348.0,664.007,375.0,664.007,375.0,677.921,348.0,677.921,and,paragraph
787,380.0,664.007,418.0,664.007,418.0,677.921,380.0,677.921,84.81,paragraph
788,424.0,664.007,478.0,664.007,478.0,677.921,424.0,677.921,seconds,paragraph
789,508.0,664.007,576.0,664.007,576.0,677.921,508.0,677.921,providing,paragraph
790,582.0,664.007,605.0,664.007,605.0,677.921,582.0,677.921,the,paragraph
791,611.0,664.007,679.0,664.007,679.0,677.921,611.0,677.921,necessary,paragraph
792,685.0,664.007,711.0,664.007,711.0,677.921,685.0,677.921,fast,paragraph
793,717.0,664.007,773.0,664.007,773.0,677.921,717.0,677.921,transfer,paragraph
794,779.0,664.007,815.0,664.007,815.0,677.921,779.0,677.921,time.,paragraph
795,821.0,664.007,872.0,664.007,872.0,677.921,821.0,677.921,During,paragraph
796,878.0,664.007,899.0,664.007,899.0,677.921,878.0,677.921,O2,paragraph
797,801.0,672.51,814.0,672.51,814.0,689.516,801.0,689.516,∼,paragraph
798,88.0,675.602,174.0,675.602,174.0,689.516,88.0,689.516,respectively,,paragraph
799,180.0,675.602,211.0,675.602,211.0,689.516,180.0,689.516,with,paragraph
800,217.0,675.602,225.0,675.602,225.0,689.516,217.0,689.516,a,paragraph
801,230.0,675.602,293.0,675.602,293.0,689.516,230.0,689.516,standard,paragraph
802,298.0,675.602,364.0,675.602,364.0,689.516,298.0,689.516,deviation,paragraph
803,369.0,675.602,382.0,675.602,382.0,689.516,369.0,689.516,of,paragraph
804,388.0,675.602,417.0,675.602,417.0,689.516,388.0,689.516,9.95,paragraph
805,422.0,675.602,480.0,675.602,480.0,689.516,422.0,689.516,seconds.,paragraph
806,508.0,675.602,533.0,675.602,533.0,689.516,508.0,689.516,and,paragraph
807,538.0,675.602,563.0,675.602,563.0,689.516,538.0,689.516,O3,,paragraph
808,568.0,675.602,591.0,675.602,591.0,689.516,568.0,689.516,the,paragraph
809,596.0,675.602,630.0,675.602,630.0,689.516,596.0,689.516,team,paragraph
810,635.0,675.602,677.0,675.602,677.0,689.516,635.0,689.516,aimed,paragraph
811,682.0,675.602,701.0,675.602,701.0,689.516,682.0,689.516,for,paragraph
812,706.0,675.602,760.0,675.602,760.0,689.516,706.0,689.516,transfer,paragraph
813,765.0,675.602,796.0,675.602,796.0,689.516,765.0,689.516,time,paragraph
814,814.0,675.602,838.0,675.602,838.0,689.516,814.0,689.516,1–2,paragraph
815,843.0,675.602,902.0,675.602,902.0,689.516,843.0,689.516,minutes.,paragraph
816,653.0,684.105,665.0,684.105,665.0,701.111,653.0,701.111,≤,paragraph
817,104.0,687.97,208.0,687.97,208.0,701.111,104.0,701.111,Decompression,paragraph
818,212.0,687.97,222.0,687.97,222.0,701.111,212.0,701.111,is,paragraph
819,226.0,687.97,297.0,687.97,297.0,701.111,226.0,701.111,performed,paragraph
820,301.0,687.97,318.0,687.97,318.0,701.111,301.0,701.111,on,paragraph
821,322.0,687.97,344.0,687.97,344.0,701.111,322.0,701.111,the,paragraph
822,348.0,687.97,390.0,687.97,390.0,701.111,348.0,701.111,Green,paragraph
823,394.0,687.97,406.0,687.97,406.0,701.111,394.0,701.111,II,paragraph
824,410.0,687.97,481.0,687.97,481.0,701.111,410.0,701.111,supercom-,paragraph
825,507.0,687.197,519.0,687.197,519.0,701.111,507.0,701.111,A,paragraph
826,525.0,687.197,609.0,687.197,609.0,701.111,525.0,701.111,compression,paragraph
827,614.0,687.197,647.0,687.197,647.0,701.111,614.0,701.111,ratio,paragraph
828,671.0,687.197,699.0,687.197,699.0,701.111,671.0,701.111,20:1,paragraph
829,705.0,687.197,730.0,687.197,730.0,701.111,705.0,701.111,was,paragraph
830,735.0,687.197,782.0,687.197,782.0,701.111,735.0,701.111,judged,paragraph
831,787.0,687.197,801.0,687.197,801.0,701.111,787.0,701.111,to,paragraph
832,807.0,687.197,823.0,687.197,823.0,701.111,807.0,701.111,be,paragraph
833,829.0,687.197,837.0,687.197,837.0,701.111,829.0,701.111,a,paragraph
834,842.0,687.197,901.0,687.197,901.0,701.111,842.0,701.111,comfort-,paragraph
835,88.0,699.565,131.0,699.565,131.0,713.479,88.0,713.479,puter.,paragraph
836,137.0,699.565,202.0,699.565,202.0,713.479,137.0,713.479,Contrary,paragraph
837,208.0,699.565,222.0,699.565,222.0,713.479,208.0,713.479,to,paragraph
838,228.0,699.565,251.0,699.565,251.0,713.479,228.0,713.479,the,paragraph
839,257.0,699.565,337.0,699.565,337.0,713.479,257.0,713.479,experiment,paragraph
840,343.0,699.565,417.0,699.565,417.0,713.479,343.0,713.479,performed,paragraph
841,422.0,699.565,440.0,699.565,440.0,713.479,422.0,713.479,by,paragraph
842,445.0,699.565,478.0,699.565,478.0,713.479,445.0,713.479,Vohl,paragraph
843,508.0,698.792,537.0,698.792,537.0,712.706,508.0,712.706,able,paragraph
844,542.0,698.792,584.0,698.792,584.0,712.706,542.0,712.706,upper,paragraph
845,590.0,698.792,624.0,698.792,624.0,712.706,590.0,712.706,limit,paragraph
846,629.0,698.792,649.0,698.792,649.0,712.706,629.0,712.706,for,paragraph
847,654.0,698.792,710.0,698.792,710.0,712.706,654.0,712.706,transfer,paragraph
848,715.0,698.792,752.0,698.792,752.0,712.706,715.0,712.706,time,,paragraph
849,757.0,698.792,784.0,698.792,784.0,712.706,757.0,712.706,and,paragraph
850,789.0,698.792,798.0,698.792,798.0,712.706,789.0,712.706,a,paragraph
851,803.0,698.792,830.0,698.792,830.0,712.706,803.0,712.706,safe,paragraph
852,836.0,698.792,879.0,698.792,879.0,712.706,836.0,712.706,choice,paragraph
853,885.0,698.792,898.0,698.792,898.0,712.706,885.0,712.706,in,paragraph
854,106.0,718.89,466.0,718.89,466.0,730.485,106.0,730.485,7https://des.mps.ohio-state.edu/Tools/sispi_main.htm,paragraph
855,526.0,718.89,571.0,718.89,571.0,730.485,526.0,730.485,8Lustre,footer
856,575.0,719.663,598.0,719.663,598.0,730.485,575.0,730.485,File,footer
857,602.0,719.663,649.0,719.663,649.0,730.485,602.0,730.485,System,,footer
858,653.0,719.663,696.0,719.663,696.0,730.485,653.0,730.485,[online],footer
859,701.0,719.663,758.0,719.663,758.0,730.485,701.0,730.485,Available:,footer
860,763.0,719.663,898.0,719.663,898.0,730.485,763.0,730.485,http://www.lustre.org.,footer
861,276.0,214.121,313.0,214.121,313.0,214.121,276.0,214.121,##LTLine##,equation
862,293.0,284.464,298.0,284.464,298.0,284.464,293.0,284.464,##LTLine##,equation
863,88.0,719.663,244.0,719.663,244.0,719.663,88.0,719.663,##LTLine##,paragraph
864,508.0,719.663,664.0,719.663,664.0,719.663,508.0,719.663,##LTLine##,paragraph
