0,915.0,25.509,921.0,25.509,921.0,34.012,915.0,34.012,4,paragraph
1,78.0,39.422999999999995,152.0,39.422999999999995,152.0,51.018,78.0,51.018,Algorithm,paragraph
2,157.0,39.422999999999995,165.0,39.422999999999995,165.0,51.018,157.0,51.018,1,paragraph
3,169.0,39.422999999999995,237.0,39.422999999999995,237.0,51.018,169.0,51.018,GL1-SVD,caption
4,241.0,39.422999999999995,256.0,39.422999999999995,256.0,51.018,241.0,51.018,or,caption
5,260.0,39.422999999999995,332.0,39.422999999999995,332.0,51.018,260.0,51.018,SVD(GL1,,caption
6,336.0,39.422999999999995,373.0,39.422999999999995,373.0,51.018,336.0,51.018,GL1),caption
7,509.0,40.969,544.0,40.969,544.0,51.791000000000004,509.0,51.791000000000004,2.2.2,section
8,559.0,40.969,620.0,40.969,620.0,51.791000000000004,559.0,51.791000000000004,Learning,section
9,624.0,42.515,634.0,42.515,634.0,51.791000000000004,624.0,51.791000000000004,v,section
10,218.0,49.472,229.0,49.472,229.0,66.478,218.0,66.478,∈,paragraph
11,234.0,52.56400000000001,245.0,52.56400000000001,245.0,64.932,234.0,64.932,R,paragraph
12,251.0,51.018,262.0,51.018,262.0,62.613,251.0,62.613,×,paragraph
13,78.0,55.656,139.0,55.656,139.0,67.25099999999999,78.0,67.25099999999999,Require:,paragraph
14,146.0,55.656,193.0,55.656,193.0,67.25099999999999,146.0,67.25099999999999,Matrix,paragraph
15,197.0,57.202,212.0,57.202,212.0,66.478,197.0,66.478,X,paragraph
16,245.0,55.656,251.0,55.656,251.0,62.613,245.0,62.613,p,paragraph
17,262.0,55.656,274.0,55.656,274.0,67.25099999999999,262.0,67.25099999999999,n,,paragraph
18,279.0,57.202,288.0,57.202,288.0,66.478,279.0,66.478,λ,paragraph
19,301.0,55.656,327.0,55.656,327.0,67.25099999999999,301.0,67.25099999999999,and,paragraph
20,332.0,57.202,341.0,57.202,341.0,66.478,332.0,66.478,λ,paragraph
21,349.0,55.656,353.0,55.656,353.0,67.25099999999999,349.0,67.25099999999999,;,paragraph
22,357.0,55.656,402.0,55.656,402.0,67.25099999999999,357.0,67.25099999999999,Group,paragraph
23,406.0,55.656,488.0,55.656,488.0,67.25099999999999,406.0,67.25099999999999,information,paragraph
24,533.0,56.428999999999995,547.0,56.428999999999995,547.0,67.25099999999999,533.0,67.25099999999999,In,paragraph
25,555.0,56.428999999999995,576.0,56.428999999999995,576.0,67.25099999999999,555.0,67.25099999999999,the,paragraph
26,584.0,56.428999999999995,619.0,56.428999999999995,619.0,67.25099999999999,584.0,67.25099999999999,same,paragraph
27,627.0,56.428999999999995,683.0,56.428999999999995,683.0,67.25099999999999,627.0,67.25099999999999,manner,,paragraph
28,690.0,56.428999999999995,708.0,56.428999999999995,708.0,67.25099999999999,690.0,67.25099999999999,ﬁx,paragraph
29,715.0,57.202,727.0,57.202,727.0,66.478,715.0,66.478,u,paragraph
30,734.0,56.428999999999995,760.0,56.428999999999995,760.0,67.25099999999999,734.0,67.25099999999999,and,paragraph
31,768.0,56.428999999999995,785.0,56.428999999999995,785.0,67.25099999999999,768.0,67.25099999999999,let,paragraph
32,793.0,57.202,802.0,57.202,802.0,66.478,793.0,66.478,z,paragraph
33,819.0,57.202,832.0,57.202,832.0,66.478,819.0,66.478,=,paragraph
34,841.0,55.656,866.0,55.656,866.0,66.478,841.0,66.478,XT,paragraph
35,868.0,56.428999999999995,883.0,56.428999999999995,883.0,67.25099999999999,868.0,67.25099999999999,u,,paragraph
36,891.0,56.428999999999995,921.0,56.428999999999995,921.0,67.25099999999999,891.0,67.25099999999999,thus,paragraph
37,288.0,60.294,296.0,60.294,296.0,67.25099999999999,288.0,67.25099999999999,u,paragraph
38,341.0,60.294,348.0,60.294,348.0,67.25099999999999,341.0,67.25099999999999,v,paragraph
39,802.0,61.067,808.0,61.067,808.0,68.024,802.0,68.024,v,paragraph
40,78.0,67.25099999999999,131.0,67.25099999999999,131.0,78.07300000000001,78.0,78.07300000000001,Ensure:,paragraph
41,139.0,67.25099999999999,154.0,67.25099999999999,154.0,78.84599999999999,139.0,78.84599999999999,u,,paragraph
42,158.0,68.024,167.0,68.024,167.0,78.07300000000001,158.0,78.07300000000001,v,paragraph
43,172.0,67.25099999999999,198.0,67.25099999999999,198.0,78.84599999999999,172.0,78.84599999999999,and,paragraph
44,203.0,68.024,211.0,68.024,211.0,78.07300000000001,203.0,78.07300000000001,d,paragraph
45,509.0,67.25099999999999,567.0,67.25099999999999,567.0,78.84599999999999,509.0,78.84599999999999,problem,paragraph
46,573.0,67.25099999999999,599.0,67.25099999999999,599.0,78.84599999999999,573.0,78.84599999999999,(13),paragraph
47,605.0,67.25099999999999,629.0,67.25099999999999,629.0,78.84599999999999,605.0,78.84599999999999,can,paragraph
48,635.0,67.25099999999999,651.0,67.25099999999999,651.0,78.84599999999999,635.0,78.84599999999999,be,paragraph
49,657.0,67.25099999999999,707.0,67.25099999999999,707.0,78.84599999999999,657.0,78.84599999999999,written,paragraph
50,713.0,67.25099999999999,727.0,67.25099999999999,727.0,78.84599999999999,713.0,78.84599999999999,as,paragraph
51,734.0,67.25099999999999,741.0,67.25099999999999,741.0,78.84599999999999,734.0,78.84599999999999,a,paragraph
52,747.0,67.25099999999999,795.0,67.25099999999999,795.0,78.84599999999999,747.0,78.84599999999999,similar,paragraph
53,801.0,67.25099999999999,883.0,67.25099999999999,883.0,78.84599999999999,801.0,78.84599999999999,subproblem,paragraph
54,890.0,67.25099999999999,921.0,67.25099999999999,921.0,78.84599999999999,890.0,78.84599999999999,with,paragraph
55,219.0,71.889,227.0,71.889,227.0,88.89500000000001,219.0,88.89500000000001,(cid:107),paragraph
56,237.0,71.889,245.0,71.889,245.0,88.89500000000001,237.0,88.89500000000001,(cid:107),paragraph
57,87.0,79.619,97.0,79.619,97.0,89.668,87.0,89.668,1:,paragraph
58,104.0,78.84599999999999,165.0,78.84599999999999,165.0,89.668,104.0,89.668,Initialize,paragraph
59,169.0,79.619,178.0,79.619,178.0,88.89500000000001,169.0,88.89500000000001,v,paragraph
60,183.0,78.84599999999999,215.0,78.84599999999999,215.0,89.668,183.0,89.668,with,paragraph
61,227.0,79.619,236.0,79.619,236.0,88.89500000000001,227.0,88.89500000000001,v,paragraph
62,250.0,79.619,262.0,79.619,262.0,88.89500000000001,250.0,88.89500000000001,=,paragraph
63,267.0,79.619,275.0,79.619,275.0,88.89500000000001,267.0,88.89500000000001,1,paragraph
64,509.0,78.84599999999999,558.0,78.84599999999999,558.0,89.668,509.0,89.668,respect,paragraph
65,562.0,78.84599999999999,576.0,78.84599999999999,576.0,89.668,562.0,89.668,to,paragraph
66,580.0,78.84599999999999,594.0,78.84599999999999,594.0,89.668,580.0,89.668,v:,paragraph
67,87.0,91.214,97.0,91.214,97.0,100.49000000000001,87.0,100.49000000000001,2:,paragraph
68,104.0,89.668,148.0,89.668,148.0,101.263,104.0,101.263,repeat,paragraph
69,657.0,97.398,670.0,97.398,670.0,113.631,657.0,113.631,−,equation
70,808.0,97.398,821.0,97.398,821.0,113.631,808.0,113.631,≤,equation
71,87.0,102.036,97.0,102.036,97.0,112.085,87.0,112.085,3:,paragraph
72,120.0,101.263,142.0,101.263,142.0,112.085,120.0,112.085,Let,paragraph
73,146.0,102.036,155.0,102.036,155.0,111.312,146.0,111.312,z,paragraph
74,160.0,102.036,173.0,102.036,173.0,111.312,160.0,111.312,=,paragraph
75,178.0,102.036,204.0,102.036,204.0,111.312,178.0,111.312,Xv,paragraph
76,584.0,103.58200000000001,649.0,103.58200000000001,649.0,114.404,584.0,114.404,minimize,equation
77,674.0,102.80900000000001,691.0,102.80900000000001,691.0,113.631,674.0,113.631,zT,equation
78,694.0,104.355,708.0,104.355,708.0,113.631,694.0,113.631,v,,equation
79,719.0,103.58200000000001,739.0,103.58200000000001,739.0,114.404,719.0,114.404,s.t.,equation
80,743.0,104.355,755.0,104.355,755.0,113.631,743.0,113.631,Ω,equation
81,781.0,104.355,804.0,104.355,804.0,113.631,781.0,113.631,(v),equation
82,825.0,104.355,834.0,104.355,834.0,113.631,825.0,113.631,k,equation
83,842.0,104.355,846.0,104.355,846.0,113.631,842.0,113.631,.,equation
84,895.0,103.58200000000001,921.0,103.58200000000001,921.0,114.404,895.0,114.404,(16),equation
85,87.0,113.631,97.0,113.631,97.0,122.907,87.0,122.907,4:,paragraph
86,120.0,112.085,141.0,112.085,141.0,123.68,120.0,123.68,for,paragraph
87,145.0,112.85799999999999,150.0,112.85799999999999,150.0,122.907,145.0,122.907,l,paragraph
88,155.0,112.85799999999999,167.0,112.85799999999999,167.0,122.907,155.0,122.907,=,paragraph
89,172.0,112.85799999999999,180.0,112.85799999999999,180.0,122.907,172.0,122.907,1,paragraph
90,184.0,112.085,198.0,112.085,198.0,123.68,184.0,123.68,to,paragraph
91,202.0,112.85799999999999,213.0,112.85799999999999,213.0,122.907,202.0,122.907,L,paragraph
92,218.0,112.085,236.0,112.085,236.0,123.68,218.0,123.68,do,paragraph
93,597.0,108.22000000000001,636.0,108.22000000000001,636.0,119.815,597.0,119.815,(cid:107)u(cid:107)≤1,equation
94,683.0,108.993,689.0,108.993,689.0,115.94999999999999,683.0,115.94999999999999,v,equation
95,755.0,108.22000000000001,780.0,108.22000000000001,780.0,115.17699999999999,755.0,115.17699999999999,GL0,equation
96,834.0,108.22000000000001,840.0,108.22000000000001,840.0,114.404,834.0,114.404,v,equation
97,151.0,117.496,159.0,117.496,159.0,134.50199999999998,151.0,134.50199999999998,(cid:107),paragraph
98,185.0,117.496,193.0,117.496,193.0,134.50199999999998,185.0,134.50199999999998,(cid:107),paragraph
99,205.0,117.496,218.0,117.496,218.0,134.50199999999998,205.0,134.50199999999998,≤,paragraph
100,87.0,125.226,97.0,125.226,97.0,134.50199999999998,87.0,134.50199999999998,5:,paragraph
101,135.0,122.907,147.0,122.907,147.0,134.50199999999998,135.0,134.50199999999998,if,paragraph
102,159.0,122.907,185.0,122.907,185.0,134.50199999999998,159.0,134.50199999999998,u(l),paragraph
103,222.0,124.453,232.0,124.453,232.0,134.50199999999998,222.0,134.50199999999998,λ,paragraph
104,240.0,124.453,252.0,124.453,252.0,134.50199999999998,240.0,134.50199999999998,w,paragraph
105,261.0,122.907,293.0,122.907,293.0,134.50199999999998,261.0,134.50199999999998,then,paragraph
106,193.0,128.318,200.0,128.318,200.0,135.27499999999998,193.0,135.27499999999998,2,paragraph
107,232.0,128.318,240.0,128.318,240.0,135.27499999999998,232.0,135.27499999999998,u,paragraph
108,252.0,128.318,256.0,128.318,256.0,135.27499999999998,252.0,135.27499999999998,l,paragraph
109,87.0,136.048,97.0,136.048,97.0,146.097,87.0,146.097,6:,paragraph
110,151.0,134.50199999999998,176.0,134.50199999999998,176.0,145.324,151.0,145.324,u(l),paragraph
111,182.0,136.048,194.0,136.048,194.0,145.324,182.0,145.324,=,paragraph
112,199.0,136.048,208.0,136.048,208.0,145.324,199.0,145.324,0,paragraph
113,533.0,134.50199999999998,597.0,134.50199999999998,597.0,146.097,533.0,146.097,Similarly,,paragraph
114,601.0,134.50199999999998,641.0,134.50199999999998,641.0,146.097,601.0,146.097,based,paragraph
115,645.0,134.50199999999998,662.0,134.50199999999998,662.0,146.097,645.0,146.097,on,paragraph
116,666.0,134.50199999999998,727.0,134.50199999999998,727.0,146.097,666.0,146.097,Theorem,paragraph
117,731.0,134.50199999999998,743.0,134.50199999999998,743.0,146.097,731.0,146.097,1,,paragraph
118,747.0,134.50199999999998,767.0,134.50199999999998,767.0,146.097,747.0,146.097,we,paragraph
119,771.0,134.50199999999998,794.0,134.50199999999998,794.0,146.097,771.0,146.097,can,paragraph
120,798.0,134.50199999999998,842.0,134.50199999999998,842.0,146.097,798.0,146.097,obtain,paragraph
121,846.0,134.50199999999998,867.0,134.50199999999998,867.0,146.097,846.0,146.097,the,paragraph
122,871.0,134.50199999999998,921.0,134.50199999999998,921.0,146.097,871.0,146.097,estima-,paragraph
123,596.0,140.686,605.0,140.686,605.0,152.281,596.0,152.281,P,paragraph
124,87.0,147.643,97.0,147.643,97.0,156.919,87.0,156.919,7:,paragraph
125,135.0,146.097,163.0,146.097,163.0,156.919,135.0,156.919,else,paragraph
126,242.0,150.735,254.0,150.735,254.0,167.74099999999999,242.0,167.74099999999999,−,paragraph
127,509.0,147.643,529.0,147.643,529.0,159.238,509.0,159.238,tor,paragraph
128,533.0,147.643,547.0,147.643,547.0,159.238,533.0,159.238,of,paragraph
129,551.0,148.416,561.0,148.416,561.0,158.465,551.0,158.465,v,paragraph
130,565.0,147.643,580.0,147.643,580.0,159.238,565.0,159.238,as,paragraph
131,586.0,149.189,602.0,149.189,602.0,160.784,586.0,160.784,(cid:107)P,paragraph
132,605.0,145.324,657.0,145.324,657.0,160.784,605.0,160.784,GL0(zv)(cid:107),paragraph
133,665.0,147.643,669.0,147.643,669.0,159.238,665.0,159.238,.,paragraph
134,87.0,158.465,97.0,158.465,97.0,180.109,87.0,180.109,89::,paragraph
135,135.0,156.919,178.0,156.919,178.0,180.109,135.0,180.109,enud(il)f,paragraph
136,182.0,158.465,194.0,158.465,194.0,167.74099999999999,182.0,167.74099999999999,=,paragraph
137,199.0,156.919,238.0,156.919,238.0,167.74099999999999,199.0,167.74099999999999,z(l)(1,paragraph
138,260.0,156.919,291.0,156.919,291.0,171.606,260.0,171.606,(cid:107)λzulw(cid:107)2l,paragraph
139,294.0,158.465,300.0,158.465,300.0,167.74099999999999,294.0,167.74099999999999,),paragraph
140,509.0,160.011,544.0,160.011,544.0,170.833,509.0,170.833,2.2.3,section
141,559.0,153.827,698.0,153.827,698.0,172.379,559.0,172.379,GL0-SGVLD0(zAvl)go2rithm,section
142,533.0,175.471,582.0,175.471,582.0,186.293,533.0,186.293,Finally,,paragraph
143,587.0,175.471,608.0,175.471,608.0,186.293,587.0,186.293,we,paragraph
144,613.0,175.471,668.0,175.471,668.0,186.293,613.0,186.293,propose,paragraph
145,673.0,175.471,690.0,175.471,690.0,186.293,673.0,186.293,an,paragraph
146,695.0,175.471,770.0,175.471,770.0,186.293,695.0,186.293,alternating,paragraph
147,774.0,175.471,831.0,175.471,831.0,186.293,774.0,186.293,iterative,paragraph
148,836.0,175.471,889.0,175.471,889.0,186.293,836.0,186.293,method,paragraph
149,894.0,175.471,921.0,175.471,921.0,186.293,894.0,186.293,(Al-,paragraph
150,80.0,181.655,97.0,181.655,97.0,190.931,80.0,190.931,10:,paragraph
151,120.0,180.109,147.0,180.109,147.0,191.704,120.0,191.704,end,paragraph
152,151.0,180.109,172.0,180.109,172.0,191.704,151.0,191.704,for,paragraph
153,509.0,186.293,565.0,186.293,565.0,197.888,509.0,197.888,gorithm,paragraph
154,569.0,186.293,582.0,186.293,582.0,197.888,569.0,197.888,2),paragraph
155,587.0,186.293,600.0,186.293,600.0,197.888,587.0,197.888,to,paragraph
156,605.0,186.293,640.0,186.293,640.0,197.888,605.0,197.888,solve,paragraph
157,645.0,186.293,666.0,186.293,666.0,197.888,645.0,197.888,the,paragraph
158,671.0,186.293,759.0,186.293,759.0,197.888,671.0,197.888,optimization,paragraph
159,763.0,186.293,821.0,186.293,821.0,197.888,763.0,197.888,problem,paragraph
160,826.0,186.293,856.0,186.293,856.0,197.888,826.0,197.888,(13).,paragraph
161,860.0,186.293,886.0,186.293,886.0,197.888,860.0,197.888,The,paragraph
162,890.0,186.293,921.0,186.293,921.0,197.888,890.0,197.888,time,paragraph
163,80.0,193.25,97.0,193.25,97.0,202.526,80.0,202.526,11:,paragraph
164,120.0,192.477,131.0,192.477,131.0,202.526,120.0,202.526,u,paragraph
165,135.0,192.477,148.0,192.477,148.0,202.526,135.0,202.526,=,paragraph
166,155.0,193.25,161.0,193.25,161.0,204.845,155.0,204.845,(cid:107),paragraph
167,164.0,190.931,177.0,190.931,177.0,204.845,164.0,204.845,u(cid:107),paragraph
168,716.0,191.704,729.0,191.704,729.0,208.71,716.0,208.71,O,paragraph
169,80.0,204.845,97.0,204.845,97.0,214.121,80.0,214.121,12:,paragraph
170,120.0,203.299,141.0,203.299,141.0,214.121,120.0,214.121,for,paragraph
171,145.0,197.888,189.0,197.888,189.0,214.121,145.0,214.121,mu=21,paragraph
172,193.0,203.299,207.0,203.299,207.0,214.894,193.0,214.894,to,paragraph
173,211.0,204.072,227.0,204.072,227.0,214.121,211.0,214.121,M,paragraph
174,233.0,203.299,251.0,203.299,251.0,214.121,233.0,214.121,do,paragraph
175,509.0,197.888,586.0,197.888,586.0,209.483,509.0,209.483,complexity,paragraph
176,591.0,197.888,605.0,197.888,605.0,209.483,591.0,209.483,of,paragraph
177,610.0,197.888,682.0,197.888,682.0,209.483,610.0,209.483,Algorithm,paragraph
178,687.0,197.888,695.0,197.888,695.0,209.483,687.0,209.483,2,paragraph
179,700.0,197.888,711.0,197.888,711.0,209.483,700.0,209.483,is,paragraph
180,729.0,198.661,765.0,198.661,765.0,208.71,729.0,208.71,(Tnp,paragraph
181,769.0,198.661,782.0,198.661,782.0,208.71,769.0,208.71,+,paragraph
182,786.0,197.115,814.0,197.115,814.0,208.71,786.0,208.71,Tn2,paragraph
183,819.0,198.661,832.0,198.661,832.0,208.71,819.0,208.71,+,paragraph
184,836.0,197.115,873.0,197.115,873.0,209.483,836.0,209.483,Tp2),,paragraph
185,878.0,197.888,921.0,197.888,921.0,209.483,878.0,209.483,where,paragraph
186,509.0,210.25600000000003,519.0,210.25600000000003,519.0,219.53199999999998,509.0,219.53199999999998,T,paragraph
187,525.0,208.71,537.0,208.71,537.0,220.30499999999998,525.0,220.30499999999998,is,paragraph
188,541.0,208.71,562.0,208.71,562.0,220.30499999999998,541.0,220.30499999999998,the,paragraph
189,567.0,208.71,621.0,208.71,621.0,220.30499999999998,567.0,220.30499999999998,number,paragraph
190,625.0,208.71,639.0,208.71,639.0,220.30499999999998,625.0,220.30499999999998,of,paragraph
191,643.0,208.71,712.0,208.71,712.0,220.30499999999998,643.0,220.30499999999998,iterations.,paragraph
192,80.0,215.66700000000003,97.0,215.66700000000003,97.0,225.71599999999998,80.0,225.71599999999998,13:,paragraph
193,135.0,214.894,157.0,214.894,157.0,225.71599999999998,135.0,225.71599999999998,Let,paragraph
194,162.0,215.66700000000003,171.0,215.66700000000003,171.0,224.94299999999998,162.0,224.94299999999998,z,paragraph
195,176.0,215.66700000000003,189.0,215.66700000000003,189.0,224.94299999999998,176.0,224.94299999999998,=,paragraph
196,193.0,214.121,217.0,214.121,217.0,224.94299999999998,193.0,224.94299999999998,XT,paragraph
197,220.0,215.66700000000003,231.0,215.66700000000003,231.0,224.94299999999998,220.0,224.94299999999998,u,paragraph
198,151.0,219.53199999999998,159.0,219.53199999999998,159.0,236.53799999999998,151.0,236.53799999999998,(cid:107),paragraph
199,191.0,219.53199999999998,200.0,219.53199999999998,200.0,236.53799999999998,191.0,236.53799999999998,(cid:107),paragraph
200,211.0,219.53199999999998,224.0,219.53199999999998,224.0,236.53799999999998,211.0,236.53799999999998,≤,paragraph
201,80.0,227.262,97.0,227.262,97.0,236.53799999999998,80.0,236.53799999999998,14:,paragraph
202,135.0,225.71599999999998,147.0,225.71599999999998,147.0,237.311,135.0,237.311,if,paragraph
203,159.0,225.71599999999998,191.0,225.71599999999998,191.0,236.53799999999998,159.0,236.53799999999998,v(m),paragraph
204,200.0,230.35399999999998,206.0,230.35399999999998,206.0,237.311,200.0,237.311,2,paragraph
205,229.0,226.48899999999998,269.0,226.48899999999998,269.0,237.311,229.0,237.311,λvwm,paragraph
206,274.0,225.71599999999998,306.0,225.71599999999998,306.0,237.311,274.0,237.311,then,paragraph
207,509.0,228.808,583.0,228.808,583.0,240.403,509.0,240.403,Algorithm,paragraph
208,588.0,228.808,596.0,228.808,596.0,240.403,588.0,240.403,2,paragraph
209,601.0,230.35399999999998,625.0,230.35399999999998,625.0,239.63,601.0,239.63,GL,caption
210,632.0,228.808,668.0,228.808,668.0,240.403,632.0,240.403,-SVD,caption
211,673.0,228.808,687.0,228.808,687.0,240.403,673.0,240.403,or,caption
212,692.0,228.808,752.0,228.808,752.0,240.403,692.0,240.403,SVD(GL,caption
213,759.0,228.808,763.0,228.808,763.0,240.403,759.0,240.403,,,caption
214,768.0,230.35399999999998,792.0,230.35399999999998,792.0,239.63,768.0,239.63,GL,caption
215,799.0,228.808,804.0,228.808,804.0,240.403,799.0,240.403,),caption
216,80.0,238.084,97.0,238.084,97.0,248.133,80.0,248.133,15:,paragraph
217,151.0,236.53799999999998,182.0,236.53799999999998,182.0,247.36,151.0,247.36,v(m),paragraph
218,188.0,238.084,200.0,238.084,200.0,247.36,188.0,247.36,=,paragraph
219,205.0,238.084,214.0,238.084,214.0,247.36,205.0,247.36,0,paragraph
220,625.0,234.219,631.0,234.219,631.0,240.403,625.0,240.403,0,caption
221,650.0,239.63,660.0,239.63,660.0,255.863,650.0,255.863,∈,paragraph
222,665.0,241.949,676.0,241.949,676.0,254.317,665.0,254.317,R,paragraph
223,683.0,240.403,693.0,240.403,693.0,251.99800000000002,683.0,251.99800000000002,×,paragraph
224,752.0,234.219,759.0,234.219,759.0,240.403,752.0,240.403,0,caption
225,792.0,234.219,798.0,234.219,798.0,240.403,792.0,240.403,0,caption
226,80.0,249.679,97.0,249.679,97.0,258.95500000000004,80.0,258.95500000000004,16:,paragraph
227,135.0,248.133,163.0,248.133,163.0,259.728,135.0,259.728,else,paragraph
228,509.0,245.041,570.0,245.041,570.0,256.636,509.0,256.636,Require:,paragraph
229,578.0,245.814,624.0,245.814,624.0,256.636,578.0,256.636,Matrix,paragraph
230,628.0,246.58700000000002,644.0,246.58700000000002,644.0,255.863,628.0,255.863,X,paragraph
231,676.0,245.041,683.0,245.041,683.0,251.99800000000002,676.0,251.99800000000002,p,paragraph
232,693.0,245.041,706.0,245.041,706.0,256.636,693.0,256.636,n,,paragraph
233,710.0,246.58700000000002,726.0,246.58700000000002,726.0,257.409,710.0,257.409,ku,paragraph
234,731.0,245.814,758.0,245.814,758.0,256.636,731.0,256.636,and,paragraph
235,762.0,245.814,782.0,245.814,782.0,257.409,762.0,257.409,kv;,paragraph
236,787.0,245.814,831.0,245.814,831.0,256.636,787.0,256.636,Group,paragraph
237,836.0,245.814,918.0,245.814,918.0,256.636,836.0,256.636,information,paragraph
238,255.0,253.544,268.0,253.544,268.0,270.54999999999995,255.0,270.54999999999995,−,paragraph
239,80.0,261.274,97.0,261.274,97.0,270.54999999999995,80.0,270.54999999999995,17:,paragraph
240,151.0,258.95500000000004,182.0,258.95500000000004,182.0,270.54999999999995,151.0,270.54999999999995,v(m),paragraph
241,188.0,260.50100000000003,200.0,260.50100000000003,200.0,270.54999999999995,188.0,270.54999999999995,=,paragraph
242,205.0,258.95500000000004,252.0,258.95500000000004,252.0,270.54999999999995,205.0,270.54999999999995,z(m)(1,paragraph
243,274.0,258.95500000000004,314.0,258.95500000000004,314.0,273.642,274.0,273.642,(cid:107)λvwm(cid:107),paragraph
244,322.0,260.50100000000003,329.0,260.50100000000003,329.0,270.54999999999995,322.0,270.54999999999995,),paragraph
245,509.0,256.636,562.0,256.636,562.0,268.231,509.0,268.231,Ensure:,paragraph
246,570.0,256.636,585.0,256.636,585.0,268.231,570.0,268.231,u,,paragraph
247,589.0,257.409,599.0,257.409,599.0,267.45799999999997,589.0,267.45799999999997,v,paragraph
248,604.0,256.636,630.0,256.636,630.0,268.231,604.0,268.231,and,paragraph
249,634.0,256.636,647.0,256.636,647.0,268.231,634.0,268.231,d.,paragraph
250,650.0,262.047,659.0,262.047,659.0,279.053,650.0,279.053,(cid:107),paragraph
251,668.0,262.047,677.0,262.047,677.0,279.053,668.0,279.053,(cid:107),paragraph
252,80.0,272.86899999999997,97.0,272.86899999999997,97.0,282.918,80.0,282.918,18:,paragraph
253,135.0,271.323,162.0,271.323,162.0,282.918,135.0,282.918,end,paragraph
254,166.0,271.323,178.0,271.323,178.0,282.918,166.0,282.918,if,paragraph
255,280.0,265.912,307.0,265.912,307.0,273.642,280.0,273.642,z(m),paragraph
256,314.0,269.00399999999996,320.0,269.00399999999996,320.0,273.642,314.0,273.642,2,paragraph
257,518.0,269.777,528.0,269.777,528.0,279.053,518.0,279.053,1:,paragraph
258,536.0,268.231,596.0,268.231,596.0,279.053,536.0,279.053,Initialize,paragraph
259,600.0,269.00399999999996,610.0,269.00399999999996,610.0,279.053,600.0,279.053,v,paragraph
260,615.0,268.231,646.0,268.231,646.0,279.053,615.0,279.053,with,paragraph
261,659.0,269.00399999999996,668.0,269.00399999999996,668.0,279.053,659.0,279.053,v,paragraph
262,681.0,269.00399999999996,694.0,269.00399999999996,694.0,279.053,681.0,279.053,=,paragraph
263,698.0,269.00399999999996,706.0,269.00399999999996,706.0,279.053,698.0,279.053,1,paragraph
264,80.0,284.464,97.0,284.464,97.0,293.74,80.0,293.74,19:,paragraph
265,120.0,282.918,147.0,282.918,147.0,294.513,120.0,294.513,end,paragraph
266,151.0,282.918,172.0,282.918,172.0,294.513,151.0,294.513,for,paragraph
267,518.0,280.599,528.0,280.599,528.0,290.648,518.0,290.648,2:,paragraph
268,536.0,279.053,580.0,279.053,580.0,316.157,536.0,316.157,rep(cid:98)eat,paragraph
269,80.0,295.286,97.0,295.286,97.0,305.33500000000004,80.0,305.33500000000004,20:,paragraph
270,120.0,295.286,129.0,295.286,129.0,304.562,120.0,304.562,v,paragraph
271,134.0,295.286,147.0,295.286,147.0,304.562,134.0,304.562,=,paragraph
272,153.0,296.059,160.0,296.059,160.0,307.654,153.0,307.654,(cid:107),paragraph
273,163.0,293.74,175.0,293.74,175.0,307.654,163.0,307.654,v(cid:107),paragraph
274,518.0,292.194,528.0,292.194,528.0,301.47,518.0,301.47,3:,paragraph
275,551.0,290.648,573.0,290.648,573.0,302.243,551.0,302.243,Let,paragraph
276,578.0,291.421,595.0,291.421,595.0,312.29200000000003,578.0,312.29200000000003,zPu,paragraph
277,597.0,291.421,612.0,291.421,612.0,321.568,597.0,321.568,(cid:98)=,paragraph
278,617.0,291.421,643.0,291.421,643.0,301.47,617.0,301.47,Xv,paragraph
279,80.0,309.20000000000005,97.0,309.20000000000005,97.0,318.476,80.0,318.476,21:,paragraph
280,120.0,308.427,128.0,308.427,128.0,317.703,120.0,317.703,d,paragraph
281,133.0,308.427,146.0,308.427,146.0,317.703,133.0,317.703,=,paragraph
282,150.0,300.697,167.0,300.697,167.0,317.703,150.0,317.703,zTv,paragraph
283,170.0,303.016,180.0,303.016,180.0,317.703,170.0,317.703,v2,paragraph
284,518.0,303.016,528.0,303.016,528.0,313.065,518.0,313.065,4:,paragraph
285,551.0,303.016,562.0,303.016,562.0,312.29200000000003,551.0,312.29200000000003,u,paragraph
286,567.0,303.016,579.0,303.016,579.0,312.29200000000003,567.0,312.29200000000003,=,paragraph
287,594.0,303.016,652.0,303.016,652.0,329.298,594.0,329.298,(cid:98)GL0(zu),paragraph
288,656.0,301.47,673.0,301.47,673.0,313.065,656.0,313.065,by,paragraph
289,678.0,301.47,716.0,301.47,716.0,313.065,678.0,313.065,using,paragraph
290,720.0,301.47,742.0,301.47,742.0,313.065,720.0,313.065,Eq.,paragraph
291,747.0,301.47,772.0,301.47,772.0,313.065,747.0,313.065,(15),paragraph
292,80.0,320.022,97.0,320.022,97.0,329.298,80.0,329.298,22:,paragraph
293,104.0,318.476,139.0,318.476,139.0,330.07099999999997,104.0,330.07099999999997,until,paragraph
294,143.0,319.24899999999997,152.0,319.24899999999997,152.0,329.298,143.0,329.298,d,paragraph
295,156.0,318.476,242.0,318.476,242.0,330.07099999999997,156.0,330.07099999999997,convergence,paragraph
296,518.0,314.611,528.0,314.611,528.0,323.887,518.0,323.887,5:,paragraph
297,551.0,313.838,562.0,313.838,562.0,351.71500000000003,551.0,351.71500000000003,u(cid:98),paragraph
298,567.0,313.838,579.0,313.838,579.0,323.887,567.0,323.887,=,paragraph
299,586.0,312.29200000000003,614.0,312.29200000000003,614.0,326.979,586.0,326.979,(cid:107)uu(cid:107)2,paragraph
300,80.0,331.617,97.0,331.617,97.0,340.89300000000003,80.0,340.89300000000003,23:,paragraph
301,104.0,330.07099999999997,148.0,330.07099999999997,148.0,340.89300000000003,104.0,340.89300000000003,return,paragraph
302,157.0,330.07099999999997,172.0,330.07099999999997,172.0,341.666,157.0,341.666,u,,paragraph
303,176.0,330.844,186.0,330.844,186.0,340.89300000000003,176.0,340.89300000000003,v,paragraph
304,190.0,330.07099999999997,217.0,330.07099999999997,217.0,341.666,190.0,341.666,and,paragraph
305,221.0,330.844,230.0,330.844,230.0,340.89300000000003,221.0,340.89300000000003,d,paragraph
306,518.0,327.752,528.0,327.752,528.0,337.028,518.0,337.028,6:,paragraph
307,551.0,326.206,573.0,326.206,573.0,337.801,551.0,337.801,Let,paragraph
308,578.0,326.979,611.0,326.979,611.0,357.899,578.0,357.899,zPv(cid:98)=,paragraph
309,616.0,326.206,640.0,326.206,640.0,337.028,616.0,337.028,XT,paragraph
310,643.0,326.979,654.0,326.979,654.0,337.028,643.0,337.028,u,paragraph
311,518.0,339.347,528.0,339.347,528.0,348.623,518.0,348.623,7:,paragraph
312,551.0,338.574,560.0,338.574,560.0,348.623,551.0,348.623,v,paragraph
313,566.0,338.574,578.0,338.574,578.0,348.623,566.0,348.623,=,paragraph
314,592.0,338.574,650.0,338.574,650.0,364.856,592.0,364.856,(cid:98)GL0(zv),paragraph
315,654.0,337.801,671.0,337.801,671.0,349.396,654.0,349.396,by,paragraph
316,676.0,337.801,714.0,337.801,714.0,349.396,676.0,349.396,using,paragraph
317,718.0,337.801,740.0,337.801,740.0,349.396,718.0,349.396,Eq.,paragraph
318,745.0,337.801,770.0,337.801,770.0,349.396,745.0,349.396,(15),paragraph
319,518.0,350.169,528.0,350.169,528.0,360.218,518.0,360.218,8:,paragraph
320,551.0,350.169,560.0,350.169,560.0,359.445,551.0,359.445,v,paragraph
321,566.0,350.169,578.0,350.169,578.0,359.445,566.0,359.445,=,paragraph
322,585.0,350.942,591.0,350.942,591.0,362.537,585.0,362.537,(cid:107),paragraph
323,595.0,348.623,606.0,348.623,606.0,362.537,595.0,362.537,v(cid:107),paragraph
324,591.0,355.58000000000004,599.0,355.58000000000004,599.0,362.537,591.0,362.537,v,paragraph
325,606.0,357.899,611.0,357.899,611.0,363.31,606.0,363.31,2,paragraph
326,518.0,363.31,528.0,363.31,528.0,373.359,518.0,373.359,9:,paragraph
327,551.0,363.31,560.0,363.31,560.0,372.586,551.0,372.586,d,paragraph
328,564.0,363.31,577.0,363.31,577.0,372.586,564.0,372.586,=,paragraph
329,581.0,361.764,599.0,361.764,599.0,372.586,581.0,372.586,zT,paragraph
330,601.0,363.31,611.0,363.31,611.0,372.586,601.0,372.586,v,paragraph
331,512.0,374.905,528.0,374.905,528.0,384.181,512.0,384.181,10:,paragraph
332,536.0,373.359,570.0,373.359,570.0,384.954,536.0,384.954,until,paragraph
333,575.0,374.132,583.0,374.132,583.0,384.181,575.0,384.181,d,paragraph
334,587.0,373.359,673.0,373.359,673.0,384.954,587.0,384.954,convergence,paragraph
335,101.0,378.77,139.0,378.77,139.0,390.365,101.0,390.365,Here,,paragraph
336,147.0,378.77,168.0,378.77,168.0,390.365,147.0,390.365,we,paragraph
337,177.0,378.77,229.0,378.77,229.0,390.365,177.0,390.365,employ,paragraph
338,237.0,378.77,254.0,378.77,254.0,390.365,237.0,390.365,an,paragraph
339,263.0,378.77,338.0,378.77,338.0,390.365,263.0,390.365,alternating,paragraph
340,347.0,378.77,403.0,378.77,403.0,390.365,347.0,390.365,iterative,paragraph
341,412.0,378.77,467.0,378.77,467.0,390.365,412.0,390.365,strategy,paragraph
342,476.0,378.77,490.0,378.77,490.0,390.365,476.0,390.365,to,paragraph
343,512.0,386.5,528.0,386.5,528.0,395.776,512.0,395.776,11:,paragraph
344,536.0,384.954,580.0,384.954,580.0,395.776,536.0,395.776,return,paragraph
345,588.0,384.954,603.0,384.954,603.0,396.54900000000004,588.0,396.54900000000004,u,,paragraph
346,608.0,385.727,617.0,385.727,617.0,395.776,608.0,395.776,v,paragraph
347,622.0,384.954,648.0,384.954,648.0,396.54900000000004,622.0,396.54900000000004,and,paragraph
348,652.0,385.727,661.0,385.727,661.0,395.776,652.0,395.776,d,paragraph
349,78.0,390.365,114.0,390.365,114.0,401.96000000000004,78.0,401.96000000000004,solve,paragraph
350,120.0,390.365,178.0,390.365,178.0,401.96000000000004,120.0,401.96000000000004,problem,paragraph
351,183.0,390.365,213.0,390.365,213.0,401.96000000000004,183.0,401.96000000000004,(13).,paragraph
352,219.0,390.365,240.0,390.365,240.0,401.96000000000004,219.0,401.96000000000004,Fix,paragraph
353,246.0,391.138,257.0,391.138,257.0,401.187,246.0,401.187,u,paragraph
354,263.0,390.365,283.0,390.365,283.0,401.96000000000004,263.0,401.96000000000004,(or,paragraph
355,289.0,390.365,308.0,390.365,308.0,401.96000000000004,289.0,401.96000000000004,v),,paragraph
356,314.0,390.365,335.0,390.365,335.0,401.96000000000004,314.0,401.96000000000004,the,paragraph
357,341.0,390.365,399.0,390.365,399.0,401.96000000000004,341.0,401.96000000000004,problem,paragraph
358,405.0,390.365,431.0,390.365,431.0,401.96000000000004,405.0,401.96000000000004,(13),paragraph
359,437.0,390.365,490.0,390.365,490.0,401.96000000000004,437.0,401.96000000000004,reduces,paragraph
360,78.0,401.96000000000004,91.0,401.96000000000004,91.0,412.78200000000004,78.0,412.78200000000004,to,paragraph
361,96.0,401.96000000000004,104.0,401.96000000000004,104.0,412.78200000000004,96.0,412.78200000000004,a,paragraph
362,108.0,401.96000000000004,177.0,401.96000000000004,177.0,412.78200000000004,108.0,412.78200000000004,projection,paragraph
363,181.0,401.96000000000004,239.0,401.96000000000004,239.0,412.78200000000004,181.0,412.78200000000004,problem,paragraph
364,243.0,401.96000000000004,275.0,401.96000000000004,275.0,412.78200000000004,243.0,412.78200000000004,with,paragraph
365,279.0,401.96000000000004,321.0,401.96000000000004,321.0,412.78200000000004,279.0,412.78200000000004,group,paragraph
366,325.0,402.733,336.0,402.733,336.0,412.009,325.0,412.009,L,paragraph
367,343.0,401.96000000000004,386.0,401.96000000000004,386.0,412.78200000000004,343.0,412.78200000000004,-norm,paragraph
368,390.0,401.96000000000004,444.0,401.96000000000004,444.0,412.78200000000004,390.0,412.78200000000004,penalty.,paragraph
369,336.0,406.598,343.0,406.598,343.0,412.78200000000004,336.0,412.78200000000004,0,paragraph
370,78.0,412.78200000000004,112.0,412.78200000000004,112.0,424.377,78.0,424.377,2.2.1,section
371,128.0,412.78200000000004,189.0,412.78200000000004,189.0,424.377,128.0,424.377,Learning,section
372,193.0,415.101,204.0,415.101,204.0,424.377,193.0,424.377,u,section
373,533.0,412.78200000000004,566.0,412.78200000000004,566.0,423.60400000000004,533.0,423.60400000000004,Note,paragraph
374,572.0,412.78200000000004,599.0,412.78200000000004,599.0,423.60400000000004,572.0,423.60400000000004,that,paragraph
375,605.0,412.78200000000004,637.0,412.78200000000004,637.0,423.60400000000004,605.0,423.60400000000004,once,paragraph
376,642.0,412.78200000000004,664.0,412.78200000000004,664.0,423.60400000000004,642.0,423.60400000000004,the,paragraph
377,670.0,412.78200000000004,724.0,412.78200000000004,724.0,423.60400000000004,670.0,423.60400000000004,number,paragraph
378,728.0,412.78200000000004,810.0,412.78200000000004,810.0,434.42600000000004,728.0,434.42600000000004,·o·f·elements,paragraph
379,816.0,412.78200000000004,830.0,412.78200000000004,830.0,423.60400000000004,816.0,423.60400000000004,of,paragraph
380,835.0,412.78200000000004,874.0,412.78200000000004,874.0,423.60400000000004,835.0,423.60400000000004,every,paragraph
381,879.0,412.78200000000004,921.0,412.78200000000004,921.0,423.60400000000004,879.0,423.60400000000004,group,paragraph
382,141.0,424.377,150.0,424.377,150.0,441.383,141.0,441.383,||,paragraph
383,168.0,424.377,181.0,424.377,181.0,441.383,168.0,441.383,−,paragraph
384,222.0,424.377,231.0,424.377,231.0,441.383,222.0,441.383,||,paragraph
385,263.0,424.377,271.0,424.377,271.0,441.383,263.0,441.383,(cid:107),paragraph
386,288.0,424.377,296.0,424.377,296.0,441.383,288.0,441.383,(cid:107),paragraph
387,339.0,424.377,352.0,424.377,352.0,441.383,339.0,441.383,−,paragraph
388,509.0,423.60400000000004,554.0,423.60400000000004,554.0,435.19899999999996,509.0,435.19899999999996,equals,paragraph
389,557.0,423.60400000000004,565.0,423.60400000000004,565.0,435.19899999999996,557.0,435.19899999999996,1,paragraph
390,568.0,423.60400000000004,597.0,423.60400000000004,597.0,435.19899999999996,568.0,435.19899999999996,(i.e.,,paragraph
391,601.0,424.377,608.0,424.377,608.0,434.42600000000004,601.0,434.42600000000004,q,paragraph
392,618.0,424.377,631.0,424.377,631.0,434.42600000000004,618.0,434.42600000000004,=,paragraph
393,635.0,424.377,643.0,424.377,643.0,434.42600000000004,635.0,434.42600000000004,1,paragraph
394,647.0,423.60400000000004,667.0,423.60400000000004,667.0,435.19899999999996,647.0,435.19899999999996,for,paragraph
395,670.0,424.377,676.0,424.377,676.0,434.42600000000004,670.0,434.42600000000004,i,paragraph
396,680.0,424.377,693.0,424.377,693.0,434.42600000000004,680.0,434.42600000000004,=,paragraph
397,697.0,424.377,710.0,424.377,710.0,434.42600000000004,697.0,434.42600000000004,1,,paragraph
398,713.0,424.377,725.0,424.377,725.0,434.42600000000004,713.0,434.42600000000004,2,,paragraph
399,753.0,424.377,757.0,424.377,757.0,434.42600000000004,753.0,434.42600000000004,,,paragraph
400,760.0,423.60400000000004,786.0,423.60400000000004,786.0,435.19899999999996,760.0,435.19899999999996,M),,paragraph
401,790.0,423.60400000000004,811.0,423.60400000000004,811.0,435.19899999999996,790.0,435.19899999999996,the,paragraph
402,815.0,423.60400000000004,857.0,423.60400000000004,857.0,435.19899999999996,815.0,435.19899999999996,group,paragraph
403,860.0,424.377,871.0,424.377,871.0,434.42600000000004,860.0,434.42600000000004,L,paragraph
404,879.0,423.60400000000004,921.0,423.60400000000004,921.0,435.19899999999996,879.0,435.19899999999996,-norm,paragraph
405,101.0,430.56100000000004,137.0,430.56100000000004,137.0,442.15599999999995,101.0,442.15599999999995,Since,paragraph
406,150.0,431.33400000000006,165.0,431.33400000000006,165.0,441.383,150.0,441.383,X,paragraph
407,182.0,430.56100000000004,219.0,430.56100000000004,219.0,441.383,182.0,441.383,duvT,paragraph
408,231.0,430.56100000000004,237.0,430.56100000000004,237.0,437.518,231.0,437.518,2,paragraph
409,246.0,431.33400000000006,259.0,431.33400000000006,259.0,441.383,246.0,441.383,=,paragraph
410,271.0,431.33400000000006,287.0,431.33400000000006,287.0,441.383,271.0,441.383,X,paragraph
411,296.0,430.56100000000004,303.0,430.56100000000004,303.0,437.518,296.0,437.518,2,paragraph
412,308.0,430.56100000000004,337.0,430.56100000000004,337.0,441.383,308.0,441.383,+d2,paragraph
413,353.0,430.56100000000004,389.0,430.56100000000004,389.0,441.383,353.0,441.383,2duT,paragraph
414,391.0,430.56100000000004,421.0,430.56100000000004,421.0,442.15599999999995,391.0,442.15599999999995,Xv.,paragraph
415,425.0,430.56100000000004,446.0,430.56100000000004,446.0,442.15599999999995,425.0,442.15599999999995,Fix,paragraph
416,450.0,431.33400000000006,459.0,431.33400000000006,459.0,441.383,450.0,441.383,v,paragraph
417,463.0,430.56100000000004,490.0,430.56100000000004,490.0,442.15599999999995,463.0,442.15599999999995,and,paragraph
418,608.0,428.242,613.0,428.242,613.0,435.19899999999996,608.0,435.19899999999996,i,paragraph
419,871.0,428.242,878.0,428.242,878.0,435.19899999999996,871.0,435.19899999999996,0,paragraph
420,231.0,436.74499999999995,239.0,436.74499999999995,239.0,443.70199999999994,231.0,443.70199999999994,F,paragraph
421,296.0,436.74499999999995,304.0,436.74499999999995,304.0,443.70199999999994,296.0,443.70199999999994,F,paragraph
422,509.0,435.19899999999996,561.0,435.19899999999996,561.0,446.02099999999996,509.0,446.02099999999996,penalty,paragraph
423,565.0,435.19899999999996,618.0,435.19899999999996,618.0,446.02099999999996,565.0,446.02099999999996,reduces,paragraph
424,622.0,435.19899999999996,636.0,435.19899999999996,636.0,446.02099999999996,622.0,446.02099999999996,to,paragraph
425,640.0,435.972,651.0,435.972,651.0,446.02099999999996,640.0,446.02099999999996,L,paragraph
426,658.0,435.19899999999996,701.0,435.19899999999996,701.0,446.02099999999996,658.0,446.02099999999996,-norm,paragraph
427,705.0,435.19899999999996,759.0,435.19899999999996,759.0,446.02099999999996,705.0,446.02099999999996,penalty.,paragraph
428,763.0,435.19899999999996,833.0,435.19899999999996,833.0,446.02099999999996,763.0,446.02099999999996,Moreover,,paragraph
429,837.0,435.19899999999996,909.0,435.19899999999996,909.0,446.02099999999996,837.0,446.02099999999996,Algorithm,paragraph
430,913.0,435.19899999999996,921.0,435.19899999999996,921.0,446.02099999999996,913.0,446.02099999999996,2,paragraph
431,78.0,442.15599999999995,95.0,442.15599999999995,95.0,452.97799999999995,78.0,452.97799999999995,let,paragraph
432,100.0,442.929,109.0,442.929,109.0,452.205,100.0,452.205,z,paragraph
433,123.0,442.929,136.0,442.929,136.0,452.205,123.0,452.205,=,paragraph
434,142.0,442.15599999999995,172.0,442.15599999999995,172.0,452.97799999999995,142.0,452.97799999999995,Xv,,paragraph
435,177.0,442.15599999999995,199.0,442.15599999999995,199.0,452.97799999999995,177.0,452.97799999999995,Eq.,paragraph
436,204.0,442.15599999999995,230.0,442.15599999999995,230.0,452.97799999999995,204.0,452.97799999999995,(13),paragraph
437,235.0,442.15599999999995,289.0,442.15599999999995,289.0,452.97799999999995,235.0,452.97799999999995,reduces,paragraph
438,294.0,442.15599999999995,307.0,442.15599999999995,307.0,452.97799999999995,294.0,452.97799999999995,to,paragraph
439,312.0,442.15599999999995,320.0,442.15599999999995,320.0,452.97799999999995,312.0,452.97799999999995,a,paragraph
440,325.0,442.15599999999995,416.0,442.15599999999995,416.0,452.97799999999995,325.0,452.97799999999995,group-sparse,paragraph
441,421.0,442.15599999999995,490.0,442.15599999999995,490.0,452.97799999999995,421.0,452.97799999999995,projection,paragraph
442,651.0,439.837,658.0,439.837,658.0,446.794,651.0,446.794,0,paragraph
443,109.0,446.794,117.0,446.794,117.0,453.751,109.0,453.751,u,paragraph
444,509.0,446.02099999999996,541.0,446.02099999999996,541.0,457.616,509.0,457.616,with,paragraph
445,547.0,446.02099999999996,555.0,446.02099999999996,555.0,457.616,547.0,457.616,a,paragraph
446,561.0,446.02099999999996,598.0,446.02099999999996,598.0,457.616,561.0,457.616,small,paragraph
447,604.0,446.02099999999996,691.0,446.02099999999996,691.0,457.616,604.0,457.616,modiﬁcation,paragraph
448,697.0,446.02099999999996,721.0,446.02099999999996,721.0,457.616,697.0,457.616,can,paragraph
449,727.0,446.02099999999996,743.0,446.02099999999996,743.0,457.616,727.0,457.616,be,paragraph
450,749.0,446.02099999999996,782.0,446.02099999999996,782.0,457.616,749.0,457.616,used,paragraph
451,788.0,446.02099999999996,802.0,446.02099999999996,802.0,457.616,788.0,457.616,to,paragraph
452,808.0,446.02099999999996,843.0,446.02099999999996,843.0,457.616,808.0,457.616,solve,paragraph
453,849.0,446.02099999999996,910.0,446.02099999999996,910.0,457.616,849.0,457.616,SVD(GL,paragraph
454,917.0,446.02099999999996,921.0,446.02099999999996,921.0,457.616,917.0,457.616,,,paragraph
455,78.0,452.97799999999995,137.0,452.97799999999995,137.0,464.573,78.0,464.573,operator,paragraph
456,141.0,452.97799999999995,173.0,452.97799999999995,173.0,464.573,141.0,464.573,with,paragraph
457,177.0,452.97799999999995,226.0,452.97799999999995,226.0,464.573,177.0,464.573,respect,paragraph
458,230.0,452.97799999999995,243.0,452.97799999999995,243.0,464.573,230.0,464.573,to,paragraph
459,248.0,452.97799999999995,263.0,452.97799999999995,263.0,464.573,248.0,464.573,u:,paragraph
460,910.0,450.659,916.0,450.659,916.0,457.616,910.0,457.616,0,paragraph
461,509.0,458.38899999999995,520.0,458.38899999999995,520.0,468.438,509.0,468.438,L,paragraph
462,528.0,457.616,537.0,457.616,537.0,469.211,528.0,469.211,),,paragraph
463,544.0,457.616,587.0,457.616,587.0,469.211,544.0,469.211,which,paragraph
464,595.0,457.616,644.0,457.616,644.0,469.211,595.0,469.211,applies,paragraph
465,652.0,458.38899999999995,663.0,458.38899999999995,663.0,468.438,652.0,468.438,L,paragraph
466,670.0,457.616,713.0,457.616,713.0,469.211,670.0,469.211,-norm,paragraph
467,720.0,457.616,735.0,457.616,735.0,469.211,720.0,469.211,as,paragraph
468,742.0,457.616,764.0,457.616,764.0,469.211,742.0,469.211,the,paragraph
469,772.0,457.616,823.0,457.616,823.0,469.211,772.0,469.211,penalty,paragraph
470,831.0,457.616,851.0,457.616,851.0,469.211,831.0,469.211,for,paragraph
471,858.0,457.616,880.0,457.616,880.0,469.211,858.0,469.211,the,paragraph
472,888.0,457.616,921.0,457.616,921.0,469.211,888.0,469.211,right,paragraph
473,520.0,462.25399999999996,527.0,462.25399999999996,527.0,469.211,520.0,469.211,0,paragraph
474,663.0,462.25399999999996,669.0,462.25399999999996,669.0,469.211,663.0,469.211,0,paragraph
475,509.0,468.438,566.0,468.438,566.0,480.033,509.0,480.033,singular,paragraph
476,571.0,468.438,613.0,468.438,613.0,480.033,571.0,480.033,vector,paragraph
477,618.0,468.438,632.0,468.438,632.0,480.033,618.0,480.033,v.,paragraph
478,637.0,468.438,651.0,468.438,651.0,480.033,637.0,480.033,In,paragraph
479,656.0,468.438,718.0,468.438,718.0,480.033,656.0,480.033,addition,,paragraph
480,723.0,468.438,792.0,468.438,792.0,480.033,723.0,480.033,compared,paragraph
481,796.0,468.438,810.0,468.438,810.0,480.033,796.0,480.033,to,paragraph
482,815.0,468.438,875.0,468.438,875.0,480.033,815.0,480.033,adaptive,paragraph
483,879.0,468.438,921.0,468.438,921.0,480.033,879.0,480.033,group,paragraph
484,224.0,474.622,237.0,474.622,237.0,491.628,224.0,491.628,−,equation
485,378.0,474.622,390.0,474.622,390.0,491.628,378.0,491.628,≤,equation
486,151.0,480.806,216.0,480.806,216.0,497.812,151.0,497.812,m(cid:107)inui(cid:107)m≤i1ze,equation
487,241.0,480.033,258.0,480.033,258.0,493.17400000000004,241.0,493.17400000000004,zuT,equation
488,261.0,482.352,276.0,482.352,276.0,491.628,261.0,491.628,u,,equation
489,288.0,480.806,307.0,480.806,307.0,492.401,288.0,492.401,s.t.,equation
490,311.0,482.352,373.0,482.352,373.0,493.17400000000004,311.0,493.17400000000004,ΩGL0(u),equation
491,395.0,482.352,416.0,482.352,416.0,492.401,395.0,492.401,ku.,equation
492,464.0,480.806,490.0,480.806,490.0,492.401,464.0,492.401,(14),equation
493,509.0,480.033,584.0,480.033,584.0,502.45000000000005,509.0,502.45000000000005,lpaesnsoal[t2y.6]W,,paragraph
494,580.0,480.033,593.0,480.033,593.0,502.45000000000005,580.0,502.45000000000005,we,paragraph
495,593.0,480.033,708.0,480.033,708.0,502.45000000000005,593.0,502.45000000000005,eremwaryitecoφn(szide)r=a,paragraph
496,710.0,480.033,921.0,480.033,921.0,502.45000000000005,710.0,502.45000000000005,w[weig(cid:107)hzt(e1d)(cid:107)(,a·d·a·p,twive(cid:107))zg(rLo)u(cid:107)p]TLi0n-,paragraph
497,675.0,496.266,683.0,496.266,683.0,503.223,675.0,503.223,u,paragraph
498,730.0,496.266,737.0,496.266,737.0,503.223,730.0,503.223,1,paragraph
499,832.0,496.266,841.0,496.266,841.0,503.223,832.0,503.223,L,paragraph
500,509.0,502.45000000000005,531.0,502.45000000000005,531.0,514.0450000000001,509.0,514.0450000000001,Eq.,paragraph
501,535.0,502.45000000000005,565.0,502.45000000000005,565.0,514.0450000000001,535.0,514.0450000000001,(15),,paragraph
502,569.0,502.45000000000005,612.0,502.45000000000005,612.0,514.0450000000001,569.0,514.0450000000001,where,paragraph
503,616.0,503.223,627.0,503.223,627.0,513.272,616.0,513.272,w,paragraph
504,637.0,502.45000000000005,648.0,502.45000000000005,648.0,514.0450000000001,637.0,514.0450000000001,is,paragraph
505,652.0,502.45000000000005,659.0,502.45000000000005,659.0,514.0450000000001,652.0,514.0450000000001,a,paragraph
506,663.0,502.45000000000005,711.0,502.45000000000005,711.0,514.0450000000001,663.0,514.0450000000001,weight,paragraph
507,715.0,502.45000000000005,785.0,502.45000000000005,785.0,514.0450000000001,715.0,514.0450000000001,coefﬁcient,paragraph
508,789.0,501.677,858.0,501.677,858.0,518.683,789.0,518.683,to√balance,paragraph
509,862.0,502.45000000000005,921.0,502.45000000000005,921.0,514.0450000000001,862.0,514.0450000000001,different,paragraph
510,627.0,507.088,632.0,507.088,632.0,514.0450000000001,627.0,514.0450000000001,i,paragraph
511,101.0,515.591,123.0,515.591,123.0,527.186,101.0,527.186,We,paragraph
512,127.0,515.591,178.0,515.591,178.0,527.186,127.0,527.186,present,paragraph
513,182.0,515.591,244.0,515.591,244.0,527.186,182.0,527.186,Theorem,paragraph
514,248.0,515.591,256.0,515.591,256.0,527.186,248.0,527.186,1,paragraph
515,260.0,515.591,274.0,515.591,274.0,527.186,260.0,527.186,to,paragraph
516,278.0,515.591,314.0,515.591,314.0,527.186,278.0,527.186,solve,paragraph
517,318.0,515.591,376.0,515.591,376.0,527.186,318.0,527.186,problem,paragraph
518,380.0,515.591,410.0,515.591,410.0,527.186,380.0,527.186,(14).,paragraph
519,509.0,514.0450000000001,582.0,514.0450000000001,582.0,524.8670000000001,509.0,524.8670000000001,group-size,paragraph
520,588.0,514.0450000000001,615.0,514.0450000000001,615.0,524.8670000000001,588.0,524.8670000000001,and,paragraph
521,621.0,514.0450000000001,630.0,514.0450000000001,630.0,524.8670000000001,621.0,524.8670000000001,it,paragraph
522,636.0,514.0450000000001,647.0,514.0450000000001,647.0,524.8670000000001,636.0,524.8670000000001,is,paragraph
523,653.0,514.0450000000001,706.0,514.0450000000001,706.0,524.8670000000001,653.0,524.8670000000001,deﬁned,paragraph
524,712.0,514.0450000000001,729.0,514.0450000000001,729.0,524.8670000000001,712.0,524.8670000000001,by,paragraph
525,735.0,514.818,747.0,514.818,747.0,524.8670000000001,735.0,524.8670000000001,w,paragraph
526,759.0,514.818,772.0,514.818,772.0,524.8670000000001,759.0,524.8670000000001,=,paragraph
527,779.0,514.818,795.0,514.818,795.0,524.8670000000001,779.0,524.8670000000001,1/,paragraph
528,809.0,514.818,816.0,514.818,816.0,524.8670000000001,809.0,524.8670000000001,q,paragraph
529,821.0,514.0450000000001,825.0,514.0450000000001,825.0,524.8670000000001,821.0,524.8670000000001,,,paragraph
530,831.0,514.0450000000001,858.0,514.0450000000001,858.0,524.8670000000001,831.0,524.8670000000001,and,paragraph
531,864.0,514.818,871.0,514.818,871.0,524.8670000000001,864.0,524.8670000000001,q,paragraph
532,882.0,514.0450000000001,894.0,514.0450000000001,894.0,524.8670000000001,882.0,524.8670000000001,is,paragraph
533,900.0,514.0450000000001,921.0,514.0450000000001,921.0,524.8670000000001,900.0,524.8670000000001,the,paragraph
534,747.0,518.683,751.0,518.683,751.0,525.64,747.0,525.64,i,paragraph
535,816.0,518.683,821.0,518.683,821.0,525.64,816.0,525.64,i,paragraph
536,871.0,518.683,876.0,518.683,876.0,525.64,871.0,525.64,i,paragraph
537,78.0,529.505,142.0,529.505,142.0,541.0999999999999,78.0,541.0999999999999,Theorem,paragraph
538,148.0,529.505,160.0,529.505,160.0,541.0999999999999,148.0,541.0999999999999,1.,paragraph
539,169.0,529.505,192.0,529.505,192.0,541.0999999999999,169.0,541.0999999999999,The,paragraph
540,199.0,529.505,255.0,529.505,255.0,541.0999999999999,199.0,541.0999999999999,optimum,paragraph
541,261.0,529.505,312.0,529.505,312.0,541.0999999999999,261.0,541.0999999999999,solution,paragraph
542,318.0,529.505,330.0,529.505,330.0,541.0999999999999,318.0,541.0999999999999,of,paragraph
543,336.0,529.505,356.0,529.505,356.0,541.0999999999999,336.0,541.0999999999999,Eq.,paragraph
544,362.0,529.505,388.0,529.505,388.0,541.0999999999999,362.0,541.0999999999999,(14),paragraph
545,394.0,529.505,405.0,529.505,405.0,541.0999999999999,394.0,541.0999999999999,is,paragraph
546,413.0,522.548,490.0,522.548,490.0,542.646,413.0,542.646,(cid:107)PPGL0(zu)(cid:107),,paragraph
547,509.0,524.8670000000001,564.0,524.8670000000001,564.0,536.462,509.0,536.462,number,paragraph
548,568.0,524.8670000000001,582.0,524.8670000000001,582.0,536.462,568.0,536.462,of,paragraph
549,586.0,524.8670000000001,647.0,524.8670000000001,647.0,536.462,586.0,536.462,elements,paragraph
550,651.0,524.8670000000001,665.0,524.8670000000001,665.0,536.462,651.0,536.462,in,paragraph
551,669.0,524.8670000000001,711.0,524.8670000000001,711.0,536.462,669.0,536.462,group,paragraph
552,715.0,524.8670000000001,725.0,524.8670000000001,725.0,536.462,715.0,536.462,i.,paragraph
553,78.0,542.646,115.0,542.646,115.0,553.468,78.0,553.468,where,paragraph
554,119.0,536.462,187.0,536.462,187.0,555.014,119.0,555.014,PGL0(zu),paragraph
555,191.0,542.646,202.0,542.646,202.0,553.468,191.0,553.468,is,paragraph
556,206.0,542.646,307.0,542.646,307.0,580.523,206.0,580.523,a(cid:40)column-vector,equation
557,312.0,542.646,335.0,542.646,335.0,553.468,312.0,553.468,and,paragraph
558,339.0,542.646,375.0,542.646,375.0,553.468,339.0,553.468,meets,paragraph
559,428.0,536.462,477.0,536.462,477.0,544.9649999999999,428.0,544.9649999999999,GL0(zu),paragraph
560,509.0,554.241,531.0,554.241,531.0,565.836,509.0,565.836,2.3,section
561,546.0,555.787,587.0,555.787,587.0,565.063,546.0,565.063,OGL,section
562,595.0,554.241,633.0,554.241,633.0,565.836,595.0,565.836,-SVD,section
563,587.0,559.6519999999999,595.0,559.6519999999999,595.0,566.609,587.0,566.609,1,section
564,308.0,569.701,319.0,569.701,319.0,585.934,308.0,585.934,∈,equation
565,533.0,570.474,547.0,570.474,547.0,582.069,533.0,582.069,In,paragraph
566,551.0,570.474,588.0,570.474,588.0,582.069,551.0,582.069,some,paragraph
567,592.0,570.474,663.0,570.474,663.0,582.069,592.0,582.069,situations,,paragraph
568,667.0,570.474,689.0,570.474,689.0,582.069,667.0,582.069,the,paragraph
569,693.0,570.474,809.0,570.474,809.0,582.069,693.0,582.069,non-overlapping,paragraph
570,813.0,570.474,855.0,570.474,855.0,582.069,813.0,582.069,group,paragraph
571,859.0,570.474,921.0,570.474,921.0,582.069,859.0,582.069,structure,paragraph
572,103.0,575.885,114.0,575.885,114.0,592.891,103.0,592.891,P,equation
573,227.0,576.658,236.0,576.658,236.0,585.934,227.0,585.934,z,equation
574,244.0,575.112,267.0,575.112,267.0,585.934,244.0,585.934,(g),,equation
575,282.0,575.112,291.0,575.112,291.0,586.707,282.0,586.707,if,equation
576,295.0,576.658,303.0,576.658,303.0,585.934,295.0,585.934,g,equation
577,323.0,575.112,385.0,575.112,385.0,586.707,323.0,586.707,supp(φ(z,equation
578,394.0,576.658,404.0,576.658,404.0,585.934,394.0,585.934,),,equation
579,407.0,576.658,416.0,576.658,416.0,585.934,407.0,585.934,k,equation
580,424.0,576.658,435.0,576.658,435.0,585.934,424.0,585.934,),,equation
581,98.0,582.842,103.0,582.842,103.0,592.891,98.0,592.891,[,equation
582,140.0,582.842,156.0,582.842,156.0,592.891,140.0,592.891,(z,equation
583,164.0,581.296,192.0,581.296,192.0,592.891,164.0,592.891,)](g),equation
584,197.0,582.842,210.0,582.842,210.0,592.891,197.0,592.891,=,equation
585,236.0,580.523,244.0,580.523,244.0,587.48,236.0,587.48,u,equation
586,385.0,580.523,393.0,580.523,393.0,587.48,385.0,587.48,u,equation
587,416.0,580.523,423.0,580.523,423.0,587.48,416.0,587.48,u,equation
588,464.0,582.069,490.0,582.069,490.0,593.664,464.0,593.664,(15),paragraph
589,509.0,581.296,523.0,581.296,523.0,592.891,509.0,592.891,in,paragraph
590,530.0,581.296,571.0,581.296,571.0,592.891,530.0,592.891,group,paragraph
591,578.0,581.296,617.0,581.296,617.0,592.891,578.0,592.891,Lasso,paragraph
592,624.0,581.296,663.0,581.296,663.0,592.891,624.0,592.891,limits,paragraph
593,670.0,581.296,686.0,581.296,686.0,592.891,670.0,592.891,its,paragraph
594,693.0,581.296,778.0,581.296,778.0,592.891,693.0,592.891,applicability,paragraph
595,785.0,581.296,799.0,581.296,799.0,592.891,785.0,592.891,in,paragraph
596,806.0,581.296,864.0,581.296,864.0,592.891,806.0,592.891,practice.,paragraph
597,870.0,581.296,894.0,581.296,894.0,592.891,870.0,592.891,For,paragraph
598,900.0,581.296,921.0,581.296,921.0,592.891,900.0,592.891,ex-,paragraph
599,114.0,586.707,139.0,586.707,139.0,594.437,114.0,594.437,GL0,equation
600,156.0,586.707,163.0,586.707,163.0,593.664,156.0,593.664,u,equation
601,227.0,589.799,241.0,589.799,241.0,599.8480000000001,227.0,599.8480000000001,0,,equation
602,282.0,589.026,346.0,589.026,346.0,600.621,282.0,600.621,otherwise,,equation
603,509.0,592.891,556.0,592.891,556.0,604.486,509.0,604.486,ample,,paragraph
604,560.0,592.891,568.0,592.891,568.0,604.486,560.0,604.486,a,paragraph
605,572.0,592.891,605.0,592.891,605.0,604.486,572.0,604.486,gene,paragraph
606,609.0,592.891,633.0,592.891,633.0,604.486,609.0,604.486,can,paragraph
607,637.0,592.891,711.0,592.891,711.0,604.486,637.0,604.486,participate,paragraph
608,715.0,592.891,729.0,592.891,729.0,604.486,715.0,604.486,in,paragraph
609,733.0,592.891,791.0,592.891,791.0,604.486,733.0,604.486,multiple,paragraph
610,796.0,592.891,867.0,592.891,867.0,604.486,796.0,604.486,pathways.,paragraph
611,871.0,592.891,921.0,592.891,921.0,604.486,871.0,604.486,Several,paragraph
612,509.0,604.486,558.0,604.486,558.0,615.308,509.0,615.308,studies,paragraph
613,565.0,604.486,598.0,604.486,598.0,615.308,565.0,615.308,have,paragraph
614,604.0,604.486,665.0,604.486,665.0,615.308,604.0,615.308,explored,paragraph
615,671.0,604.486,693.0,604.486,693.0,615.308,671.0,615.308,the,paragraph
616,699.0,604.486,783.0,604.486,783.0,615.308,699.0,615.308,overlapping,paragraph
617,789.0,604.486,831.0,604.486,831.0,615.308,789.0,615.308,group,paragraph
618,837.0,604.486,876.0,604.486,876.0,615.308,837.0,615.308,Lasso,paragraph
619,883.0,604.486,896.0,604.486,896.0,615.308,883.0,615.308,in,paragraph
620,903.0,604.486,921.0,604.486,921.0,615.308,903.0,615.308,re-,paragraph
621,146.0,610.6700000000001,158.0,610.6700000000001,158.0,627.676,146.0,627.676,P,paragraph
622,101.0,616.081,138.0,616.081,138.0,627.676,101.0,627.676,where,paragraph
623,142.0,617.6270000000001,146.0,617.6270000000001,146.0,627.676,142.0,627.676,[,paragraph
624,184.0,617.6270000000001,199.0,617.6270000000001,199.0,627.676,184.0,627.676,(z,paragraph
625,208.0,616.081,236.0,616.081,236.0,627.676,208.0,627.676,)](g),paragraph
626,240.0,616.081,250.0,616.081,250.0,627.676,240.0,627.676,is,paragraph
627,254.0,616.081,261.0,616.081,261.0,627.676,254.0,627.676,a,paragraph
628,265.0,616.081,330.0,616.081,330.0,627.676,265.0,627.676,sub-vector,paragraph
629,334.0,616.081,363.0,616.081,363.0,627.676,334.0,627.676,from,paragraph
630,367.0,616.081,386.0,616.081,386.0,627.676,367.0,627.676,the,paragraph
631,389.0,616.081,416.0,616.081,416.0,627.676,389.0,627.676,g-th,paragraph
632,420.0,616.081,460.0,616.081,460.0,627.676,420.0,627.676,group,,paragraph
633,464.0,617.6270000000001,472.0,617.6270000000001,472.0,627.676,464.0,627.676,g,paragraph
634,477.0,617.6270000000001,490.0,617.6270000000001,490.0,627.676,477.0,627.676,=,paragraph
635,509.0,615.308,566.0,615.308,566.0,626.903,509.0,626.903,gression,paragraph
636,573.0,615.308,608.0,615.308,608.0,626.903,573.0,626.903,tasks,paragraph
637,615.0,615.308,644.0,615.308,644.0,626.903,615.0,626.903,[16],,paragraph
638,651.0,615.308,681.0,615.308,681.0,626.903,651.0,626.903,[17].,paragraph
639,688.0,615.308,754.0,615.308,754.0,626.903,688.0,626.903,However,,paragraph
640,761.0,615.308,832.0,615.308,832.0,626.903,761.0,626.903,structured,paragraph
641,839.0,615.308,883.0,615.308,883.0,626.903,839.0,626.903,sparse,paragraph
642,890.0,615.308,921.0,615.308,921.0,626.903,890.0,626.903,SVD,paragraph
643,78.0,629.222,91.0,629.222,91.0,638.4979999999999,78.0,638.4979999999999,1,,paragraph
644,93.0,629.222,106.0,629.222,106.0,638.4979999999999,93.0,638.4979999999999,2,,paragraph
645,109.0,621.4920000000001,113.0,621.4920000000001,113.0,638.4979999999999,109.0,638.4979999999999,·,paragraph
646,116.0,621.4920000000001,120.0,621.4920000000001,120.0,638.4979999999999,116.0,638.4979999999999,·,paragraph
647,123.0,621.4920000000001,128.0,621.4920000000001,128.0,638.4979999999999,123.0,638.4979999999999,·,paragraph
648,133.0,629.222,138.0,629.222,138.0,638.4979999999999,133.0,638.4979999999999,,,paragraph
649,140.0,629.222,151.0,629.222,151.0,638.4979999999999,140.0,638.4979999999999,L,paragraph
650,156.0,621.4920000000001,245.0,621.4920000000001,245.0,639.271,156.0,639.271,aGnLd0supup(φ(z,paragraph
651,253.0,629.222,264.0,629.222,264.0,638.4979999999999,253.0,638.4979999999999,),,paragraph
652,267.0,629.222,275.0,629.222,275.0,638.4979999999999,267.0,638.4979999999999,k,paragraph
653,284.0,629.222,290.0,629.222,290.0,638.4979999999999,284.0,638.4979999999999,),paragraph
654,294.0,627.676,341.0,627.676,341.0,639.271,294.0,639.271,denotes,paragraph
655,345.0,627.676,364.0,627.676,364.0,639.271,345.0,639.271,the,paragraph
656,368.0,627.676,385.0,627.676,385.0,639.271,368.0,639.271,set,paragraph
657,389.0,627.676,401.0,627.676,401.0,639.271,389.0,639.271,of,paragraph
658,405.0,627.676,451.0,627.676,451.0,639.271,405.0,639.271,indexes,paragraph
659,455.0,627.676,467.0,627.676,467.0,639.271,455.0,639.271,of,paragraph
660,471.0,627.676,490.0,627.676,490.0,639.271,471.0,639.271,the,paragraph
661,509.0,626.903,541.0,626.903,541.0,637.7249999999999,509.0,637.7249999999999,with,paragraph
662,545.0,626.903,629.0,626.903,629.0,637.7249999999999,545.0,637.7249999999999,overlapping,paragraph
663,633.0,626.903,675.0,626.903,675.0,637.7249999999999,633.0,637.7249999999999,group,paragraph
664,679.0,626.903,741.0,626.903,741.0,637.7249999999999,679.0,637.7249999999999,structure,paragraph
665,745.0,626.903,800.0,626.903,800.0,637.7249999999999,745.0,637.7249999999999,remains,paragraph
666,805.0,626.903,818.0,626.903,818.0,637.7249999999999,805.0,637.7249999999999,to,paragraph
667,823.0,626.903,839.0,626.903,839.0,637.7249999999999,823.0,637.7249999999999,be,paragraph
668,843.0,626.903,892.0,626.903,892.0,637.7249999999999,843.0,637.7249999999999,solved.,paragraph
669,245.0,633.087,252.0,633.087,252.0,639.271,245.0,639.271,u,paragraph
670,275.0,633.087,283.0,633.087,283.0,639.271,275.0,639.271,u,paragraph
671,78.0,638.4979999999999,120.0,638.4979999999999,120.0,650.093,78.0,650.093,largest,paragraph
672,124.0,640.044,133.0,640.044,133.0,650.093,124.0,650.093,k,paragraph
673,146.0,638.4979999999999,200.0,638.4979999999999,200.0,650.093,146.0,650.093,elements,paragraph
674,204.0,638.4979999999999,215.0,638.4979999999999,215.0,650.093,204.0,650.093,of,paragraph
675,220.0,640.044,245.0,640.044,245.0,650.093,220.0,650.093,φ(z,paragraph
676,253.0,638.4979999999999,264.0,638.4979999999999,264.0,650.093,253.0,650.093,).,paragraph
677,533.0,638.4979999999999,566.0,638.4979999999999,566.0,650.093,533.0,650.093,Here,paragraph
678,577.0,638.4979999999999,597.0,638.4979999999999,597.0,650.093,577.0,650.093,we,paragraph
679,608.0,638.4979999999999,667.0,638.4979999999999,667.0,650.093,608.0,650.093,consider,paragraph
680,677.0,638.4979999999999,699.0,638.4979999999999,699.0,650.093,677.0,650.093,the,paragraph
681,710.0,638.4979999999999,794.0,638.4979999999999,794.0,650.093,710.0,650.093,overlapping,paragraph
682,804.0,638.4979999999999,846.0,638.4979999999999,846.0,650.093,804.0,650.093,group,paragraph
683,857.0,638.4979999999999,921.0,638.4979999999999,921.0,650.093,857.0,650.093,situation,,paragraph
684,133.0,643.909,140.0,643.909,140.0,650.866,133.0,650.866,u,paragraph
685,154.0,644.682,171.0,644.682,171.0,679.467,154.0,679.467,(cid:80),paragraph
686,245.0,643.909,253.0,643.909,253.0,650.866,245.0,650.866,u,paragraph
687,509.0,649.3199999999999,552.0,649.3199999999999,552.0,660.915,509.0,660.915,where,paragraph
688,561.0,649.3199999999999,569.0,649.3199999999999,569.0,660.915,561.0,660.915,a,paragraph
689,577.0,649.3199999999999,633.0,649.3199999999999,633.0,660.915,577.0,660.915,variable,paragraph
690,641.0,649.3199999999999,672.0,649.3199999999999,672.0,660.915,641.0,660.915,may,paragraph
691,680.0,649.3199999999999,727.0,649.3199999999999,727.0,660.915,680.0,660.915,belong,paragraph
692,736.0,649.3199999999999,749.0,649.3199999999999,749.0,660.915,736.0,660.915,to,paragraph
693,758.0,649.3199999999999,793.0,649.3199999999999,793.0,660.915,758.0,660.915,more,paragraph
694,802.0,649.3199999999999,833.0,649.3199999999999,833.0,660.915,802.0,660.915,than,paragraph
695,842.0,649.3199999999999,867.0,649.3199999999999,867.0,660.915,842.0,660.915,one,paragraph
696,876.0,649.3199999999999,921.0,649.3199999999999,921.0,660.915,876.0,660.915,group.,paragraph
697,101.0,657.05,127.0,657.05,127.0,668.645,101.0,668.645,The,paragraph
698,137.0,657.05,198.0,657.05,198.0,668.645,137.0,668.645,objective,paragraph
699,208.0,657.05,266.0,657.05,266.0,668.645,208.0,668.645,function,paragraph
700,276.0,657.05,290.0,657.05,290.0,668.645,276.0,668.645,of,paragraph
701,300.0,657.05,326.0,657.05,326.0,668.645,300.0,668.645,(14),paragraph
702,336.0,657.05,359.0,657.05,359.0,668.645,336.0,668.645,can,paragraph
703,370.0,657.05,386.0,657.05,386.0,668.645,370.0,668.645,be,paragraph
704,396.0,657.05,465.0,657.05,465.0,668.645,396.0,668.645,simpliﬁed,paragraph
705,475.0,657.05,490.0,657.05,490.0,668.645,475.0,668.645,as,paragraph
706,509.0,660.915,568.0,660.915,568.0,672.51,509.0,672.51,Suppose,paragraph
707,576.0,661.688,587.0,661.688,587.0,671.737,576.0,671.737,u,paragraph
708,596.0,660.915,680.0,660.915,680.0,672.51,596.0,672.51,corresponds,paragraph
709,688.0,660.915,702.0,660.915,702.0,672.51,688.0,672.51,to,paragraph
710,710.0,660.915,732.0,660.915,732.0,672.51,710.0,672.51,the,paragraph
711,740.0,660.915,834.0,660.915,834.0,672.51,740.0,672.51,row-variables,paragraph
712,843.0,660.915,856.0,660.915,856.0,672.51,843.0,672.51,of,paragraph
713,865.0,661.688,880.0,661.688,880.0,671.737,865.0,671.737,X,paragraph
714,890.0,660.915,921.0,660.915,921.0,672.51,890.0,672.51,with,paragraph
715,78.0,665.553,100.0,665.553,100.0,682.559,78.0,682.559,−z,paragraph
716,108.0,671.737,116.0,671.737,116.0,678.694,108.0,678.694,T,paragraph
717,118.0,673.283,129.0,673.283,129.0,682.559,118.0,682.559,u,paragraph
718,136.0,673.283,148.0,673.283,148.0,682.559,136.0,682.559,=,paragraph
719,171.0,670.9639999999999,180.0,670.9639999999999,180.0,677.921,171.0,677.921,L,paragraph
720,195.0,665.553,240.0,665.553,240.0,682.559,195.0,682.559,−z(l)T,paragraph
721,243.0,671.737,273.0,671.737,273.0,683.332,243.0,683.332,u(l).,paragraph
722,278.0,672.51,340.0,672.51,340.0,683.332,278.0,683.332,Theorem,paragraph
723,345.0,672.51,353.0,672.51,353.0,683.332,345.0,683.332,1,paragraph
724,358.0,672.51,402.0,672.51,402.0,683.332,358.0,683.332,shows,paragraph
725,407.0,672.51,434.0,672.51,434.0,683.332,407.0,683.332,that,paragraph
726,439.0,672.51,490.0,672.51,490.0,683.332,439.0,683.332,solving,paragraph
727,509.0,672.51,593.0,672.51,593.0,683.332,509.0,683.332,overlapping,paragraph
728,601.0,672.51,649.0,672.51,649.0,683.332,601.0,683.332,groups,paragraph
729,657.0,665.553,676.0,665.553,676.0,682.559,657.0,682.559,Gu,paragraph
730,687.0,673.283,699.0,673.283,699.0,682.559,687.0,682.559,=,paragraph
731,709.0,665.553,730.0,665.553,730.0,682.559,709.0,682.559,{G,paragraph
732,738.0,673.283,742.0,673.283,742.0,682.559,738.0,682.559,,,paragraph
733,745.0,673.283,758.0,673.283,758.0,682.559,745.0,682.559,G,paragraph
734,765.0,673.283,770.0,673.283,770.0,682.559,765.0,682.559,,,paragraph
735,772.0,665.553,777.0,665.553,777.0,682.559,772.0,682.559,·,paragraph
736,780.0,665.553,784.0,665.553,784.0,682.559,780.0,682.559,·,paragraph
737,787.0,665.553,791.0,665.553,791.0,682.559,787.0,682.559,·,paragraph
738,797.0,673.283,801.0,673.283,801.0,682.559,797.0,682.559,,,paragraph
739,804.0,673.283,817.0,673.283,817.0,682.559,804.0,682.559,G,paragraph
740,826.0,665.553,835.0,665.553,835.0,682.559,826.0,682.559,},paragraph
741,843.0,672.51,869.0,672.51,869.0,683.332,843.0,683.332,and,paragraph
742,877.0,673.283,886.0,673.283,886.0,682.559,877.0,682.559,v,paragraph
743,895.0,672.51,921.0,672.51,921.0,683.332,895.0,683.332,cor-,paragraph
744,100.0,677.148,107.0,677.148,107.0,683.332,100.0,683.332,u,paragraph
745,171.0,677.921,191.0,677.921,191.0,684.878,171.0,684.878,l=1,paragraph
746,216.0,676.375,224.0,676.375,224.0,683.332,216.0,683.332,u,paragraph
747,457.0,677.148,469.0,677.148,469.0,694.154,457.0,694.154,−,paragraph
748,730.0,677.148,737.0,677.148,737.0,683.332,730.0,683.332,1,paragraph
749,758.0,677.148,764.0,677.148,764.0,683.332,758.0,683.332,2,paragraph
750,817.0,677.148,826.0,677.148,826.0,683.332,817.0,683.332,L,paragraph
751,78.0,683.332,136.0,683.332,136.0,694.927,78.0,694.927,problem,paragraph
752,140.0,683.332,166.0,683.332,166.0,694.927,140.0,694.927,(14),paragraph
753,170.0,683.332,181.0,683.332,181.0,694.927,170.0,694.927,is,paragraph
754,186.0,683.332,258.0,683.332,258.0,694.927,186.0,694.927,equivalent,paragraph
755,262.0,683.332,276.0,683.332,276.0,694.927,262.0,694.927,to,paragraph
756,280.0,683.332,329.0,683.332,329.0,694.927,280.0,694.927,forcing,paragraph
757,333.0,683.332,355.0,683.332,355.0,694.927,333.0,694.927,the,paragraph
758,359.0,683.332,420.0,683.332,420.0,694.927,359.0,694.927,elements,paragraph
759,424.0,683.332,438.0,683.332,438.0,694.927,424.0,694.927,in,paragraph
760,442.0,684.105,453.0,684.105,453.0,694.154,442.0,694.154,L,paragraph
761,473.0,684.105,481.0,684.105,481.0,694.154,473.0,694.154,k,paragraph
762,509.0,683.332,572.0,683.332,572.0,694.927,509.0,694.927,responds,paragraph
763,579.0,683.332,593.0,683.332,593.0,694.927,579.0,694.927,to,paragraph
764,600.0,683.332,621.0,683.332,621.0,694.927,600.0,694.927,the,paragraph
765,628.0,683.332,747.0,683.332,747.0,694.927,628.0,694.927,column-variables,paragraph
766,754.0,683.332,768.0,683.332,768.0,694.927,754.0,694.927,of,paragraph
767,775.0,684.105,790.0,684.105,790.0,694.154,775.0,694.154,X,paragraph
768,799.0,683.332,830.0,683.332,830.0,694.927,799.0,694.927,with,paragraph
769,837.0,683.332,921.0,683.332,921.0,694.927,837.0,694.927,overlapping,paragraph
770,481.0,687.97,489.0,687.97,489.0,694.927,481.0,694.927,u,paragraph
771,563.0,688.743,573.0,688.743,573.0,704.976,563.0,704.976,G,paragraph
772,608.0,688.743,616.0,688.743,616.0,704.976,608.0,704.976,{,paragraph
773,671.0,688.743,675.0,688.743,675.0,704.976,671.0,704.976,·,paragraph
774,678.0,688.743,682.0,688.743,682.0,704.976,678.0,704.976,·,paragraph
775,685.0,688.743,690.0,688.743,690.0,704.976,685.0,704.976,·,paragraph
776,730.0,688.743,738.0,688.743,738.0,704.976,730.0,704.976,},paragraph
777,78.0,694.927,126.0,694.927,126.0,705.749,78.0,705.749,groups,paragraph
778,133.0,694.927,147.0,694.927,147.0,705.749,133.0,705.749,of,paragraph
779,154.0,695.7,163.0,695.7,163.0,704.976,154.0,704.976,z,paragraph
780,179.0,694.927,211.0,694.927,211.0,705.749,179.0,705.749,with,paragraph
781,218.0,694.927,239.0,694.927,239.0,705.749,218.0,705.749,the,paragraph
782,247.0,694.927,303.0,694.927,303.0,705.749,247.0,705.749,smallest,paragraph
783,310.0,694.927,394.0,694.927,394.0,705.749,310.0,705.749,group-norm,paragraph
784,401.0,694.927,446.0,694.927,446.0,705.749,401.0,705.749,values,paragraph
785,453.0,694.927,466.0,694.927,466.0,705.749,453.0,705.749,to,paragraph
786,474.0,694.927,490.0,694.927,490.0,705.749,474.0,705.749,be,paragraph
787,509.0,694.927,558.0,694.927,558.0,705.749,509.0,705.749,groups,paragraph
788,574.0,694.154,580.0,694.154,580.0,701.111,574.0,701.111,v,paragraph
789,588.0,695.7,601.0,695.7,601.0,704.976,588.0,704.976,=,paragraph
790,616.0,695.7,629.0,695.7,629.0,704.976,616.0,704.976,G,paragraph
791,636.0,695.7,641.0,695.7,641.0,704.976,636.0,704.976,,,paragraph
792,643.0,695.7,656.0,695.7,656.0,704.976,643.0,704.976,G,paragraph
793,663.0,695.7,668.0,695.7,668.0,704.976,663.0,704.976,,,paragraph
794,695.0,695.7,700.0,695.7,700.0,704.976,695.0,704.976,,,paragraph
795,702.0,695.7,715.0,695.7,715.0,704.976,702.0,704.976,G,paragraph
796,738.0,694.927,742.0,694.927,742.0,705.749,738.0,705.749,.,paragraph
797,747.0,694.927,762.0,694.927,762.0,705.749,747.0,705.749,In,paragraph
798,767.0,694.927,804.0,694.927,804.0,705.749,767.0,705.749,other,paragraph
799,809.0,694.927,857.0,694.927,857.0,705.749,809.0,705.749,words,,paragraph
800,862.0,695.7,873.0,695.7,873.0,704.976,862.0,704.976,u,paragraph
801,879.0,694.927,905.0,694.927,905.0,705.749,879.0,705.749,and,paragraph
802,911.0,695.7,920.0,695.7,920.0,704.976,911.0,704.976,v,paragraph
803,163.0,699.565,171.0,699.565,171.0,706.522,163.0,706.522,u,paragraph
804,629.0,699.565,635.0,699.565,635.0,706.522,629.0,706.522,1,paragraph
805,656.0,699.565,663.0,699.565,663.0,706.522,656.0,706.522,2,paragraph
806,715.0,699.565,727.0,699.565,727.0,706.522,715.0,706.522,M,paragraph
807,78.0,705.749,118.0,705.749,118.0,717.344,78.0,717.344,zeros.,paragraph
808,123.0,705.749,144.0,705.749,144.0,717.344,123.0,717.344,We,paragraph
809,149.0,705.749,173.0,705.749,173.0,717.344,149.0,717.344,can,paragraph
810,178.0,705.749,217.0,705.749,217.0,717.344,178.0,717.344,easily,paragraph
811,222.0,705.749,262.0,705.749,262.0,717.344,222.0,717.344,prove,paragraph
812,267.0,705.749,294.0,705.749,294.0,717.344,267.0,717.344,that,paragraph
813,299.0,705.749,360.0,705.749,360.0,717.344,299.0,717.344,Theorem,paragraph
814,365.0,705.749,373.0,705.749,373.0,717.344,365.0,717.344,1,paragraph
815,378.0,705.749,389.0,705.749,389.0,717.344,378.0,717.344,is,paragraph
816,394.0,705.749,426.0,705.749,426.0,717.344,394.0,717.344,true.,paragraph
817,431.0,705.749,464.0,705.749,464.0,717.344,431.0,717.344,Here,paragraph
818,469.0,705.749,490.0,705.749,490.0,717.344,469.0,717.344,we,paragraph
819,509.0,705.749,533.0,705.749,533.0,717.344,509.0,717.344,can,paragraph
820,540.0,705.749,556.0,705.749,556.0,717.344,540.0,717.344,be,paragraph
821,562.0,705.749,645.0,705.749,645.0,717.344,562.0,717.344,respectively,paragraph
822,651.0,705.749,705.0,705.749,705.0,717.344,651.0,717.344,divided,paragraph
823,712.0,705.749,739.0,705.749,739.0,717.344,712.0,717.344,into,paragraph
824,745.0,706.522,756.0,706.522,756.0,716.571,745.0,716.571,L,paragraph
825,763.0,705.749,789.0,705.749,789.0,717.344,763.0,717.344,and,paragraph
826,796.0,706.522,812.0,706.522,812.0,716.571,796.0,716.571,M,paragraph
827,820.0,705.749,872.0,705.749,872.0,717.344,820.0,717.344,groups,,paragraph
828,879.0,705.749,921.0,705.749,921.0,717.344,879.0,717.344,which,paragraph
829,725.0,711.1600000000001,735.0,711.1600000000001,735.0,728.1659999999999,725.0,728.1659999999999,∈,paragraph
830,748.0,713.479,759.0,713.479,759.0,725.847,748.0,725.847,R,paragraph
831,771.0,711.933,781.0,711.933,781.0,723.528,771.0,723.528,×,paragraph
832,78.0,717.344,110.0,717.344,110.0,728.1659999999999,78.0,728.1659999999999,omit,paragraph
833,114.0,717.344,136.0,717.344,136.0,728.1659999999999,114.0,728.1659999999999,the,paragraph
834,140.0,717.344,180.0,717.344,180.0,728.1659999999999,140.0,728.1659999999999,prove,paragraph
835,184.0,717.344,239.0,717.344,239.0,728.1659999999999,184.0,728.1659999999999,process.,paragraph
836,509.0,717.344,533.0,717.344,533.0,728.1659999999999,509.0,728.1659999999999,can,paragraph
837,543.0,717.344,559.0,717.344,559.0,728.1659999999999,543.0,728.1659999999999,be,paragraph
838,568.0,717.344,649.0,717.344,649.0,728.1659999999999,568.0,728.1659999999999,represented,paragraph
839,659.0,717.344,676.0,717.344,676.0,728.1659999999999,659.0,728.1659999999999,by,paragraph
840,685.0,718.1170000000001,710.0,718.1170000000001,710.0,729.712,685.0,729.712,uGl,paragraph
841,759.0,716.571,770.0,716.571,770.0,724.301,759.0,724.301,pl,paragraph
842,781.0,716.571,793.0,716.571,793.0,728.1659999999999,781.0,728.1659999999999,1,,paragraph
843,795.0,718.1170000000001,800.0,718.1170000000001,800.0,728.1659999999999,795.0,728.1659999999999,l,paragraph
844,813.0,718.1170000000001,826.0,718.1170000000001,826.0,728.1659999999999,813.0,728.1659999999999,=,paragraph
845,838.0,718.1170000000001,851.0,718.1170000000001,851.0,728.1659999999999,838.0,728.1659999999999,1,,paragraph
846,853.0,718.1170000000001,871.0,718.1170000000001,871.0,728.1659999999999,853.0,728.1659999999999,...,,paragraph
847,874.0,718.1170000000001,885.0,718.1170000000001,885.0,728.1659999999999,874.0,728.1659999999999,L,paragraph
848,895.0,717.344,921.0,717.344,921.0,728.1659999999999,895.0,728.1659999999999,and,paragraph
849,78.0,39.422999999999995,490.0,39.422999999999995,490.0,39.422999999999995,78.0,39.422999999999995,##LTLine##,equation
850,78.0,53.337,490.0,53.337,490.0,53.337,78.0,53.337,##LTLine##,equation
851,260.0,163.876,292.0,163.876,292.0,163.876,260.0,163.876,##LTLine##,paragraph
852,155.0,197.888,183.0,197.888,183.0,197.888,155.0,197.888,##LTLine##,paragraph
853,274.0,265.912,321.0,265.912,321.0,265.912,274.0,265.912,##LTLine##,paragraph
854,153.0,300.697,181.0,300.697,181.0,300.697,153.0,300.697,##LTLine##,paragraph
855,78.0,343.985,490.0,343.985,490.0,343.985,78.0,343.985,##LTLine##,equation
856,413.0,535.689,484.0,535.689,484.0,535.689,413.0,535.689,##LTLine##,paragraph
857,586.0,153.827,663.0,153.827,663.0,153.827,586.0,153.827,##LTLine##,paragraph
858,509.0,228.808,921.0,228.808,921.0,228.808,509.0,228.808,##LTLine##,paragraph
859,509.0,242.722,921.0,242.722,921.0,242.722,509.0,242.722,##LTLine##,paragraph
860,586.0,319.24899999999997,615.0,319.24899999999997,615.0,319.24899999999997,586.0,319.24899999999997,##LTLine##,paragraph
861,585.0,355.58000000000004,612.0,355.58000000000004,612.0,355.58000000000004,585.0,355.58000000000004,##LTLine##,paragraph
862,509.0,398.868,921.0,398.868,921.0,398.868,509.0,398.868,##LTLine##,paragraph
863,809.0,516.364,821.0,516.364,821.0,516.364,809.0,516.364,##LTLine##,paragraph
