0,582.0,54.11000000000001,602.0,54.11000000000001,602.0,65.705,582.0,65.705,IV.,section
1,611.0,54.11000000000001,640.0,54.11000000000001,640.0,65.705,611.0,65.705,THE,section
2,645.0,56.428999999999995,728.0,56.428999999999995,728.0,65.705,645.0,65.705,CANONICAL,section
3,733.0,56.428999999999995,806.0,56.428999999999995,806.0,65.705,733.0,65.705,PARTITION,section
4,811.0,56.428999999999995,841.0,56.428999999999995,841.0,65.705,811.0,65.705,AND,section
5,586.0,68.024,613.0,68.024,613.0,77.30000000000001,586.0,77.30000000000001,THE,section
6,618.0,65.705,714.0,65.705,714.0,78.07300000000001,618.0,78.07300000000001,MORSE-BOTT,section
7,719.0,68.024,763.0,68.024,763.0,77.30000000000001,719.0,77.30000000000001,INDEX,section
8,768.0,68.024,836.0,68.024,836.0,77.30000000000001,768.0,77.30000000000001,FORMULA,section
9,528.0,81.16499999999999,541.0,81.16499999999999,541.0,93.533,528.0,93.533,In,paragraph
10,546.0,81.16499999999999,569.0,81.16499999999999,569.0,93.533,546.0,93.533,this,paragraph
11,574.0,81.16499999999999,624.0,81.16499999999999,624.0,93.533,574.0,93.533,section,,paragraph
12,629.0,81.16499999999999,648.0,81.16499999999999,648.0,93.533,629.0,93.533,we,paragraph
13,653.0,81.16499999999999,678.0,81.16499999999999,678.0,93.533,653.0,93.533,will,paragraph
14,683.0,81.16499999999999,726.0,81.16499999999999,726.0,93.533,683.0,93.533,review,paragraph
15,731.0,81.16499999999999,765.0,81.16499999999999,765.0,93.533,731.0,93.533,some,paragraph
16,770.0,81.16499999999999,793.0,81.16499999999999,793.0,93.533,770.0,93.533,key,paragraph
17,798.0,81.16499999999999,840.0,81.16499999999999,840.0,93.533,798.0,93.533,results,paragraph
18,845.0,81.16499999999999,911.0,81.16499999999999,911.0,93.533,845.0,93.533,developed,paragraph
19,511.0,92.75999999999999,524.0,92.75999999999999,524.0,105.12800000000001,511.0,105.12800000000001,in,paragraph
20,530.0,92.75999999999999,553.0,92.75999999999999,553.0,105.12800000000001,530.0,105.12800000000001,[1].,paragraph
21,511.0,105.12800000000001,525.0,105.12800000000001,525.0,116.723,511.0,116.723,A.,section
22,533.0,105.12800000000001,558.0,105.12800000000001,558.0,116.723,533.0,116.723,The,section
23,564.0,105.12800000000001,628.0,105.12800000000001,628.0,116.723,564.0,116.723,canonical,section
24,633.0,105.12800000000001,690.0,105.12800000000001,690.0,116.723,633.0,116.723,partition,section
25,556.0,116.723,569.0,116.723,569.0,129.864,556.0,129.864,G,paragraph
26,528.0,119.815,549.0,119.815,549.0,131.41,528.0,131.41,Let,paragraph
27,574.0,122.134,586.0,122.134,586.0,131.41,574.0,131.41,=,paragraph
28,591.0,119.815,630.0,119.815,630.0,131.41,591.0,131.41,(V,E),paragraph
29,637.0,119.815,652.0,119.815,652.0,131.41,637.0,131.41,be,paragraph
30,660.0,119.815,667.0,119.815,667.0,131.41,660.0,131.41,a,paragraph
31,674.0,119.815,710.0,119.815,710.0,131.41,674.0,131.41,TLG,,paragraph
32,717.0,119.815,740.0,119.815,740.0,131.41,717.0,131.41,and,paragraph
33,748.0,119.815,764.0,119.815,764.0,131.41,748.0,131.41,let,paragraph
34,772.0,119.815,780.0,119.815,780.0,131.41,772.0,131.41,p,paragraph
35,787.0,119.815,803.0,119.815,803.0,131.41,787.0,131.41,be,paragraph
36,810.0,119.815,817.0,119.815,817.0,131.41,810.0,131.41,a,paragraph
37,824.0,119.815,911.0,119.815,911.0,131.41,824.0,131.41,conﬁguration,paragraph
38,511.0,131.41,524.0,131.41,524.0,143.778,511.0,143.778,in,paragraph
39,531.0,131.41,545.0,131.41,545.0,143.778,531.0,143.778,P.,paragraph
40,552.0,131.41,574.0,131.41,574.0,143.778,552.0,143.778,We,paragraph
41,581.0,131.41,606.0,131.41,606.0,143.778,581.0,143.778,will,paragraph
42,613.0,131.41,641.0,131.41,641.0,143.778,613.0,143.778,now,paragraph
43,648.0,131.41,710.0,131.41,710.0,143.778,648.0,143.778,introduce,paragraph
44,717.0,131.41,737.0,131.41,737.0,143.778,717.0,143.778,the,paragraph
45,744.0,131.41,808.0,131.41,808.0,143.005,744.0,143.005,canonical,paragraph
46,815.0,131.41,872.0,131.41,872.0,143.005,815.0,143.005,partition,paragraph
47,879.0,131.41,893.0,131.41,893.0,143.778,879.0,143.778,of,paragraph
48,900.0,131.41,910.0,131.41,910.0,143.005,900.0,143.005,E,paragraph
49,895.0,139.91299999999998,907.0,139.91299999999998,907.0,153.054,895.0,153.054,G,paragraph
50,511.0,143.005,578.0,143.005,578.0,155.37300000000002,511.0,155.37300000000002,associated,paragraph
51,585.0,143.005,614.0,143.005,614.0,155.37300000000002,585.0,155.37300000000002,with,paragraph
52,622.0,143.005,634.0,143.005,634.0,155.37300000000002,622.0,155.37300000000002,p.,paragraph
53,640.0,143.005,689.0,143.005,689.0,155.37300000000002,640.0,155.37300000000002,Choose,paragraph
54,696.0,143.005,703.0,143.005,703.0,155.37300000000002,696.0,155.37300000000002,a,paragraph
55,710.0,143.005,781.0,143.005,781.0,155.37300000000002,710.0,155.37300000000002,Henneberg,paragraph
56,787.0,143.005,868.0,143.005,868.0,155.37300000000002,787.0,155.37300000000002,construction,paragraph
57,874.0,143.005,888.0,143.005,888.0,155.37300000000002,874.0,155.37300000000002,of,paragraph
58,907.0,143.005,911.0,143.005,911.0,155.37300000000002,907.0,155.37300000000002,,,paragraph
59,511.0,155.37300000000002,535.0,155.37300000000002,535.0,166.968,511.0,166.968,and,paragraph
60,542.0,155.37300000000002,561.0,155.37300000000002,561.0,166.968,542.0,166.968,we,paragraph
61,568.0,155.37300000000002,600.0,155.37300000000002,600.0,166.968,568.0,166.968,label,paragraph
62,607.0,155.37300000000002,627.0,155.37300000000002,627.0,166.968,607.0,166.968,the,paragraph
63,634.0,155.37300000000002,685.0,155.37300000000002,685.0,166.968,634.0,166.968,vertices,paragraph
64,692.0,155.37300000000002,721.0,155.37300000000002,721.0,166.968,692.0,166.968,with,paragraph
65,728.0,155.37300000000002,774.0,155.37300000000002,774.0,166.968,728.0,166.968,respect,paragraph
66,782.0,155.37300000000002,794.0,155.37300000000002,794.0,166.968,782.0,166.968,to,paragraph
67,802.0,155.37300000000002,822.0,155.37300000000002,822.0,166.968,802.0,166.968,the,paragraph
68,829.0,155.37300000000002,863.0,155.37300000000002,863.0,166.968,829.0,166.968,order,paragraph
69,871.0,155.37300000000002,884.0,155.37300000000002,884.0,166.968,871.0,166.968,of,paragraph
70,891.0,155.37300000000002,911.0,155.37300000000002,911.0,166.968,891.0,166.968,the,paragraph
71,511.0,166.968,596.0,166.968,596.0,178.56300000000002,511.0,178.56300000000002,construction.,paragraph
72,604.0,166.968,630.0,166.968,630.0,178.56300000000002,604.0,178.56300000000002,The,paragraph
73,638.0,166.968,693.0,166.968,693.0,178.56300000000002,638.0,178.56300000000002,partition,paragraph
74,702.0,166.968,713.0,166.968,713.0,178.56300000000002,702.0,178.56300000000002,is,paragraph
75,721.0,166.968,749.0,166.968,749.0,178.56300000000002,721.0,178.56300000000002,then,paragraph
76,758.0,166.968,805.0,166.968,805.0,178.56300000000002,758.0,178.56300000000002,deﬁned,paragraph
77,814.0,166.968,887.0,166.968,887.0,178.56300000000002,814.0,178.56300000000002,inductively,paragraph
78,895.0,166.968,911.0,166.968,911.0,178.56300000000002,895.0,178.56300000000002,by,paragraph
79,88.0,177.79000000000002,108.0,177.79000000000002,108.0,187.066,88.0,187.066,Fig.,paragraph
80,112.0,177.79000000000002,122.0,177.79000000000002,122.0,187.066,112.0,187.066,1.,paragraph
81,134.0,177.79000000000002,150.0,177.79000000000002,150.0,187.066,134.0,187.066,An,paragraph
82,154.0,177.79000000000002,197.0,177.79000000000002,197.0,187.066,154.0,187.066,example,paragraph
83,201.0,177.79000000000002,212.0,177.79000000000002,212.0,187.066,201.0,187.066,of,paragraph
84,216.0,177.79000000000002,222.0,177.79000000000002,222.0,187.066,216.0,187.066,a,paragraph
85,226.0,177.79000000000002,254.0,177.79000000000002,254.0,187.066,226.0,187.066,TLG.,paragraph
86,258.0,177.79000000000002,283.0,177.79000000000002,283.0,187.066,258.0,187.066,Start,paragraph
87,287.0,177.79000000000002,310.0,177.79000000000002,310.0,187.066,287.0,187.066,with,paragraph
88,314.0,177.79000000000002,338.0,177.79000000000002,338.0,187.066,314.0,187.066,edge,paragraph
89,342.0,177.79000000000002,370.0,177.79000000000002,370.0,187.066,342.0,187.066,(1,2),,paragraph
90,374.0,177.79000000000002,390.0,177.79000000000002,390.0,187.066,374.0,187.066,we,paragraph
91,393.0,177.79000000000002,416.0,177.79000000000002,416.0,187.066,393.0,187.066,then,paragraph
92,420.0,177.79000000000002,488.0,177.79000000000002,488.0,187.066,420.0,187.066,subsequently,paragraph
93,511.0,178.56300000000002,574.0,178.56300000000002,574.0,190.158,511.0,190.158,following,paragraph
94,580.0,178.56300000000002,600.0,178.56300000000002,600.0,190.158,580.0,190.158,the,paragraph
95,605.0,178.56300000000002,690.0,178.56300000000002,690.0,190.158,605.0,190.158,construction.,paragraph
96,88.0,187.066,108.0,187.066,108.0,196.342,88.0,196.342,join,paragraph
97,113.0,187.066,153.0,187.066,153.0,196.342,113.0,196.342,vertices,paragraph
98,157.0,187.066,167.0,187.066,167.0,196.342,157.0,196.342,3,,paragraph
99,172.0,187.066,178.0,187.066,178.0,196.342,172.0,196.342,4,paragraph
100,183.0,187.066,202.0,187.066,202.0,196.342,183.0,196.342,and,paragraph
101,206.0,187.066,213.0,187.066,213.0,196.342,206.0,196.342,5,paragraph
102,217.0,187.066,227.0,187.066,227.0,196.342,217.0,196.342,to,paragraph
103,232.0,187.066,251.0,187.066,251.0,196.342,232.0,196.342,two,paragraph
104,256.0,187.066,297.0,187.066,297.0,196.342,256.0,196.342,existing,paragraph
105,302.0,187.066,345.0,187.066,345.0,196.342,302.0,196.342,adjacent,paragraph
106,349.0,187.066,393.0,187.066,393.0,196.342,349.0,196.342,vertices.,paragraph
107,774.0,187.839,790.0,187.839,790.0,202.526,774.0,202.526,G(cid:48),paragraph
108,833.0,187.839,837.0,187.839,837.0,200.207,833.0,200.207,(cid:48),paragraph
109,855.0,187.839,858.0,187.839,858.0,200.207,855.0,200.207,(cid:48),paragraph
110,899.0,189.385,911.0,189.385,911.0,202.526,899.0,202.526,G,paragraph
111,511.0,193.25,543.0,193.25,543.0,204.845,511.0,204.845,Base,paragraph
112,553.0,193.25,586.0,193.25,586.0,204.845,553.0,204.845,case.,paragraph
113,596.0,193.25,626.0,193.25,626.0,204.845,596.0,204.845,Start,paragraph
114,636.0,193.25,665.0,193.25,665.0,204.845,636.0,204.845,with,paragraph
115,675.0,193.25,695.0,193.25,695.0,204.845,675.0,204.845,the,paragraph
116,705.0,193.25,765.0,193.25,765.0,204.845,705.0,204.845,subgraph,paragraph
117,797.0,194.796,810.0,194.796,810.0,204.845,797.0,204.845,=,paragraph
118,816.0,193.25,831.0,193.25,831.0,204.845,816.0,204.845,(V,paragraph
119,837.0,193.25,854.0,193.25,854.0,204.845,837.0,204.845,,E,paragraph
120,859.0,194.796,865.0,194.796,865.0,204.845,859.0,204.845,),paragraph
121,875.0,193.25,889.0,193.25,889.0,204.845,875.0,204.845,of,paragraph
122,674.0,199.434,678.0,199.434,678.0,211.80200000000002,674.0,211.80200000000002,(cid:48),paragraph
123,700.0,199.434,708.0,199.434,708.0,216.44000000000003,700.0,216.44000000000003,{,paragraph
124,731.0,199.434,739.0,199.434,739.0,216.44000000000003,731.0,216.44000000000003,},paragraph
125,511.0,204.845,577.0,204.845,577.0,216.44000000000003,511.0,216.44000000000003,consisting,paragraph
126,585.0,204.845,598.0,204.845,598.0,216.44000000000003,585.0,216.44000000000003,of,paragraph
127,605.0,204.845,656.0,204.845,656.0,216.44000000000003,605.0,216.44000000000003,vertices,paragraph
128,662.0,204.845,672.0,204.845,672.0,216.44000000000003,662.0,216.44000000000003,V,paragraph
129,683.0,206.39100000000002,696.0,206.39100000000002,696.0,216.44000000000003,683.0,216.44000000000003,=,paragraph
130,708.0,204.845,731.0,204.845,731.0,216.44000000000003,708.0,216.44000000000003,1,2,paragraph
131,739.0,204.845,743.0,204.845,743.0,216.44000000000003,739.0,216.44000000000003,.,paragraph
132,750.0,204.845,786.0,204.845,786.0,216.44000000000003,750.0,216.44000000000003,Since,paragraph
133,794.0,204.845,826.0,204.845,826.0,216.44000000000003,794.0,216.44000000000003,there,paragraph
134,833.0,204.845,844.0,204.845,844.0,216.44000000000003,833.0,216.44000000000003,is,paragraph
135,852.0,204.845,880.0,204.845,880.0,216.44000000000003,852.0,216.44000000000003,only,paragraph
136,888.0,204.845,911.0,204.845,911.0,216.44000000000003,888.0,216.44000000000003,one,paragraph
137,618.0,211.02900000000002,621.0,211.02900000000002,621.0,224.17,618.0,224.17,(cid:48),paragraph
138,749.0,211.02900000000002,752.0,211.02900000000002,752.0,224.17,749.0,224.17,(cid:48),paragraph
139,511.0,216.44000000000003,542.0,216.44000000000003,542.0,228.035,511.0,228.035,edge,paragraph
140,548.0,216.44000000000003,583.0,216.44000000000003,583.0,228.035,548.0,228.035,(1,2),paragraph
141,589.0,216.44000000000003,601.0,216.44000000000003,601.0,228.035,589.0,228.035,in,paragraph
142,607.0,216.44000000000003,617.0,216.44000000000003,617.0,228.035,607.0,228.035,E,paragraph
143,622.0,216.44000000000003,626.0,216.44000000000003,626.0,228.035,622.0,228.035,,,paragraph
144,632.0,216.44000000000003,652.0,216.44000000000003,652.0,228.035,632.0,228.035,the,paragraph
145,658.0,216.44000000000003,713.0,216.44000000000003,713.0,228.035,658.0,228.035,partition,paragraph
146,718.0,216.44000000000003,732.0,216.44000000000003,732.0,228.035,718.0,228.035,of,paragraph
147,738.0,216.44000000000003,748.0,216.44000000000003,748.0,228.035,738.0,228.035,E,paragraph
148,759.0,216.44000000000003,770.0,216.44000000000003,770.0,228.035,759.0,228.035,is,paragraph
149,775.0,216.44000000000003,818.0,216.44000000000003,818.0,228.035,775.0,228.035,trivial.,paragraph
150,104.0,225.71599999999998,133.0,225.71599999999998,133.0,237.311,104.0,237.311,This,paragraph
151,139.0,225.71599999999998,177.0,225.71599999999998,177.0,237.311,139.0,237.311,group,paragraph
152,182.0,225.71599999999998,222.0,225.71599999999998,222.0,237.311,182.0,237.311,action,paragraph
153,228.0,225.71599999999998,239.0,225.71599999999998,239.0,237.311,228.0,237.311,is,paragraph
154,244.0,225.71599999999998,278.0,225.71599999999998,278.0,237.311,244.0,237.311,often,paragraph
155,283.0,225.71599999999998,335.0,225.71599999999998,335.0,237.311,283.0,237.311,referred,paragraph
156,340.0,225.71599999999998,354.0,225.71599999999998,354.0,237.311,340.0,237.311,as,paragraph
157,360.0,225.71599999999998,379.0,225.71599999999998,379.0,237.311,360.0,237.311,the,paragraph
158,385.0,225.71599999999998,423.0,225.71599999999998,423.0,237.311,385.0,237.311,group,paragraph
159,429.0,225.71599999999998,469.0,225.71599999999998,469.0,237.311,429.0,237.311,action,paragraph
160,474.0,225.71599999999998,488.0,225.71599999999998,488.0,237.311,474.0,237.311,of,paragraph
161,680.0,225.71599999999998,696.0,225.71599999999998,696.0,240.403,680.0,240.403,G(cid:48),paragraph
162,737.0,225.71599999999998,740.0,225.71599999999998,740.0,238.084,737.0,238.084,(cid:48),paragraph
163,758.0,225.71599999999998,762.0,225.71599999999998,762.0,238.084,758.0,238.084,(cid:48),paragraph
164,899.0,227.262,911.0,227.262,911.0,240.403,899.0,240.403,G,paragraph
165,511.0,231.12699999999998,572.0,231.12699999999998,572.0,242.722,511.0,242.722,Inductive,paragraph
166,580.0,231.12699999999998,610.0,231.12699999999998,610.0,242.722,580.0,242.722,step.,paragraph
167,618.0,231.12699999999998,673.0,231.12699999999998,673.0,242.722,618.0,242.722,Suppose,paragraph
168,702.0,232.673,715.0,232.673,715.0,242.722,702.0,242.722,=,paragraph
169,719.0,231.12699999999998,735.0,231.12699999999998,735.0,242.722,719.0,242.722,(V,paragraph
170,741.0,231.12699999999998,757.0,231.12699999999998,757.0,242.722,741.0,242.722,,E,paragraph
171,762.0,232.673,769.0,232.673,769.0,242.722,762.0,242.722,),paragraph
172,777.0,231.12699999999998,787.0,231.12699999999998,787.0,242.722,777.0,242.722,is,paragraph
173,795.0,231.12699999999998,802.0,231.12699999999998,802.0,242.722,795.0,242.722,a,paragraph
174,810.0,231.12699999999998,870.0,231.12699999999998,870.0,242.722,810.0,242.722,subgraph,paragraph
175,877.0,231.12699999999998,891.0,231.12699999999998,891.0,242.722,877.0,242.722,of,paragraph
176,88.0,237.311,118.0,237.311,118.0,248.906,88.0,248.906,rigid,paragraph
177,125.0,237.311,171.0,237.311,171.0,248.906,125.0,248.906,motion,paragraph
178,177.0,237.311,229.0,237.311,229.0,248.906,177.0,248.906,because,paragraph
179,235.0,237.311,244.0,237.311,244.0,248.906,235.0,248.906,it,paragraph
180,250.0,237.311,312.0,237.311,312.0,248.906,250.0,248.906,preserves,paragraph
181,318.0,237.311,338.0,237.311,338.0,248.906,318.0,248.906,the,paragraph
182,344.0,237.311,381.0,237.311,381.0,248.906,344.0,248.906,shape,paragraph
183,387.0,237.311,401.0,237.311,401.0,248.906,387.0,248.906,of,paragraph
184,407.0,237.311,415.0,237.311,415.0,248.906,407.0,248.906,a,paragraph
185,421.0,237.311,488.0,237.311,488.0,248.906,421.0,248.906,conﬁgura-,paragraph
186,682.0,237.311,685.0,237.311,685.0,249.679,682.0,249.679,(cid:48),paragraph
187,711.0,237.311,719.0,237.311,719.0,254.317,711.0,254.317,{,paragraph
188,733.0,237.311,750.0,237.311,750.0,254.317,733.0,254.317,···,paragraph
189,772.0,237.311,785.0,237.311,785.0,254.317,772.0,254.317,−,paragraph
190,797.0,237.311,805.0,237.311,805.0,254.317,797.0,254.317,},paragraph
191,511.0,242.722,577.0,242.722,577.0,254.317,511.0,254.317,consisting,paragraph
192,587.0,242.722,601.0,242.722,601.0,254.317,587.0,254.317,of,paragraph
193,611.0,242.722,661.0,242.722,661.0,254.317,611.0,254.317,vertices,paragraph
194,670.0,242.722,680.0,242.722,680.0,254.317,670.0,254.317,V,paragraph
195,692.0,244.268,705.0,244.268,705.0,254.317,692.0,254.317,=,paragraph
196,719.0,242.722,731.0,242.722,731.0,254.317,719.0,254.317,1,,paragraph
197,754.0,242.722,768.0,242.722,768.0,254.317,754.0,254.317,,n,paragraph
198,789.0,242.722,797.0,242.722,797.0,254.317,789.0,254.317,1,paragraph
199,805.0,242.722,809.0,242.722,809.0,254.317,805.0,254.317,,,paragraph
200,819.0,242.722,842.0,242.722,842.0,254.317,819.0,254.317,and,paragraph
201,852.0,242.722,871.0,242.722,871.0,254.317,852.0,254.317,we,paragraph
202,881.0,242.722,911.0,242.722,911.0,254.317,881.0,254.317,have,paragraph
203,88.0,248.906,117.0,248.906,117.0,260.50100000000003,88.0,260.50100000000003,tion.,paragraph
204,123.0,248.906,136.0,248.906,136.0,260.50100000000003,123.0,260.50100000000003,In,paragraph
205,142.0,248.906,166.0,248.906,166.0,260.50100000000003,142.0,260.50100000000003,this,paragraph
206,171.0,248.906,211.0,248.906,211.0,260.50100000000003,171.0,260.50100000000003,paper,,paragraph
207,217.0,248.906,236.0,248.906,236.0,260.50100000000003,217.0,260.50100000000003,we,paragraph
208,241.0,248.906,258.0,248.906,258.0,260.50100000000003,241.0,260.50100000000003,let,paragraph
209,599.0,248.906,602.0,248.906,602.0,262.047,599.0,262.047,(cid:48),paragraph
210,511.0,254.317,582.0,254.317,582.0,265.912,511.0,265.912,partitioned,paragraph
211,587.0,254.317,597.0,254.317,597.0,265.912,587.0,265.912,E,paragraph
212,608.0,254.317,634.0,254.317,634.0,265.912,608.0,265.912,into,paragraph
213,639.0,254.317,688.0,254.317,688.0,265.912,639.0,265.912,disjoint,paragraph
214,694.0,254.317,741.0,254.317,741.0,265.912,694.0,265.912,subsets,paragraph
215,747.0,254.317,760.0,254.317,760.0,265.912,747.0,265.912,as,paragraph
216,236.0,275.961,255.0,275.961,255.0,288.329,236.0,288.329,Op,equation
217,260.0,275.961,277.0,275.961,277.0,287.556,260.0,287.556,:=,equation
218,281.0,270.54999999999995,327.0,270.54999999999995,327.0,287.556,281.0,287.556,SE(2)·,equation
219,331.0,275.961,339.0,275.961,339.0,287.556,331.0,287.556,p,equation
220,469.0,275.961,488.0,275.961,488.0,287.556,469.0,287.556,(7),equation
221,650.0,272.86899999999997,664.0,272.86899999999997,664.0,289.875,650.0,289.875,E(cid:48),equation
222,669.0,279.82599999999996,681.0,279.82599999999996,681.0,289.875,669.0,289.875,=,equation
223,685.0,272.86899999999997,699.0,272.86899999999997,699.0,289.875,685.0,289.875,E(cid:48),equation
224,704.0,272.86899999999997,764.0,272.86899999999997,764.0,289.875,704.0,289.875,∪···∪E(cid:48),equation
225,768.0,279.82599999999996,771.0,279.82599999999996,771.0,289.875,768.0,289.875,(cid:48),equation
226,884.0,278.28,911.0,278.28,911.0,289.875,884.0,289.875,(10),equation
227,695.0,282.918,701.0,282.918,701.0,291.421,695.0,291.421,1,equation
228,760.0,283.691,768.0,283.691,768.0,292.194,760.0,292.194,m,equation
229,93.0,297.605,109.0,297.605,109.0,309.20000000000005,93.0,309.20000000000005,be,paragraph
230,114.0,297.605,134.0,297.605,134.0,309.20000000000005,114.0,309.20000000000005,the,paragraph
231,140.0,297.605,171.0,297.605,171.0,309.20000000000005,140.0,309.20000000000005,orbit,paragraph
232,177.0,297.605,190.0,297.605,190.0,309.20000000000005,177.0,309.20000000000005,of,paragraph
233,197.0,296.832,205.0,296.832,205.0,308.427,197.0,308.427,p,paragraph
234,211.0,297.605,240.0,297.605,240.0,309.20000000000005,211.0,309.20000000000005,with,paragraph
235,245.0,297.605,292.0,297.605,292.0,309.20000000000005,245.0,309.20000000000005,respect,paragraph
236,297.0,297.605,310.0,297.605,310.0,309.20000000000005,297.0,309.20000000000005,to,paragraph
237,316.0,297.605,336.0,297.605,336.0,309.20000000000005,316.0,309.20000000000005,the,paragraph
238,341.0,296.832,431.0,296.832,431.0,309.20000000000005,341.0,309.20000000000005,SE(2)-action.,paragraph
239,528.0,308.427,559.0,308.427,559.0,320.79499999999996,528.0,320.79499999999996,Now,paragraph
240,565.0,308.427,617.0,308.427,617.0,320.79499999999996,565.0,320.79499999999996,suppose,paragraph
241,623.0,308.427,663.0,308.427,663.0,320.79499999999996,623.0,320.79499999999996,vertex,paragraph
242,669.0,308.427,677.0,308.427,677.0,320.022,669.0,320.022,n,paragraph
243,683.0,308.427,715.0,308.427,715.0,320.79499999999996,683.0,320.79499999999996,joins,paragraph
244,721.0,308.427,733.0,308.427,733.0,320.79499999999996,721.0,320.79499999999996,to,paragraph
245,739.0,308.427,790.0,308.427,790.0,320.79499999999996,739.0,320.79499999999996,vertices,paragraph
246,795.0,308.427,800.0,308.427,800.0,320.022,795.0,320.022,i,paragraph
247,806.0,308.427,829.0,308.427,829.0,320.79499999999996,806.0,320.79499999999996,and,paragraph
248,838.0,308.427,842.0,308.427,842.0,320.022,838.0,320.022,j,paragraph
249,848.0,308.427,868.0,308.427,868.0,320.79499999999996,848.0,320.79499999999996,via,paragraph
250,874.0,308.427,911.0,308.427,911.0,320.79499999999996,874.0,320.79499999999996,edges,paragraph
251,88.0,313.838,100.0,313.838,100.0,325.433,88.0,325.433,3.,paragraph
252,105.0,313.838,183.0,313.838,183.0,325.433,105.0,325.433,Equivariant,paragraph
253,189.0,313.838,230.0,313.838,230.0,325.433,189.0,325.433,Morse,paragraph
254,236.0,313.838,293.0,313.838,293.0,325.433,236.0,325.433,function.,paragraph
255,299.0,313.838,319.0,313.838,319.0,325.433,299.0,325.433,An,paragraph
256,324.0,313.838,388.0,313.838,388.0,325.433,324.0,325.433,important,paragraph
257,393.0,313.838,469.0,313.838,469.0,325.433,393.0,325.433,observation,paragraph
258,474.0,313.838,488.0,313.838,488.0,325.433,474.0,325.433,of,paragraph
259,88.0,325.433,108.0,325.433,108.0,337.028,88.0,337.028,the,paragraph
260,114.0,325.433,171.0,325.433,171.0,337.028,114.0,337.028,potential,paragraph
261,177.0,325.433,231.0,325.433,231.0,337.028,177.0,337.028,function,paragraph
262,237.0,324.65999999999997,250.0,324.65999999999997,250.0,337.028,237.0,337.028,Φ,paragraph
263,256.0,325.433,267.0,325.433,267.0,337.028,256.0,337.028,is,paragraph
264,273.0,325.433,298.0,325.433,298.0,337.028,273.0,337.028,that,paragraph
265,304.0,324.65999999999997,316.0,324.65999999999997,316.0,337.028,304.0,337.028,Φ,paragraph
266,322.0,325.433,376.0,325.433,376.0,337.028,322.0,337.028,depends,paragraph
267,382.0,325.433,411.0,325.433,411.0,337.028,382.0,337.028,only,paragraph
268,417.0,325.433,433.0,325.433,433.0,337.028,417.0,337.028,on,paragraph
269,440.0,325.433,488.0,325.433,488.0,337.028,440.0,337.028,relative,paragraph
270,511.0,320.022,543.0,320.022,543.0,331.617,511.0,331.617,(i,n),paragraph
271,550.0,320.022,574.0,320.022,574.0,332.39,550.0,332.39,and,paragraph
272,581.0,320.022,620.0,320.022,620.0,332.39,581.0,332.39,(j,n),,paragraph
273,627.0,320.022,651.0,320.022,651.0,332.39,627.0,332.39,and,paragraph
274,658.0,320.022,677.0,320.022,677.0,332.39,658.0,332.39,we,paragraph
275,684.0,320.022,739.0,320.022,739.0,332.39,684.0,332.39,describe,paragraph
276,746.0,320.022,766.0,320.022,766.0,332.39,746.0,332.39,the,paragraph
277,773.0,320.022,799.0,320.022,799.0,332.39,773.0,332.39,rule,paragraph
278,806.0,320.022,820.0,320.022,820.0,332.39,806.0,332.39,of,paragraph
279,827.0,320.022,884.0,320.022,884.0,332.39,827.0,332.39,updating,paragraph
280,891.0,320.022,911.0,320.022,911.0,332.39,891.0,332.39,the,paragraph
281,511.0,332.39,566.0,332.39,566.0,343.985,511.0,343.985,partition,paragraph
282,572.0,332.39,588.0,332.39,588.0,343.985,572.0,343.985,by,paragraph
283,594.0,332.39,635.0,332.39,635.0,343.985,594.0,343.985,taking,paragraph
284,641.0,332.39,666.0,332.39,666.0,343.985,641.0,343.985,into,paragraph
285,672.0,332.39,722.0,332.39,722.0,343.985,672.0,343.985,account,paragraph
286,728.0,331.617,759.0,331.617,759.0,343.212,728.0,343.212,(i,n),paragraph
287,765.0,332.39,789.0,332.39,789.0,343.985,765.0,343.985,and,paragraph
288,794.0,331.617,833.0,331.617,833.0,343.985,794.0,343.985,(j,n).,paragraph
289,88.0,337.028,147.0,337.028,147.0,348.623,88.0,348.623,distances,paragraph
290,153.0,337.028,207.0,337.028,207.0,348.623,153.0,348.623,between,paragraph
291,213.0,337.028,259.0,337.028,259.0,348.623,213.0,348.623,agents.,paragraph
292,264.0,337.028,354.0,337.028,354.0,348.623,264.0,348.623,Consequently,paragraph
293,360.0,337.028,379.0,337.028,379.0,348.623,360.0,348.623,we,paragraph
294,384.0,337.028,414.0,337.028,414.0,348.623,384.0,348.623,have,paragraph
295,528.0,347.077,580.0,347.077,580.0,358.672,528.0,358.672,Without,paragraph
296,586.0,347.077,611.0,347.077,611.0,358.672,586.0,358.672,loss,paragraph
297,617.0,347.077,631.0,347.077,631.0,358.672,617.0,358.672,of,paragraph
298,636.0,347.077,704.0,347.077,704.0,358.672,636.0,358.672,generality,,paragraph
299,710.0,347.077,729.0,347.077,729.0,358.672,710.0,358.672,we,paragraph
300,735.0,347.077,783.0,347.077,783.0,358.672,735.0,358.672,assume,paragraph
301,788.0,347.077,813.0,347.077,813.0,358.672,788.0,358.672,that,paragraph
302,818.0,347.077,838.0,347.077,838.0,358.672,818.0,358.672,the,paragraph
303,844.0,347.077,875.0,347.077,875.0,358.672,844.0,358.672,edge,paragraph
304,880.0,346.30400000000003,896.0,346.30400000000003,896.0,357.899,880.0,357.899,(i,,paragraph
305,900.0,346.30400000000003,911.0,346.30400000000003,911.0,357.899,900.0,357.899,j),paragraph
306,569.0,353.261,572.0,353.261,572.0,365.62899999999996,569.0,365.62899999999996,(cid:48),paragraph
307,318.0,358.672,323.0,358.672,323.0,375.678,318.0,375.678,·,equation
308,511.0,358.672,534.0,358.672,534.0,370.267,511.0,370.267,lies,paragraph
309,540.0,358.672,552.0,358.672,552.0,370.267,540.0,370.267,in,paragraph
310,558.0,358.672,568.0,358.672,568.0,370.267,558.0,370.267,E,paragraph
311,575.0,358.672,579.0,358.672,579.0,370.267,575.0,370.267,,,paragraph
312,584.0,358.672,613.0,358.672,613.0,370.267,584.0,370.267,then,paragraph
313,618.0,358.672,651.0,358.672,651.0,370.267,618.0,370.267,there,paragraph
314,656.0,358.672,676.0,358.672,676.0,370.267,656.0,370.267,are,paragraph
315,682.0,358.672,706.0,358.672,706.0,370.267,682.0,370.267,two,paragraph
316,712.0,358.672,751.0,358.672,751.0,370.267,712.0,370.267,cases:,paragraph
317,235.0,363.31,269.0,363.31,269.0,375.678,235.0,375.678,Φ(p),equation
318,273.0,365.62899999999996,286.0,365.62899999999996,286.0,375.678,273.0,375.678,=,equation
319,289.0,363.31,315.0,363.31,315.0,376.45099999999996,289.0,376.45099999999996,Φ(γ,equation
320,326.0,364.08299999999997,341.0,364.08299999999997,341.0,375.678,326.0,375.678,p),equation
321,469.0,364.08299999999997,488.0,364.08299999999997,488.0,375.678,469.0,375.678,(8),equation
322,568.0,364.08299999999997,574.0,364.08299999999997,574.0,372.586,568.0,372.586,1,paragraph
323,511.0,372.586,544.0,372.586,544.0,384.181,511.0,384.181,Case,paragraph
324,552.0,372.586,562.0,372.586,562.0,384.954,552.0,384.954,I.,paragraph
325,570.0,373.359,581.0,373.359,581.0,384.954,570.0,384.954,If,paragraph
326,587.0,372.586,604.0,372.586,604.0,385.727,587.0,385.727,(cid:126)xi,,paragraph
327,610.0,372.586,625.0,372.586,625.0,385.727,610.0,385.727,(cid:126)xj,paragraph
328,634.0,373.359,658.0,373.359,658.0,384.954,634.0,384.954,and,paragraph
329,664.0,372.586,679.0,372.586,679.0,385.727,664.0,385.727,(cid:126)xn,paragraph
330,688.0,373.359,708.0,373.359,708.0,384.954,688.0,384.954,are,paragraph
331,716.0,373.359,768.0,373.359,768.0,384.954,716.0,384.954,aligned,,paragraph
332,776.0,373.359,804.0,373.359,804.0,391.911,776.0,391.911,the(cid:48)n,paragraph
333,813.0,373.359,832.0,373.359,832.0,384.954,813.0,384.954,we,paragraph
334,840.0,373.359,883.0,373.359,883.0,384.954,840.0,384.954,update,paragraph
335,891.0,373.359,911.0,373.359,911.0,384.954,891.0,384.954,the,paragraph
336,511.0,384.954,566.0,384.954,566.0,396.54900000000004,511.0,396.54900000000004,partition,paragraph
337,572.0,384.954,588.0,384.954,588.0,396.54900000000004,572.0,396.54900000000004,by,paragraph
338,594.0,384.954,638.0,384.954,638.0,396.54900000000004,594.0,396.54900000000004,adding,paragraph
339,644.0,384.954,676.0,384.954,676.0,396.54900000000004,644.0,396.54900000000004,(i,n),paragraph
340,681.0,384.954,705.0,384.954,705.0,396.54900000000004,681.0,396.54900000000004,and,paragraph
341,711.0,384.954,745.0,384.954,745.0,396.54900000000004,711.0,396.54900000000004,(j,n),paragraph
342,751.0,384.954,776.0,384.954,776.0,396.54900000000004,751.0,396.54900000000004,into,paragraph
343,782.0,384.954,792.0,384.954,792.0,396.54900000000004,782.0,396.54900000000004,E,paragraph
344,799.0,384.954,803.0,384.954,803.0,396.54900000000004,799.0,396.54900000000004,.,paragraph
345,171.0,392.684,181.0,392.684,181.0,408.91700000000003,171.0,408.91700000000003,∈,paragraph
346,270.0,392.684,281.0,392.684,281.0,408.91700000000003,270.0,408.91700000000003,∈,paragraph
347,792.0,390.365,798.0,390.365,798.0,398.868,792.0,398.868,1,paragraph
348,104.0,398.095,123.0,398.095,123.0,409.69,104.0,409.69,for,paragraph
349,129.0,398.095,152.0,398.095,152.0,409.69,129.0,409.69,any,paragraph
350,159.0,397.322,167.0,397.322,167.0,408.91700000000003,159.0,408.91700000000003,p,paragraph
351,185.0,397.322,195.0,397.322,195.0,408.91700000000003,185.0,408.91700000000003,P,paragraph
352,201.0,398.095,224.0,398.095,224.0,409.69,201.0,409.69,and,paragraph
353,230.0,398.095,253.0,398.095,253.0,409.69,230.0,409.69,any,paragraph
354,259.0,397.322,265.0,397.322,265.0,409.69,259.0,409.69,γ,paragraph
355,285.0,397.322,329.0,397.322,329.0,409.69,285.0,409.69,SE(2).,paragraph
356,335.0,398.095,348.0,398.095,348.0,416.64700000000005,335.0,416.64700000000005,I(cid:48)n,paragraph
357,354.0,398.095,420.0,398.095,420.0,409.69,354.0,409.69,particular,,paragraph
358,425.0,398.095,435.0,398.095,435.0,409.69,425.0,409.69,if,paragraph
359,442.0,397.322,450.0,397.322,450.0,408.91700000000003,442.0,408.91700000000003,p,paragraph
360,456.0,398.095,467.0,398.095,467.0,409.69,456.0,409.69,is,paragraph
361,472.0,398.095,488.0,398.095,488.0,409.69,472.0,409.69,an,paragraph
362,511.0,398.868,544.0,398.868,544.0,410.463,511.0,410.463,Case,paragraph
363,549.0,398.868,564.0,398.868,564.0,411.23600000000005,549.0,411.23600000000005,II.,paragraph
364,570.0,399.641,581.0,399.641,581.0,411.23600000000005,570.0,411.23600000000005,If,paragraph
365,584.0,398.868,602.0,398.868,602.0,412.009,584.0,412.009,(cid:126)xi,,paragraph
366,605.0,398.868,620.0,398.868,620.0,412.009,605.0,412.009,(cid:126)xj,paragraph
367,626.0,399.641,650.0,399.641,650.0,411.23600000000005,626.0,411.23600000000005,and,paragraph
368,653.0,398.868,669.0,398.868,669.0,412.009,653.0,412.009,(cid:126)xn,paragraph
369,675.0,399.641,695.0,399.641,695.0,411.23600000000005,675.0,411.23600000000005,are,paragraph
370,700.0,399.641,721.0,399.641,721.0,411.23600000000005,700.0,411.23600000000005,not,paragraph
371,727.0,399.641,779.0,399.641,779.0,411.23600000000005,727.0,411.23600000000005,aligned,,paragraph
372,784.0,399.641,812.0,399.641,812.0,411.23600000000005,784.0,411.23600000000005,then,paragraph
373,818.0,399.641,837.0,399.641,837.0,411.23600000000005,818.0,411.23600000000005,we,paragraph
374,842.0,399.641,886.0,399.641,886.0,411.23600000000005,842.0,411.23600000000005,update,paragraph
375,891.0,399.641,911.0,399.641,911.0,411.23600000000005,891.0,411.23600000000005,the,paragraph
376,88.0,409.69,164.0,409.69,164.0,421.285,88.0,421.285,equilibrium,paragraph
377,168.0,409.69,182.0,409.69,182.0,421.285,168.0,421.285,of,paragraph
378,186.0,409.69,232.0,409.69,232.0,421.285,186.0,421.285,system,paragraph
379,236.0,409.69,259.0,409.69,259.0,421.285,236.0,421.285,(1),,paragraph
380,264.0,409.69,292.0,409.69,292.0,421.285,264.0,421.285,then,paragraph
381,296.0,409.69,311.0,409.69,311.0,421.285,296.0,421.285,so,paragraph
382,315.0,409.69,326.0,409.69,326.0,421.285,315.0,421.285,is,paragraph
383,332.0,409.69,340.0,409.69,340.0,421.285,332.0,421.285,p,paragraph
384,348.0,409.69,361.0,409.69,361.0,421.285,348.0,421.285,in,paragraph
385,366.0,408.91700000000003,389.0,408.91700000000003,389.0,422.05800000000005,366.0,422.05800000000005,Op.,paragraph
386,394.0,409.69,408.0,409.69,408.0,421.285,394.0,421.285,In,paragraph
387,412.0,409.69,435.0,409.69,435.0,421.285,412.0,421.285,any,paragraph
388,440.0,409.69,453.0,409.69,453.0,421.285,440.0,421.285,of,paragraph
389,458.0,409.69,488.0,409.69,488.0,421.285,458.0,421.285,such,paragraph
390,511.0,411.23600000000005,566.0,411.23600000000005,566.0,422.831,511.0,422.831,partition,paragraph
391,572.0,411.23600000000005,586.0,411.23600000000005,586.0,422.831,572.0,422.831,as,paragraph
392,591.0,411.23600000000005,640.0,411.23600000000005,640.0,422.831,591.0,422.831,follows,paragraph
393,88.0,421.285,120.0,421.285,120.0,432.88000000000005,88.0,432.88000000000005,case,,paragraph
394,126.0,421.285,145.0,421.285,145.0,432.88000000000005,126.0,432.88000000000005,we,paragraph
395,150.0,421.285,174.0,421.285,174.0,432.88000000000005,150.0,432.88000000000005,call,paragraph
396,179.0,420.51200000000006,191.0,420.51200000000006,191.0,430.56100000000004,179.0,430.56100000000004,O,paragraph
397,205.0,421.285,212.0,421.285,212.0,432.88000000000005,205.0,432.88000000000005,a,paragraph
398,218.0,421.285,265.0,421.285,265.0,432.88000000000005,218.0,432.88000000000005,critical,paragraph
399,270.0,421.285,306.0,421.285,306.0,432.88000000000005,270.0,432.88000000000005,orbit.,paragraph
400,192.0,425.15000000000003,198.0,425.15000000000003,198.0,433.653,192.0,433.653,p,paragraph
401,614.0,429.788,617.0,429.788,617.0,442.15599999999995,614.0,442.15599999999995,(cid:48),equation
402,622.0,429.788,665.0,429.788,665.0,446.794,622.0,446.794,∪···∪,equation
403,679.0,429.788,682.0,429.788,682.0,442.15599999999995,679.0,442.15599999999995,(cid:48),equation
404,693.0,429.788,714.0,429.788,714.0,446.794,693.0,446.794,∪{,equation
405,746.0,429.788,777.0,429.788,777.0,446.794,746.0,446.794,}∪{,equation
406,812.0,429.788,820.0,429.788,820.0,446.794,812.0,446.794,},equation
407,104.0,436.74499999999995,126.0,436.74499999999995,126.0,448.34,104.0,448.34,Let,paragraph
408,130.0,435.972,142.0,435.972,142.0,446.02099999999996,130.0,446.02099999999996,O,paragraph
409,154.0,436.74499999999995,169.0,436.74499999999995,169.0,448.34,154.0,448.34,be,paragraph
410,174.0,436.74499999999995,181.0,436.74499999999995,181.0,448.34,174.0,448.34,a,paragraph
411,185.0,436.74499999999995,230.0,436.74499999999995,230.0,448.34,185.0,448.34,critical,paragraph
412,235.0,436.74499999999995,270.0,436.74499999999995,270.0,448.34,235.0,448.34,orbit,,paragraph
413,274.0,436.74499999999995,297.0,436.74499999999995,297.0,448.34,274.0,448.34,and,paragraph
414,302.0,436.74499999999995,318.0,436.74499999999995,318.0,448.34,302.0,448.34,let,paragraph
415,322.0,435.972,334.0,435.972,334.0,447.56699999999995,322.0,447.56699999999995,H,paragraph
416,346.0,436.74499999999995,361.0,436.74499999999995,361.0,448.34,346.0,448.34,be,paragraph
417,365.0,436.74499999999995,385.0,436.74499999999995,385.0,448.34,365.0,448.34,the,paragraph
418,389.0,436.74499999999995,441.0,436.74499999999995,441.0,448.34,389.0,448.34,Hessian,paragraph
419,445.0,436.74499999999995,488.0,436.74499999999995,488.0,448.34,445.0,448.34,matrix,paragraph
420,603.0,434.42600000000004,613.0,434.42600000000004,613.0,446.794,603.0,446.794,E,equation
421,667.0,434.42600000000004,677.0,434.42600000000004,677.0,446.794,667.0,446.794,E,equation
422,686.0,435.972,689.0,435.972,689.0,446.02099999999996,686.0,446.02099999999996,(cid:48),equation
423,714.0,434.42600000000004,746.0,434.42600000000004,746.0,446.794,714.0,446.794,(i,n),equation
424,777.0,434.42600000000004,812.0,434.42600000000004,812.0,446.794,777.0,446.794,(j,n),equation
425,884.0,435.19899999999996,911.0,435.19899999999996,911.0,446.794,884.0,446.794,(11),equation
426,143.0,440.60999999999996,149.0,440.60999999999996,149.0,449.11299999999994,143.0,449.11299999999994,p,paragraph
427,334.0,440.60999999999996,340.0,440.60999999999996,340.0,449.11299999999994,334.0,449.11299999999994,p,paragraph
428,613.0,439.837,619.0,439.837,619.0,448.34,613.0,448.34,1,equation
429,677.0,439.837,686.0,439.837,686.0,449.11299999999994,677.0,449.11299999999994,m,equation
430,88.0,448.34,101.0,448.34,101.0,459.935,88.0,459.935,of,paragraph
431,107.0,447.56699999999995,119.0,447.56699999999995,119.0,459.935,107.0,459.935,Φ,paragraph
432,125.0,448.34,137.0,448.34,137.0,459.935,125.0,459.935,at,paragraph
433,144.0,447.56699999999995,156.0,447.56699999999995,156.0,459.935,144.0,459.935,p,,paragraph
434,162.0,448.34,182.0,448.34,182.0,459.935,162.0,459.935,i.e,,paragraph
435,528.0,465.346,547.0,465.346,547.0,476.941,528.0,476.941,By,paragraph
436,552.0,465.346,615.0,465.346,615.0,476.941,552.0,476.941,following,paragraph
437,621.0,465.346,641.0,465.346,641.0,476.941,621.0,476.941,the,paragraph
438,646.0,465.346,717.0,465.346,717.0,476.941,646.0,476.941,Henneberg,paragraph
439,723.0,465.346,807.0,465.346,807.0,476.941,723.0,476.941,construction,,paragraph
440,813.0,465.346,832.0,465.346,832.0,476.941,813.0,476.941,we,paragraph
441,838.0,465.346,866.0,465.346,866.0,476.941,838.0,476.941,then,paragraph
442,871.0,465.346,911.0,465.346,911.0,476.941,871.0,476.941,derive,paragraph
443,284.0,470.757,335.0,470.757,335.0,483.898,284.0,483.898,∂2Φ(p),equation
444,238.0,478.487,257.0,478.487,257.0,490.855,238.0,490.855,Hp,equation
445,261.0,478.487,278.0,478.487,278.0,490.082,261.0,490.082,:=,equation
446,296.0,483.898,304.0,483.898,304.0,497.039,296.0,497.039,∂,equation
447,308.0,484.671,322.0,484.671,322.0,496.266,308.0,496.266,p2,equation
448,469.0,478.487,488.0,478.487,488.0,490.082,469.0,490.082,(9),equation
449,511.0,476.941,531.0,476.941,531.0,488.536,511.0,488.536,the,paragraph
450,537.0,476.941,599.0,476.941,599.0,488.536,537.0,488.536,canonical,paragraph
451,605.0,476.941,660.0,476.941,660.0,488.536,605.0,488.536,partition,paragraph
452,666.0,476.941,679.0,476.941,679.0,488.536,666.0,488.536,of,paragraph
453,685.0,476.941,695.0,476.941,695.0,488.536,685.0,488.536,E,paragraph
454,702.0,476.941,769.0,476.941,769.0,488.536,702.0,488.536,associated,paragraph
455,774.0,476.941,803.0,476.941,803.0,488.536,774.0,488.536,with,paragraph
456,810.0,476.941,823.0,476.941,823.0,488.536,810.0,488.536,p.,paragraph
457,528.0,491.628,549.0,491.628,549.0,503.223,528.0,503.223,We,paragraph
458,556.0,491.628,600.0,491.628,600.0,503.223,556.0,503.223,proved,paragraph
459,607.0,491.628,620.0,491.628,620.0,503.223,607.0,503.223,in,paragraph
460,627.0,491.628,646.0,491.628,646.0,503.223,627.0,503.223,[1],paragraph
461,653.0,491.628,677.0,491.628,677.0,503.223,653.0,503.223,that,paragraph
462,684.0,491.628,708.0,491.628,708.0,503.223,684.0,503.223,this,paragraph
463,715.0,491.628,770.0,491.628,770.0,503.223,715.0,503.223,partition,paragraph
464,777.0,491.628,806.0,491.628,806.0,503.223,777.0,503.223,does,paragraph
465,813.0,491.628,834.0,491.628,834.0,503.223,813.0,503.223,not,paragraph
466,841.0,491.628,888.0,491.628,888.0,503.223,841.0,503.223,depend,paragraph
467,895.0,491.628,911.0,491.628,911.0,503.223,895.0,503.223,on,paragraph
468,511.0,503.223,531.0,503.223,531.0,514.818,511.0,514.818,the,paragraph
469,536.0,503.223,578.0,503.223,578.0,514.818,536.0,514.818,choice,paragraph
470,583.0,503.223,596.0,503.223,596.0,514.818,583.0,514.818,of,paragraph
471,601.0,503.223,621.0,503.223,621.0,514.818,601.0,514.818,the,paragraph
472,625.0,503.223,696.0,503.223,696.0,514.818,625.0,514.818,Henneberg,paragraph
473,701.0,503.223,785.0,503.223,785.0,514.818,701.0,514.818,construction.,paragraph
474,790.0,503.223,809.0,503.223,809.0,514.818,790.0,514.818,An,paragraph
475,814.0,503.223,869.0,503.223,869.0,514.818,814.0,514.818,example,paragraph
476,873.0,503.223,887.0,503.223,887.0,514.818,873.0,514.818,of,paragraph
477,891.0,503.223,911.0,503.223,911.0,514.818,891.0,514.818,the,paragraph
478,104.0,511.726,140.0,511.726,140.0,523.321,104.0,523.321,Since,paragraph
479,147.0,511.726,223.0,511.726,223.0,523.321,147.0,523.321,interactions,paragraph
480,229.0,511.726,274.0,511.726,274.0,523.321,229.0,523.321,among,paragraph
481,280.0,511.726,322.0,511.726,322.0,523.321,280.0,523.321,agents,paragraph
482,328.0,511.726,348.0,511.726,348.0,523.321,328.0,523.321,are,paragraph
483,355.0,511.726,424.0,511.726,424.0,523.321,355.0,523.321,reciprocal,,paragraph
484,431.0,511.726,450.0,511.726,450.0,523.321,431.0,523.321,the,paragraph
485,457.0,511.726,488.0,511.726,488.0,523.321,457.0,523.321,Hes-,paragraph
486,511.0,514.818,574.0,514.818,574.0,527.186,511.0,527.186,canonical,paragraph
487,579.0,514.818,635.0,514.818,635.0,527.186,579.0,527.186,partition,paragraph
488,640.0,514.818,651.0,514.818,651.0,527.186,640.0,527.186,is,paragraph
489,657.0,514.818,722.0,514.818,722.0,527.186,657.0,527.186,illustrated,paragraph
490,728.0,514.818,740.0,514.818,740.0,527.186,728.0,527.186,in,paragraph
491,746.0,514.818,784.0,514.818,784.0,527.186,746.0,527.186,ﬁgure,paragraph
492,790.0,514.818,802.0,514.818,802.0,527.186,790.0,527.186,2.,paragraph
493,88.0,523.321,114.0,523.321,114.0,535.689,88.0,535.689,sian,paragraph
494,119.0,523.321,162.0,523.321,162.0,535.689,119.0,535.689,matrix,paragraph
495,167.0,523.321,179.0,523.321,179.0,534.9159999999999,167.0,534.9159999999999,H,paragraph
496,192.0,523.321,202.0,523.321,202.0,535.689,192.0,535.689,is,paragraph
497,208.0,523.321,235.0,523.321,235.0,535.689,208.0,535.689,thus,paragraph
498,240.0,523.321,313.0,523.321,313.0,535.689,240.0,535.689,symmetric,,paragraph
499,318.0,523.321,342.0,523.321,342.0,535.689,318.0,535.689,and,paragraph
500,347.0,523.321,385.0,523.321,385.0,535.689,347.0,535.689,hence,paragraph
501,390.0,523.321,407.0,523.321,407.0,535.689,390.0,535.689,all,paragraph
502,412.0,523.321,488.0,523.321,488.0,535.689,412.0,535.689,eigenvalues,paragraph
503,179.0,527.186,185.0,527.186,185.0,536.462,179.0,536.462,p,paragraph
504,528.0,529.505,549.0,529.505,549.0,541.8729999999999,528.0,541.8729999999999,We,paragraph
505,554.0,529.505,579.0,529.505,579.0,541.8729999999999,554.0,541.8729999999999,will,paragraph
506,584.0,529.505,611.0,529.505,611.0,541.8729999999999,584.0,541.8729999999999,now,paragraph
507,616.0,529.505,636.0,529.505,636.0,541.8729999999999,616.0,541.8729999999999,list,paragraph
508,641.0,529.505,675.0,529.505,675.0,541.8729999999999,641.0,541.8729999999999,some,paragraph
509,680.0,529.505,731.0,529.505,731.0,541.8729999999999,680.0,541.8729999999999,relevant,paragraph
510,736.0,529.505,801.0,529.505,801.0,541.8729999999999,736.0,541.8729999999999,properties,paragraph
511,806.0,529.505,820.0,529.505,820.0,541.8729999999999,806.0,541.8729999999999,of,paragraph
512,824.0,529.505,844.0,529.505,844.0,541.8729999999999,824.0,541.8729999999999,the,paragraph
513,849.0,529.505,911.0,529.505,911.0,541.8729999999999,849.0,541.8729999999999,canonical,paragraph
514,88.0,534.9159999999999,101.0,534.9159999999999,101.0,547.284,88.0,547.284,of,paragraph
515,108.0,534.9159999999999,120.0,534.9159999999999,120.0,546.511,108.0,546.511,H,paragraph
516,134.0,534.9159999999999,154.0,534.9159999999999,154.0,547.284,134.0,547.284,are,paragraph
517,161.0,534.9159999999999,190.0,534.9159999999999,190.0,547.284,161.0,547.284,real.,paragraph
518,197.0,534.9159999999999,222.0,534.9159999999999,222.0,547.284,197.0,547.284,The,paragraph
519,229.0,534.9159999999999,254.0,534.9159999999999,254.0,547.284,229.0,547.284,null,paragraph
520,261.0,534.9159999999999,297.0,534.9159999999999,297.0,547.284,261.0,547.284,space,paragraph
521,304.0,534.9159999999999,318.0,534.9159999999999,318.0,547.284,304.0,547.284,of,paragraph
522,325.0,534.9159999999999,337.0,534.9159999999999,337.0,546.511,325.0,546.511,H,paragraph
523,351.0,534.9159999999999,363.0,534.9159999999999,363.0,547.284,351.0,547.284,at,paragraph
524,370.0,534.9159999999999,400.0,534.9159999999999,400.0,547.284,370.0,547.284,least,paragraph
525,407.0,534.9159999999999,461.0,534.9159999999999,461.0,547.284,407.0,547.284,contains,paragraph
526,468.0,534.9159999999999,488.0,534.9159999999999,488.0,547.284,468.0,547.284,the,paragraph
527,661.0,536.462,671.0,536.462,671.0,552.6949999999999,661.0,552.6949999999999,∪,paragraph
528,674.0,536.462,692.0,536.462,692.0,552.6949999999999,674.0,552.6949999999999,···,paragraph
529,694.0,536.462,705.0,536.462,705.0,552.6949999999999,694.0,552.6949999999999,∪,paragraph
530,88.0,539.554,321.0,539.554,321.0,570.474,88.0,570.474,tbaengthepentnsupmabceerooffOzeproatepig.eInnvaoltuheesr,paragraph
531,325.0,539.554,440.0,539.554,440.0,571.247,325.0,571.247,owfpoHrdps,,tihfenwen0l(eHt,paragraph
532,440.0,546.511,474.0,546.511,474.0,571.247,440.0,571.247,pn)0(iHs,paragraph
533,475.0,548.8299999999999,488.0,548.8299999999999,488.0,570.474,475.0,570.474,pa)t,paragraph
534,511.0,541.0999999999999,636.0,541.0999999999999,636.0,576.658,511.0,576.658,paresassrtotricitciioatitnne.gdLGweittthoEpE=.,paragraph
535,634.0,541.0999999999999,695.0,541.0999999999999,695.0,576.658,634.0,576.658,,LEae1ntdGlie=t,paragraph
536,697.0,541.0999999999999,911.0,541.0999999999999,911.0,576.658,697.0,576.658,p(VEib,meEibt)heebetshutehbe-ccasounnboﬁgngricauaprlahtipooafnrtGiotifobnyp,paragraph
537,88.0,570.474,118.0,570.474,118.0,582.069,88.0,582.069,least,paragraph
538,125.0,570.474,161.0,570.474,161.0,582.069,125.0,582.069,three.,paragraph
539,168.0,570.474,190.0,570.474,190.0,582.069,168.0,582.069,We,paragraph
540,197.0,570.474,219.0,570.474,219.0,582.069,197.0,582.069,say,paragraph
541,226.0,570.474,233.0,570.474,233.0,582.069,226.0,582.069,a,paragraph
542,240.0,570.474,285.0,570.474,285.0,582.069,240.0,582.069,critical,paragraph
543,292.0,570.474,323.0,570.474,323.0,582.069,292.0,582.069,orbit,paragraph
544,330.0,569.701,349.0,569.701,349.0,582.842,330.0,582.842,Op,paragraph
545,357.0,570.474,368.0,570.474,368.0,582.069,357.0,582.069,is,paragraph
546,375.0,570.474,471.0,570.474,471.0,582.069,375.0,582.069,nondegenerate,paragraph
547,478.0,570.474,488.0,570.474,488.0,582.069,478.0,582.069,if,paragraph
548,511.0,576.658,578.0,576.658,578.0,588.253,511.0,588.253,associated,paragraph
549,584.0,576.658,613.0,576.658,613.0,588.253,584.0,588.253,with,paragraph
550,619.0,568.928,639.0,568.928,639.0,588.253,619.0,588.253,Gi,,paragraph
551,645.0,576.658,673.0,576.658,673.0,588.253,645.0,588.253,then,paragraph
552,705.0,568.928,708.0,568.928,708.0,577.431,705.0,577.431,i,paragraph
553,88.0,582.069,206.0,582.069,206.0,605.259,88.0,605.259,nis0(iHnvpa)riiasntexaasctpl(cid:48)y,paragraph
554,209.0,582.069,250.0,582.069,250.0,605.259,209.0,605.259,vtahrrieees.,paragraph
555,254.0,582.069,283.0,582.069,283.0,605.259,254.0,605.259,o(vAesr,paragraph
556,288.0,582.069,334.0,582.069,334.0,606.032,288.0,606.032,tOhep,sseot,paragraph
557,341.0,582.069,437.0,582.069,437.0,605.259,341.0,605.259,othfiseidgeeﬁnnviatliuoens,paragraph
558,440.0,582.069,488.0,582.069,488.0,605.259,440.0,605.259,doofesHnp’t(cid:48),paragraph
559,511.0,591.345,528.0,591.345,528.0,602.94,511.0,602.94,a).,paragraph
560,534.0,591.345,566.0,591.345,566.0,602.94,534.0,602.94,Each,paragraph
561,572.0,587.48,588.0,587.48,588.0,603.713,572.0,603.713,Gi,paragraph
562,594.0,591.345,605.0,591.345,605.0,602.94,594.0,602.94,is,paragraph
563,611.0,591.345,618.0,591.345,618.0,602.94,611.0,602.94,a,paragraph
564,624.0,580.523,660.0,580.523,660.0,602.94,624.0,602.94,TiLG.,paragraph
565,88.0,605.259,135.0,605.259,135.0,616.854,88.0,616.854,depend,paragraph
566,140.0,605.259,157.0,605.259,157.0,616.854,140.0,616.854,on,paragraph
567,162.0,605.259,182.0,605.259,182.0,616.854,162.0,616.854,the,paragraph
568,188.0,605.259,231.0,605.259,231.0,616.854,188.0,616.854,choice,paragraph
569,236.0,605.259,250.0,605.259,250.0,616.854,236.0,616.854,of,paragraph
570,257.0,605.259,274.0,605.259,274.0,616.854,257.0,616.854,p.),paragraph
571,511.0,606.032,529.0,606.032,529.0,617.6270000000001,511.0,617.6270000000001,b).,paragraph
572,535.0,606.032,567.0,606.032,567.0,617.6270000000001,535.0,617.6270000000001,Each,paragraph
573,574.0,605.259,582.0,605.259,582.0,616.854,574.0,616.854,p,paragraph
574,592.0,606.032,603.0,606.032,603.0,617.6270000000001,592.0,617.6270000000001,is,paragraph
575,609.0,606.032,616.0,606.032,616.0,617.6270000000001,609.0,617.6270000000001,a,paragraph
576,622.0,606.032,646.0,606.032,646.0,617.6270000000001,622.0,617.6270000000001,line,paragraph
577,652.0,606.032,743.0,606.032,743.0,617.6270000000001,652.0,617.6270000000001,conﬁguration.,paragraph
578,582.0,609.897,586.0,609.897,586.0,618.4000000000001,582.0,618.4000000000001,i,paragraph
579,104.0,620.719,116.0,620.719,116.0,632.314,104.0,632.314,A,paragraph
580,121.0,620.719,178.0,620.719,178.0,632.314,121.0,632.314,potential,paragraph
581,183.0,620.719,237.0,620.719,237.0,632.314,183.0,632.314,function,paragraph
582,242.0,619.946,255.0,619.946,255.0,632.314,242.0,632.314,Φ,paragraph
583,260.0,620.719,271.0,620.719,271.0,632.314,260.0,632.314,is,paragraph
584,276.0,620.719,302.0,620.719,302.0,632.314,276.0,632.314,said,paragraph
585,307.0,620.719,320.0,620.719,320.0,632.314,307.0,632.314,to,paragraph
586,325.0,620.719,340.0,620.719,340.0,632.314,325.0,632.314,be,paragraph
587,346.0,620.719,361.0,620.719,361.0,632.314,346.0,632.314,an,paragraph
588,366.0,620.719,441.0,620.719,441.0,632.314,366.0,632.314,equivariant,paragraph
589,446.0,620.719,488.0,620.719,488.0,632.314,446.0,632.314,Morse,paragraph
590,511.0,619.946,528.0,619.946,528.0,632.314,511.0,632.314,c).,paragraph
591,534.0,619.946,544.0,619.946,544.0,632.314,534.0,632.314,If,paragraph
592,550.0,619.946,583.0,619.946,583.0,632.314,550.0,632.314,there,paragraph
593,588.0,619.946,599.0,619.946,599.0,632.314,588.0,632.314,is,paragraph
594,605.0,619.946,654.0,619.946,654.0,632.314,605.0,632.314,another,paragraph
595,659.0,619.946,714.0,619.946,714.0,632.314,659.0,632.314,partition,paragraph
596,720.0,619.946,734.0,619.946,734.0,632.314,720.0,632.314,of,paragraph
597,739.0,619.946,749.0,619.946,749.0,631.5409999999999,739.0,631.5409999999999,E,paragraph
598,756.0,619.946,819.0,619.946,819.0,632.314,756.0,632.314,satisfying,paragraph
599,825.0,619.946,893.0,619.946,893.0,632.314,825.0,632.314,conditions,paragraph
600,899.0,619.946,911.0,619.946,911.0,632.314,899.0,632.314,a),paragraph
601,88.0,632.314,141.0,632.314,141.0,643.909,88.0,643.909,function,paragraph
602,150.0,632.314,160.0,632.314,160.0,643.909,150.0,643.909,if,paragraph
603,168.0,632.314,201.0,632.314,201.0,643.909,168.0,643.909,there,paragraph
604,209.0,632.314,229.0,632.314,229.0,643.909,209.0,643.909,are,paragraph
605,238.0,632.314,267.0,632.314,267.0,643.909,238.0,643.909,only,paragraph
606,275.0,632.314,322.0,632.314,322.0,643.909,275.0,643.909,ﬁnitely,paragraph
607,330.0,632.314,366.0,632.314,366.0,643.909,330.0,643.909,many,paragraph
608,375.0,632.314,420.0,632.314,420.0,643.909,375.0,643.909,critical,paragraph
609,428.0,632.314,466.0,632.314,466.0,643.909,428.0,643.909,orbits,paragraph
610,474.0,632.314,488.0,632.314,488.0,643.909,474.0,643.909,of,paragraph
611,511.0,632.314,535.0,632.314,535.0,643.909,511.0,643.909,and,paragraph
612,543.0,632.314,560.0,632.314,560.0,643.909,543.0,643.909,b),,paragraph
613,568.0,632.314,596.0,632.314,596.0,643.909,568.0,643.909,then,paragraph
614,604.0,632.314,613.0,632.314,613.0,643.909,604.0,643.909,it,paragraph
615,621.0,632.314,632.0,632.314,632.0,643.909,621.0,643.909,is,paragraph
616,640.0,632.314,647.0,632.314,647.0,643.909,640.0,643.909,a,paragraph
617,655.0,632.314,725.0,632.314,725.0,643.909,655.0,643.909,reﬁnement,paragraph
618,732.0,632.314,746.0,632.314,746.0,643.909,732.0,643.909,of,paragraph
619,754.0,632.314,774.0,632.314,774.0,643.909,754.0,643.909,the,paragraph
620,782.0,632.314,844.0,632.314,844.0,643.909,782.0,643.909,canonical,paragraph
621,852.0,632.314,911.0,632.314,911.0,643.909,852.0,643.909,partition.,paragraph
622,88.0,643.909,133.0,643.909,133.0,655.504,88.0,655.504,system,paragraph
623,141.0,643.909,160.0,643.909,160.0,655.504,141.0,655.504,(1),paragraph
624,167.0,643.909,197.0,643.909,197.0,655.504,167.0,655.504,each,paragraph
625,205.0,643.909,218.0,643.909,218.0,655.504,205.0,655.504,of,paragraph
626,226.0,643.909,266.0,643.909,266.0,655.504,226.0,655.504,which,paragraph
627,273.0,643.909,284.0,643.909,284.0,655.504,273.0,655.504,is,paragraph
628,292.0,643.909,391.0,643.909,391.0,655.504,292.0,655.504,nondegenerate.,paragraph
629,398.0,643.909,419.0,643.909,419.0,655.504,398.0,655.504,We,paragraph
630,427.0,643.909,452.0,643.909,452.0,655.504,427.0,655.504,will,paragraph
631,460.0,643.909,488.0,643.909,488.0,655.504,460.0,655.504,now,paragraph
632,511.0,643.909,525.0,643.909,525.0,655.504,511.0,655.504,In,paragraph
633,533.0,643.909,567.0,643.909,567.0,655.504,533.0,655.504,other,paragraph
634,575.0,643.909,619.0,643.909,619.0,655.504,575.0,655.504,words,,paragraph
635,627.0,643.909,647.0,643.909,647.0,655.504,627.0,655.504,the,paragraph
636,655.0,643.909,718.0,643.909,718.0,655.504,655.0,655.504,canonical,paragraph
637,726.0,643.909,781.0,643.909,781.0,655.504,726.0,655.504,partition,paragraph
638,790.0,643.909,849.0,643.909,849.0,655.504,790.0,655.504,produces,paragraph
639,857.0,643.909,911.0,643.909,911.0,655.504,857.0,655.504,minimal,paragraph
640,88.0,655.504,118.0,655.504,118.0,667.099,88.0,667.099,state,paragraph
641,123.0,655.504,143.0,655.504,143.0,667.099,123.0,667.099,the,paragraph
642,149.0,655.504,181.0,655.504,181.0,667.099,149.0,667.099,main,paragraph
643,187.0,655.504,240.0,655.504,240.0,667.099,187.0,667.099,theorem,paragraph
644,246.0,655.504,260.0,655.504,260.0,667.099,246.0,667.099,of,paragraph
645,265.0,655.504,289.0,655.504,289.0,667.099,265.0,667.099,this,paragraph
646,295.0,655.504,334.0,655.504,334.0,667.099,295.0,667.099,paper.,paragraph
647,511.0,655.504,561.0,655.504,561.0,667.099,511.0,667.099,number,paragraph
648,566.0,655.504,580.0,655.504,580.0,667.099,566.0,667.099,of,paragraph
649,585.0,655.504,657.0,655.504,657.0,667.099,585.0,667.099,sub-graphs,paragraph
650,662.0,655.504,724.0,655.504,724.0,667.099,662.0,667.099,regarding,paragraph
651,730.0,655.504,743.0,655.504,743.0,667.099,730.0,667.099,to,paragraph
652,748.0,655.504,768.0,655.504,768.0,667.099,748.0,667.099,the,paragraph
653,773.0,655.504,799.0,655.504,799.0,667.099,773.0,667.099,ﬁrst,paragraph
654,804.0,655.504,828.0,655.504,828.0,667.099,804.0,667.099,two,paragraph
655,834.0,655.504,906.0,655.504,906.0,667.099,834.0,667.099,conditions.,paragraph
656,104.0,672.51,161.0,672.51,161.0,684.105,104.0,684.105,Theorem,paragraph
657,167.0,672.51,181.0,672.51,181.0,684.105,167.0,684.105,1:,paragraph
658,189.0,672.51,210.0,672.51,210.0,684.878,189.0,684.878,Let,paragraph
659,215.0,669.418,227.0,669.418,227.0,682.559,215.0,682.559,G,paragraph
660,230.0,674.829,243.0,674.829,243.0,684.105,230.0,684.105,=,paragraph
661,246.0,672.51,285.0,672.51,285.0,684.105,246.0,684.105,(V,E),paragraph
662,289.0,672.51,305.0,672.51,305.0,684.878,289.0,684.878,be,paragraph
663,309.0,672.51,316.0,672.51,316.0,684.878,309.0,684.878,a,paragraph
664,320.0,672.51,356.0,672.51,356.0,684.878,320.0,684.878,TLG,,paragraph
665,360.0,672.51,384.0,672.51,384.0,684.878,360.0,684.878,and,paragraph
666,388.0,672.51,407.0,672.51,407.0,684.878,388.0,684.878,we,paragraph
667,411.0,672.51,459.0,672.51,459.0,684.878,411.0,684.878,assume,paragraph
668,463.0,672.51,488.0,672.51,488.0,684.878,463.0,684.878,that,paragraph
669,511.0,670.191,529.0,670.191,529.0,681.7860000000001,511.0,681.7860000000001,d).,paragraph
670,535.0,670.191,545.0,670.191,545.0,681.7860000000001,535.0,681.7860000000001,if,paragraph
671,552.0,669.418,560.0,669.418,560.0,681.013,552.0,681.013,p,paragraph
672,566.0,670.191,576.0,670.191,576.0,681.7860000000001,566.0,681.7860000000001,is,paragraph
673,582.0,670.191,598.0,670.191,598.0,681.7860000000001,582.0,681.7860000000001,an,paragraph
674,603.0,670.191,683.0,670.191,683.0,681.7860000000001,603.0,681.7860000000001,equilibrium,,paragraph
675,689.0,670.191,717.0,670.191,717.0,681.7860000000001,689.0,681.7860000000001,then,paragraph
676,723.0,670.191,753.0,670.191,753.0,681.7860000000001,723.0,681.7860000000001,each,paragraph
677,760.0,669.418,771.0,669.418,771.0,682.559,760.0,682.559,pi,paragraph
678,778.0,670.191,789.0,670.191,789.0,681.7860000000001,778.0,681.7860000000001,is,paragraph
679,795.0,670.191,810.0,670.191,810.0,681.7860000000001,795.0,681.7860000000001,an,paragraph
680,816.0,670.191,892.0,670.191,892.0,681.7860000000001,816.0,681.7860000000001,equilibrium,paragraph
681,898.0,670.191,911.0,670.191,911.0,681.7860000000001,898.0,681.7860000000001,of,paragraph
682,695.0,677.921,708.0,677.921,708.0,691.062,695.0,691.062,G,paragraph
683,88.0,684.105,108.0,684.105,108.0,696.4730000000001,88.0,696.4730000000001,the,paragraph
684,114.0,684.105,175.0,684.105,175.0,696.4730000000001,114.0,696.4730000000001,ensemble,paragraph
685,181.0,684.105,195.0,684.105,195.0,696.4730000000001,181.0,696.4730000000001,of,paragraph
686,201.0,684.105,270.0,684.105,270.0,696.4730000000001,201.0,696.4730000000001,interaction,paragraph
687,276.0,684.105,306.0,684.105,306.0,696.4730000000001,276.0,696.4730000000001,laws,paragraph
688,312.0,684.105,325.0,684.105,325.0,696.4730000000001,312.0,696.4730000000001,of,paragraph
689,331.0,684.105,377.0,684.105,377.0,696.4730000000001,331.0,696.4730000000001,system,paragraph
690,383.0,684.105,402.0,684.105,402.0,696.4730000000001,383.0,696.4730000000001,(1),paragraph
691,408.0,684.105,418.0,684.105,418.0,696.4730000000001,408.0,696.4730000000001,is,paragraph
692,424.0,684.105,488.0,684.105,488.0,696.4730000000001,424.0,696.4730000000001,contained,paragraph
693,511.0,681.7860000000001,531.0,681.7860000000001,531.0,693.381,511.0,693.381,the,paragraph
694,537.0,681.7860000000001,610.0,681.7860000000001,610.0,693.381,537.0,693.381,sub-system,paragraph
695,616.0,681.7860000000001,667.0,681.7860000000001,667.0,693.381,616.0,693.381,induced,paragraph
696,673.0,681.7860000000001,689.0,681.7860000000001,689.0,693.381,673.0,693.381,by,paragraph
697,708.0,681.7860000000001,716.0,681.7860000000001,716.0,694.154,708.0,694.154,i.,paragraph
698,122.0,691.062,126.0,691.062,126.0,703.4300000000001,122.0,703.4300000000001,|,paragraph
699,134.0,691.062,137.0,691.062,137.0,703.4300000000001,134.0,703.4300000000001,|,paragraph
700,88.0,696.4730000000001,100.0,696.4730000000001,100.0,708.068,88.0,708.068,in,paragraph
701,106.0,695.7,120.0,695.7,120.0,705.749,106.0,705.749,F,paragraph
702,126.0,694.927,133.0,694.927,133.0,703.4300000000001,126.0,703.4300000000001,E,paragraph
703,138.0,696.4730000000001,142.0,696.4730000000001,142.0,708.068,138.0,708.068,.,paragraph
704,147.0,696.4730000000001,173.0,696.4730000000001,173.0,708.068,147.0,708.068,The,paragraph
705,178.0,696.4730000000001,235.0,696.4730000000001,235.0,708.068,178.0,708.068,potential,paragraph
706,240.0,696.4730000000001,294.0,696.4730000000001,294.0,708.068,240.0,708.068,function,paragraph
707,299.0,694.927,312.0,694.927,312.0,708.068,299.0,708.068,Φ,paragraph
708,317.0,696.4730000000001,365.0,696.4730000000001,365.0,708.068,317.0,708.068,deﬁned,paragraph
709,370.0,696.4730000000001,386.0,696.4730000000001,386.0,708.068,370.0,708.068,by,paragraph
710,391.0,696.4730000000001,448.0,696.4730000000001,448.0,708.068,391.0,708.068,equation,paragraph
711,453.0,696.4730000000001,472.0,696.4730000000001,472.0,708.068,453.0,708.068,(2),paragraph
712,477.0,696.4730000000001,488.0,696.4730000000001,488.0,708.068,477.0,708.068,is,paragraph
713,511.0,696.4730000000001,547.0,696.4730000000001,547.0,708.068,511.0,708.068,More,paragraph
714,553.0,696.4730000000001,600.0,696.4730000000001,600.0,708.068,553.0,708.068,details,,paragraph
715,606.0,696.4730000000001,668.0,696.4730000000001,668.0,708.068,606.0,708.068,including,paragraph
716,674.0,696.4730000000001,694.0,696.4730000000001,694.0,708.068,674.0,708.068,the,paragraph
717,701.0,696.4730000000001,742.0,696.4730000000001,742.0,708.068,701.0,708.068,proofs,paragraph
718,749.0,696.4730000000001,763.0,696.4730000000001,763.0,708.068,749.0,708.068,of,paragraph
719,769.0,696.4730000000001,803.0,696.4730000000001,803.0,708.068,769.0,708.068,these,paragraph
720,809.0,696.4730000000001,882.0,696.4730000000001,882.0,708.068,809.0,708.068,statements,,paragraph
721,889.0,696.4730000000001,911.0,696.4730000000001,911.0,708.068,889.0,708.068,can,paragraph
722,88.0,708.068,116.0,708.068,116.0,719.663,88.0,719.663,then,paragraph
723,121.0,708.068,194.0,708.068,194.0,719.663,121.0,719.663,generically,paragraph
724,199.0,708.068,215.0,708.068,215.0,719.663,199.0,719.663,an,paragraph
725,221.0,708.068,293.0,708.068,293.0,719.663,221.0,719.663,equivariant,paragraph
726,299.0,708.068,340.0,708.068,340.0,719.663,299.0,719.663,Morse,paragraph
727,346.0,708.068,404.0,708.068,404.0,719.663,346.0,719.663,function.,paragraph
728,511.0,708.068,527.0,708.068,527.0,719.663,511.0,719.663,be,paragraph
729,532.0,708.068,570.0,708.068,570.0,719.663,532.0,719.663,found,paragraph
730,576.0,708.068,589.0,708.068,589.0,719.663,576.0,719.663,in,paragraph
731,594.0,708.068,617.0,708.068,617.0,719.663,594.0,719.663,[1].,paragraph
732,127.0,52.56400000000001,448.0,52.56400000000001,448.0,168.514,127.0,168.514,##LTFigure##,figure
733,284.0,485.444,335.0,485.444,335.0,485.444,284.0,485.444,##LTLine##,equation
