0,101.0,136.821,134.0,136.821,134.0,165.422,101.0,165.422,T/)′,paragraph
1,105.0,166.968,133.0,166.968,133.0,175.471,105.0,175.471,f,paragraph
2,104.0,179.336,153.0,179.336,153.0,191.704,104.0,191.704,−,paragraph
3,105.0,197.888,133.0,197.888,133.0,211.80200000000002,105.0,211.80200000000002,f(,paragraph
4,105.0,231.89999999999998,133.0,231.89999999999998,133.0,238.857,105.0,238.857,δ,paragraph
5,116.0,124.453,135.0,124.453,135.0,137.594,116.0,137.594,tfs,paragraph
6,116.0,224.94299999999998,135.0,224.94299999999998,135.0,231.89999999999998,116.0,231.89999999999998,T,paragraph
7,123.0,213.348,137.0,213.348,137.0,224.94299999999998,123.0,224.94299999999998,tfs,paragraph
8,910.0,27.828,918.0,27.828,918.0,37.104,910.0,37.104,5,paragraph
9,167.0,66.478,216.0,66.478,216.0,83.484,167.0,83.484,1.00,paragraph
10,167.0,100.49000000000001,216.0,100.49000000000001,216.0,116.723,167.0,116.723,0.75,paragraph
11,167.0,133.72899999999998,216.0,133.72899999999998,216.0,150.735,167.0,150.735,0.50,paragraph
12,167.0,167.74099999999999,216.0,167.74099999999999,216.0,184.74699999999999,167.0,184.74699999999999,0.25,paragraph
13,167.0,201.75300000000001,216.0,201.75300000000001,216.0,217.986,167.0,217.986,0.00,paragraph
14,145.0,234.219,216.0,234.219,216.0,262.82,145.0,262.82,−0.25,paragraph
15,145.0,267.45799999999997,216.0,267.45799999999997,216.0,296.832,145.0,296.832,−0.50,paragraph
16,197.0,306.108,254.0,306.108,254.0,335.48199999999997,197.0,335.48199999999997,−2.5,paragraph
17,263.0,306.108,320.0,306.108,320.0,335.48199999999997,263.0,335.48199999999997,−2.0,paragraph
18,328.0,306.108,385.0,306.108,385.0,335.48199999999997,328.0,335.48199999999997,−1.5,paragraph
19,394.0,306.108,451.0,306.108,451.0,335.48199999999997,394.0,335.48199999999997,−1.0,paragraph
20,460.0,306.108,516.0,306.108,516.0,335.48199999999997,460.0,335.48199999999997,−0.5,paragraph
21,536.0,306.88100000000003,571.0,306.88100000000003,571.0,323.887,536.0,323.887,0.0,paragraph
22,602.0,306.88100000000003,637.0,306.88100000000003,637.0,323.887,602.0,323.887,0.5,paragraph
23,667.0,306.88100000000003,703.0,306.88100000000003,703.0,323.887,667.0,323.887,1.0,paragraph
24,733.0,306.88100000000003,768.0,306.88100000000003,768.0,323.887,733.0,323.887,1.5,paragraph
25,799.0,306.88100000000003,834.0,306.88100000000003,834.0,323.887,799.0,323.887,2.0,paragraph
26,864.0,306.88100000000003,899.0,306.88100000000003,899.0,323.887,864.0,323.887,2.5,paragraph
27,488.0,327.752,512.0,327.752,512.0,344.758,488.0,344.758,(f,paragraph
28,522.0,327.752,543.0,327.752,543.0,356.353,522.0,356.353,−,paragraph
29,550.0,327.752,563.0,327.752,563.0,344.758,550.0,344.758,f,paragraph
30,566.0,325.433,620.0,325.433,620.0,344.758,566.0,344.758,′)/δf,paragraph
31,246.0,371.813,257.0,371.813,257.0,386.5,246.0,386.5,−,caption
32,270.0,372.586,274.0,372.586,274.0,382.635,270.0,382.635,(cid:48),caption
33,88.0,377.997,119.0,377.997,119.0,386.5,88.0,386.5,FIG.,paragraph
34,125.0,377.997,137.0,377.997,137.0,386.5,125.0,386.5,1.,paragraph
35,147.0,377.997,175.0,377.997,175.0,386.5,147.0,386.5,Plot,caption
36,181.0,377.997,193.0,377.997,193.0,386.5,181.0,386.5,of,caption
37,199.0,377.997,206.0,377.997,206.0,386.5,199.0,386.5,δ,caption
38,227.0,377.997,240.0,377.997,240.0,386.5,227.0,386.5,(f,caption
39,262.0,377.997,269.0,377.997,269.0,386.5,262.0,386.5,f,caption
40,275.0,377.997,281.0,377.997,281.0,386.5,275.0,386.5,),caption
41,287.0,377.997,334.0,377.997,334.0,386.5,287.0,386.5,deﬁned,caption
42,340.0,377.997,352.0,377.997,352.0,386.5,340.0,386.5,in,caption
43,359.0,377.997,397.0,377.997,397.0,386.5,359.0,386.5,(2.17),caption
44,403.0,377.997,441.0,377.997,441.0,386.5,403.0,386.5,which,caption
45,447.0,377.997,519.0,377.997,519.0,386.5,447.0,386.5,determines,caption
46,525.0,377.997,546.0,377.997,546.0,386.5,525.0,386.5,the,caption
47,552.0,377.997,589.0,377.997,589.0,386.5,552.0,386.5,signal,caption
48,596.0,377.997,676.0,377.997,676.0,386.5,596.0,386.5,contribution,caption
49,682.0,377.997,696.0,377.997,696.0,386.5,682.0,386.5,to,caption
50,702.0,377.997,710.0,377.997,710.0,386.5,702.0,386.5,a,caption
51,716.0,377.997,750.0,377.997,750.0,386.5,716.0,386.5,given,caption
52,756.0,377.997,819.0,377.997,819.0,386.5,756.0,386.5,frequency,caption
53,825.0,377.997,846.0,377.997,846.0,386.5,825.0,386.5,bin,caption
54,852.0,377.997,865.0,377.997,865.0,386.5,852.0,386.5,of,caption
55,871.0,377.997,878.0,377.997,878.0,386.5,871.0,386.5,a,caption
56,884.0,377.997,918.0,377.997,918.0,386.5,884.0,386.5,short,caption
57,206.0,381.089,225.0,381.089,225.0,388.046,206.0,388.046,Tsft,caption
58,88.0,388.046,135.0,388.046,135.0,396.54900000000004,88.0,396.54900000000004,Fourier,caption
59,141.0,388.046,205.0,388.046,205.0,396.54900000000004,141.0,396.54900000000004,transform,caption
60,210.0,388.046,251.0,388.046,251.0,396.54900000000004,210.0,396.54900000000004,(SFT),caption
61,257.0,388.046,269.0,388.046,269.0,396.54900000000004,257.0,396.54900000000004,of,caption
62,275.0,388.046,331.0,388.046,331.0,396.54900000000004,275.0,396.54900000000004,duration,caption
63,336.0,388.046,345.0,388.046,345.0,396.54900000000004,336.0,396.54900000000004,T,caption
64,365.0,388.046,428.0,388.046,428.0,396.54900000000004,365.0,396.54900000000004,according,caption
65,433.0,388.046,447.0,388.046,447.0,396.54900000000004,433.0,396.54900000000004,to,caption
66,452.0,388.046,495.0,388.046,495.0,396.54900000000004,452.0,396.54900000000004,(2.16).,caption
67,504.0,388.046,538.0,388.046,538.0,396.54900000000004,504.0,396.54900000000004,Since,caption
68,544.0,388.046,565.0,388.046,565.0,396.54900000000004,544.0,396.54900000000004,the,caption
69,570.0,388.046,619.0,388.046,619.0,396.54900000000004,570.0,396.54900000000004,spacing,caption
70,625.0,388.046,678.0,388.046,678.0,396.54900000000004,625.0,396.54900000000004,between,caption
71,683.0,388.046,747.0,388.046,747.0,396.54900000000004,683.0,396.54900000000004,frequency,caption
72,752.0,388.046,779.0,388.046,779.0,396.54900000000004,752.0,396.54900000000004,bins,caption
73,785.0,388.046,795.0,388.046,795.0,396.54900000000004,785.0,396.54900000000004,is,caption
74,801.0,388.046,813.0,388.046,813.0,396.54900000000004,801.0,396.54900000000004,δf,caption
75,820.0,388.046,831.0,388.046,831.0,396.54900000000004,820.0,396.54900000000004,=,caption
76,837.0,388.046,860.0,388.046,860.0,396.54900000000004,837.0,396.54900000000004,1/T,caption
77,874.0,388.046,879.0,388.046,879.0,396.54900000000004,874.0,396.54900000000004,,,caption
78,884.0,388.046,918.0,388.046,918.0,396.54900000000004,884.0,396.54900000000004,there,caption
79,345.0,391.911,358.0,391.911,358.0,397.322,345.0,397.322,sft,caption
80,570.0,391.911,582.0,391.911,582.0,407.37100000000004,570.0,407.37100000000004,−,caption
81,860.0,391.911,874.0,391.911,874.0,397.322,860.0,397.322,sft,caption
82,88.0,398.095,111.0,398.095,111.0,407.37100000000004,88.0,407.37100000000004,will,caption
83,116.0,398.095,135.0,398.095,135.0,407.37100000000004,116.0,407.37100000000004,be,,caption
84,140.0,398.095,158.0,398.095,158.0,407.37100000000004,140.0,407.37100000000004,for,caption
85,162.0,398.095,170.0,398.095,170.0,407.37100000000004,162.0,407.37100000000004,a,caption
86,174.0,398.095,208.0,398.095,208.0,407.37100000000004,174.0,407.37100000000004,given,caption
87,213.0,398.095,250.0,398.095,250.0,407.37100000000004,213.0,407.37100000000004,signal,caption
88,255.0,398.095,318.0,398.095,318.0,407.37100000000004,255.0,407.37100000000004,frequency,caption
89,322.0,398.095,330.0,398.095,330.0,407.37100000000004,322.0,407.37100000000004,f,caption
90,341.0,398.095,345.0,398.095,345.0,407.37100000000004,341.0,407.37100000000004,,,caption
91,350.0,398.095,372.0,398.095,372.0,407.37100000000004,350.0,407.37100000000004,one,caption
92,377.0,398.095,398.0,398.095,398.0,407.37100000000004,377.0,407.37100000000004,bin,caption
93,402.0,398.095,441.0,398.095,441.0,407.37100000000004,402.0,407.37100000000004,whose,caption
94,446.0,398.095,480.0,398.095,480.0,407.37100000000004,446.0,407.37100000000004,value,caption
95,484.0,398.095,496.0,398.095,496.0,407.37100000000004,484.0,407.37100000000004,of,caption
96,500.0,398.095,509.0,398.095,509.0,407.37100000000004,500.0,407.37100000000004,κ,caption
97,532.0,398.095,543.0,398.095,543.0,407.37100000000004,532.0,407.37100000000004,=,caption
98,547.0,398.095,561.0,398.095,561.0,407.37100000000004,547.0,407.37100000000004,(f,caption
99,584.0,398.095,591.0,398.095,591.0,407.37100000000004,584.0,407.37100000000004,f,caption
100,603.0,398.095,628.0,398.095,628.0,407.37100000000004,603.0,407.37100000000004,)/δf,caption
101,634.0,398.095,655.0,398.095,655.0,407.37100000000004,634.0,407.37100000000004,lies,caption
102,659.0,398.095,713.0,398.095,713.0,407.37100000000004,659.0,407.37100000000004,between,caption
103,717.0,398.095,746.0,398.095,746.0,407.37100000000004,717.0,407.37100000000004,each,caption
104,750.0,398.095,776.0,398.095,776.0,407.37100000000004,750.0,407.37100000000004,pair,caption
105,780.0,398.095,793.0,398.095,793.0,407.37100000000004,780.0,407.37100000000004,of,caption
106,797.0,398.095,845.0,398.095,845.0,407.37100000000004,797.0,407.37100000000004,vertical,caption
107,850.0,398.095,880.0,398.095,880.0,407.37100000000004,850.0,407.37100000000004,solid,caption
108,884.0,398.095,918.0,398.095,918.0,407.37100000000004,884.0,407.37100000000004,lines.,caption
109,330.0,401.96000000000004,340.0,401.96000000000004,340.0,407.37100000000004,330.0,407.37100000000004,K,caption
110,509.0,401.96000000000004,526.0,401.96000000000004,526.0,407.37100000000004,509.0,407.37100000000004,Kk,caption
111,561.0,401.96000000000004,567.0,401.96000000000004,567.0,407.37100000000004,561.0,407.37100000000004,k,caption
112,591.0,401.96000000000004,601.0,401.96000000000004,601.0,407.37100000000004,591.0,407.37100000000004,K,caption
113,88.0,429.01500000000004,116.0,429.01500000000004,116.0,438.29099999999994,88.0,438.29099999999994,The,paragraph
114,121.0,429.01500000000004,162.0,429.01500000000004,162.0,438.29099999999994,121.0,438.29099999999994,signal,paragraph
115,167.0,429.01500000000004,255.0,429.01500000000004,255.0,438.29099999999994,167.0,438.29099999999994,contribution,paragraph
116,260.0,429.01500000000004,275.0,429.01500000000004,275.0,438.29099999999994,260.0,438.29099999999994,to,paragraph
117,280.0,429.01500000000004,303.0,429.01500000000004,303.0,438.29099999999994,280.0,438.29099999999994,bin,paragraph
118,308.0,429.01500000000004,317.0,429.01500000000004,317.0,438.29099999999994,308.0,438.29099999999994,k,paragraph
119,323.0,429.01500000000004,336.0,429.01500000000004,336.0,438.29099999999994,323.0,438.29099999999994,of,paragraph
120,341.0,429.01500000000004,372.0,429.01500000000004,372.0,438.29099999999994,341.0,438.29099999999994,SFT,paragraph
121,378.0,429.01500000000004,392.0,429.01500000000004,392.0,438.29099999999994,378.0,438.29099999999994,K,paragraph
122,398.0,429.01500000000004,409.0,429.01500000000004,409.0,438.29099999999994,398.0,438.29099999999994,is,paragraph
123,320.0,436.74499999999995,329.0,436.74499999999995,329.0,473.07599999999996,320.0,473.07599999999996,(cid:101),equation
124,463.0,453.751,501.0,453.751,501.0,471.53,463.0,471.53,FKA,equation
125,516.0,455.29699999999997,528.0,455.29699999999997,528.0,471.53,516.0,471.53,−,equation
126,532.0,453.751,585.0,453.751,585.0,471.53,532.0,471.53,iF×KA×,equation
127,320.0,462.25399999999996,348.0,462.25399999999996,348.0,472.303,320.0,472.303,hKk,equation
128,354.0,462.25399999999996,366.0,462.25399999999996,366.0,479.26,354.0,479.26,≈,equation
129,371.0,459.935,459.0,459.935,459.0,479.26,371.0,479.26,h0(−1)keiΦK,equation
130,473.0,459.935,483.0,459.935,483.0,466.892,473.0,466.892,+,equation
131,501.0,459.162,511.0,459.162,511.0,465.346,501.0,465.346,+,equation
132,520.0,469.211,528.0,469.211,528.0,478.487,520.0,478.487,2,equation
133,588.0,462.25399999999996,638.0,462.25399999999996,638.0,473.07599999999996,588.0,473.07599999999996,δTsft(fk,equation
134,643.0,462.25399999999996,655.0,462.25399999999996,655.0,479.26,643.0,479.26,−,equation
135,659.0,462.25399999999996,686.0,462.25399999999996,686.0,472.303,659.0,472.303,fK),equation
136,876.0,462.25399999999996,918.0,462.25399999999996,918.0,472.303,876.0,472.303,(2.16),equation
137,104.0,490.855,146.0,490.855,146.0,500.904,104.0,500.904,where,paragraph
138,151.0,490.855,170.0,490.855,170.0,500.904,151.0,500.904,we,paragraph
139,175.0,490.855,207.0,490.855,207.0,500.904,175.0,500.904,have,paragraph
140,213.0,490.855,263.0,490.855,263.0,500.904,213.0,500.904,deﬁned,paragraph
141,450.0,488.536,459.0,488.536,459.0,524.8670000000001,450.0,524.8670000000001,(cid:90),equation
142,467.0,516.364,526.0,516.364,526.0,524.094,467.0,524.094,tK+Tsft/2,equation
143,537.0,517.9100000000001,547.0,517.9100000000001,547.0,530.278,537.0,530.278,−,equation
144,584.0,517.9100000000001,594.0,517.9100000000001,594.0,530.278,584.0,530.278,−,equation
145,626.0,517.9100000000001,637.0,517.9100000000001,637.0,530.278,626.0,530.278,−,equation
146,331.0,525.64,381.0,525.64,381.0,535.689,331.0,535.689,δTsft(fk,equation
147,385.0,524.8670000000001,398.0,524.8670000000001,398.0,541.8729999999999,385.0,541.8729999999999,−,equation
148,402.0,525.64,429.0,525.64,429.0,535.689,402.0,535.689,fK),equation
149,433.0,525.64,446.0,525.64,446.0,534.9159999999999,433.0,534.9159999999999,=,equation
150,475.0,531.051,485.0,531.051,485.0,542.646,475.0,542.646,−,equation
151,530.0,525.64,537.0,525.64,537.0,534.9159999999999,530.0,534.9159999999999,e,equation
152,547.0,523.321,583.0,523.321,583.0,530.278,547.0,530.278,i2π(fk,equation
153,594.0,523.321,626.0,523.321,626.0,530.278,594.0,530.278,fK)(t,equation
154,637.0,523.321,657.0,523.321,657.0,530.278,637.0,530.278,tK),equation
155,661.0,525.64,675.0,525.64,675.0,534.9159999999999,661.0,534.9159999999999,dt,equation
156,876.0,532.597,918.0,532.597,918.0,542.646,876.0,542.646,(2.17),equation
157,459.0,535.689,474.0,535.689,474.0,543.419,459.0,543.419,tK,equation
158,485.0,535.689,519.0,535.689,519.0,543.419,485.0,543.419,Tsft/2,equation
159,433.0,547.284,446.0,547.284,446.0,557.333,433.0,557.333,=,equation
160,450.0,547.284,460.0,547.284,460.0,557.333,450.0,557.333,T,equation
161,480.0,547.284,526.0,547.284,526.0,557.333,480.0,557.333,sinc([f,equation
162,538.0,547.284,551.0,547.284,551.0,564.29,538.0,564.29,−,equation
163,554.0,547.284,562.0,547.284,562.0,557.333,554.0,557.333,f,equation
164,575.0,547.284,589.0,547.284,589.0,557.333,575.0,557.333,]T,equation
165,604.0,547.284,610.0,547.284,610.0,557.333,604.0,557.333,),equation
166,460.0,551.149,474.0,551.149,474.0,558.106,460.0,558.106,sft,equation
167,526.0,551.149,533.0,551.149,533.0,557.333,526.0,557.333,k,equation
168,562.0,551.149,573.0,551.149,573.0,557.333,562.0,557.333,K,equation
169,589.0,551.149,603.0,551.149,603.0,558.106,589.0,558.106,sft,equation
170,104.0,569.701,118.0,569.701,118.0,578.977,104.0,578.977,in,paragraph
171,123.0,569.701,163.0,569.701,163.0,578.977,123.0,578.977,terms,paragraph
172,169.0,569.701,182.0,569.701,182.0,578.977,169.0,578.977,of,paragraph
173,187.0,569.701,210.0,569.701,210.0,578.977,187.0,578.977,the,paragraph
174,215.0,569.701,293.0,569.701,293.0,578.977,215.0,578.977,normalized,paragraph
175,299.0,569.701,326.0,569.701,326.0,578.977,299.0,578.977,sinc,paragraph
176,331.0,569.701,390.0,569.701,390.0,578.977,331.0,578.977,function,paragraph
177,395.0,569.701,422.0,569.701,422.0,578.977,395.0,578.977,sinc,paragraph
178,425.0,569.701,435.0,569.701,435.0,578.977,425.0,578.977,α,paragraph
179,440.0,569.701,453.0,569.701,453.0,578.977,440.0,578.977,=,paragraph
180,459.0,567.382,501.0,567.382,501.0,578.977,459.0,578.977,sinπα.,paragraph
181,508.0,569.701,540.0,569.701,540.0,578.977,508.0,578.977,This,paragraph
182,545.0,569.701,556.0,569.701,556.0,578.977,545.0,578.977,is,paragraph
183,562.0,569.701,612.0,569.701,612.0,578.977,562.0,578.977,plotted,paragraph
184,618.0,569.701,632.0,569.701,632.0,578.977,618.0,578.977,in,paragraph
185,637.0,569.701,665.0,569.701,665.0,578.977,637.0,578.977,Fig.,paragraph
186,670.0,568.155,689.0,568.155,689.0,578.977,670.0,578.977,1.6,paragraph
187,698.0,569.701,726.0,569.701,726.0,578.977,698.0,578.977,The,paragraph
188,731.0,569.701,772.0,569.701,772.0,578.977,731.0,578.977,signal,paragraph
189,778.0,569.701,865.0,569.701,865.0,578.977,778.0,578.977,contribution,paragraph
190,870.0,569.701,896.0,569.701,896.0,578.977,870.0,578.977,will,paragraph
191,901.0,569.701,918.0,569.701,918.0,578.977,901.0,578.977,be,paragraph
192,469.0,574.3389999999999,485.0,574.3389999999999,485.0,581.296,469.0,581.296,πα,paragraph
193,88.0,582.842,135.0,582.842,135.0,592.118,88.0,592.118,largest,paragraph
194,140.0,582.842,154.0,582.842,154.0,592.118,140.0,592.118,in,paragraph
195,159.0,582.842,182.0,582.842,182.0,592.118,159.0,592.118,the,paragraph
196,187.0,580.523,196.0,580.523,196.0,592.118,187.0,592.118,k˜,paragraph
197,208.0,582.842,224.0,582.842,224.0,592.118,208.0,592.118,th,paragraph
198,229.0,582.842,280.0,582.842,280.0,592.118,229.0,592.118,Fourier,paragraph
199,286.0,582.842,313.0,582.842,313.0,592.118,286.0,592.118,bin,,paragraph
200,318.0,582.842,369.0,582.842,369.0,592.118,318.0,592.118,deﬁned,paragraph
201,374.0,582.842,391.0,582.842,391.0,592.118,374.0,592.118,by,paragraph
202,464.0,578.204,474.0,578.204,474.0,614.5350000000001,464.0,614.5350000000001,(cid:22),equation
203,498.0,578.204,508.0,578.204,508.0,614.5350000000001,498.0,614.5350000000001,(cid:25),equation
204,196.0,585.934,207.0,585.934,207.0,592.891,196.0,592.891,K,paragraph
205,476.0,608.351,484.0,608.351,484.0,618.4000000000001,476.0,618.4000000000001,f,equation
206,417.0,612.989,425.0,612.989,425.0,625.3570000000001,417.0,625.3570000000001,k˜,equation
207,442.0,615.308,460.0,615.308,460.0,625.3570000000001,442.0,625.3570000000001,:=,equation
208,484.0,612.216,494.0,612.216,494.0,619.173,484.0,619.173,K,equation
209,512.0,615.308,525.0,615.308,525.0,625.3570000000001,512.0,625.3570000000001,=,equation
210,529.0,615.308,544.0,615.308,544.0,632.314,529.0,632.314,(cid:98)f,equation
211,557.0,615.308,567.0,615.308,567.0,625.3570000000001,557.0,625.3570000000001,T,equation
212,582.0,615.308,589.0,615.308,589.0,632.314,582.0,632.314,(cid:101),equation
213,876.0,615.308,918.0,615.308,918.0,625.3570000000001,876.0,625.3570000000001,(2.18),equation
214,425.0,618.4000000000001,436.0,618.4000000000001,436.0,625.3570000000001,425.0,625.3570000000001,K,equation
215,544.0,618.4000000000001,555.0,618.4000000000001,555.0,625.3570000000001,544.0,625.3570000000001,K,equation
216,567.0,619.173,581.0,619.173,581.0,626.13,567.0,626.13,sft,equation
217,478.0,622.265,491.0,622.265,491.0,631.5409999999999,478.0,631.5409999999999,δf,equation
218,90.0,657.05,96.0,657.05,96.0,663.234,90.0,663.234,6,paragraph
219,102.0,658.596,154.0,658.596,154.0,666.326,102.0,666.326,Previous,footer
220,158.0,658.596,220.0,658.596,220.0,666.326,158.0,666.326,sensitivity,footer
221,224.0,658.596,281.0,658.596,281.0,666.326,224.0,666.326,estimates,footer
222,285.0,658.596,307.0,658.596,307.0,666.326,285.0,666.326,[21,,footer
223,312.0,658.596,329.0,658.596,329.0,666.326,312.0,666.326,22],footer
224,334.0,658.596,368.0,658.596,368.0,666.326,334.0,666.326,noted,footer
225,372.0,658.596,398.0,658.596,398.0,666.326,372.0,666.326,that,footer
226,402.0,658.596,447.0,658.596,447.0,667.872,402.0,667.872,δTsft(0),footer
227,451.0,658.596,462.0,658.596,462.0,666.326,451.0,666.326,=,footer
228,466.0,658.596,487.0,658.596,487.0,667.099,466.0,667.099,Tsft,footer
229,102.0,667.872,124.0,667.872,124.0,675.602,102.0,675.602,and,footer
230,127.0,667.872,181.0,667.872,181.0,675.602,127.0,675.602,therefore,footer
231,184.0,667.872,234.0,667.872,234.0,675.602,184.0,675.602,replaced,footer
232,237.0,667.872,264.0,667.872,264.0,675.602,237.0,675.602,each,footer
233,267.0,667.872,278.0,667.872,278.0,675.602,267.0,675.602,of,footer
234,282.0,667.872,301.0,667.872,301.0,675.602,282.0,675.602,the,footer
235,304.0,667.872,366.0,667.872,366.0,675.602,304.0,675.602,ﬁnite-time,footer
236,370.0,667.872,400.0,667.872,400.0,675.602,370.0,675.602,delta,footer
237,403.0,667.872,458.0,667.872,458.0,675.602,403.0,675.602,functions,footer
238,461.0,667.872,488.0,667.872,488.0,675.602,461.0,675.602,with,footer
239,102.0,677.148,121.0,677.148,121.0,684.878,102.0,684.878,the,footer
240,125.0,677.148,152.0,677.148,152.0,684.878,125.0,684.878,SFT,footer
241,157.0,677.148,195.0,677.148,195.0,684.878,157.0,684.878,length,footer
242,199.0,677.148,225.0,677.148,225.0,685.651,199.0,685.651,Tsft,,footer
243,230.0,677.148,251.0,677.148,251.0,684.878,230.0,684.878,but,footer
244,255.0,677.148,262.0,677.148,262.0,684.878,255.0,684.878,a,footer
245,267.0,677.148,297.0,677.148,297.0,684.878,267.0,684.878,more,footer
246,301.0,677.148,342.0,677.148,342.0,684.878,301.0,684.878,careful,footer
247,347.0,677.148,406.0,677.148,406.0,684.878,347.0,684.878,treatment,footer
248,411.0,677.148,458.0,677.148,458.0,684.878,411.0,684.878,requires,footer
249,463.0,677.148,488.0,677.148,488.0,684.878,463.0,684.878,that,footer
250,102.0,685.651,117.0,685.651,117.0,694.154,102.0,694.154,we,footer
251,122.0,685.651,149.0,685.651,149.0,694.154,122.0,694.154,keep,footer
252,153.0,685.651,184.0,685.651,184.0,694.154,153.0,694.154,track,footer
253,188.0,685.651,200.0,685.651,200.0,694.154,188.0,694.154,of,footer
254,204.0,685.651,251.0,685.651,251.0,694.154,204.0,694.154,spectral,footer
255,256.0,685.651,299.0,685.651,299.0,694.154,256.0,694.154,leakage,footer
256,304.0,685.651,344.0,685.651,344.0,694.154,304.0,694.154,caused,footer
257,348.0,685.651,363.0,685.651,363.0,694.154,348.0,694.154,by,footer
258,367.0,685.651,387.0,685.651,387.0,694.154,367.0,694.154,the,footer
259,391.0,685.651,426.0,685.651,426.0,694.154,391.0,694.154,signal,footer
260,430.0,685.651,488.0,685.651,488.0,694.154,430.0,694.154,frequency,footer
261,102.0,694.927,122.0,694.927,122.0,702.657,102.0,702.657,not,footer
262,126.0,694.927,159.0,694.927,159.0,702.657,126.0,702.657,being,footer
263,163.0,694.927,214.0,694.927,214.0,702.657,163.0,702.657,centered,footer
264,218.0,694.927,230.0,694.927,230.0,702.657,218.0,702.657,in,footer
265,235.0,694.927,241.0,694.927,241.0,702.657,235.0,702.657,a,footer
266,246.0,694.927,273.0,694.927,273.0,702.657,246.0,702.657,SFT,footer
267,277.0,694.927,300.0,694.927,300.0,702.657,277.0,702.657,bin.,footer
268,88.0,50.245000000000005,918.0,50.245000000000005,918.0,355.58000000000004,88.0,355.58000000000004,##LTFigure##,figure
269,0.0,16.233,88.0,16.233,88.0,16.233,0.0,16.233,##LTFigure##,figure
270,160.0,208.71,919.0,208.71,919.0,208.71,160.0,208.71,##LTLine##,paragraph
271,357.0,48.699,357.0,48.699,357.0,356.353,357.0,356.353,##LTLine##,paragraph
272,488.0,48.699,488.0,48.699,488.0,356.353,488.0,356.353,##LTLine##,paragraph
273,619.0,48.699,619.0,48.699,619.0,356.353,619.0,356.353,##LTLine##,paragraph
274,751.0,48.699,751.0,48.699,751.0,356.353,751.0,356.353,##LTLine##,paragraph
275,226.0,60.294,226.0,60.294,226.0,303.016,226.0,303.016,##LTLine##,paragraph
276,226.0,297.605,226.0,297.605,226.0,303.016,226.0,303.016,##LTLine##,paragraph
277,226.0,297.605,226.0,297.605,226.0,303.016,226.0,303.016,##LTLine##,paragraph
278,226.0,60.294,226.0,60.294,226.0,65.705,226.0,65.705,##LTLine##,paragraph
279,226.0,60.294,226.0,60.294,226.0,65.705,226.0,65.705,##LTLine##,paragraph
280,291.0,60.294,291.0,60.294,291.0,303.016,291.0,303.016,##LTLine##,paragraph
281,291.0,297.605,291.0,297.605,291.0,303.016,291.0,303.016,##LTLine##,paragraph
282,291.0,297.605,291.0,297.605,291.0,303.016,291.0,303.016,##LTLine##,paragraph
283,291.0,60.294,291.0,60.294,291.0,65.705,291.0,65.705,##LTLine##,paragraph
284,291.0,60.294,291.0,60.294,291.0,65.705,291.0,65.705,##LTLine##,paragraph
285,357.0,60.294,357.0,60.294,357.0,303.016,357.0,303.016,##LTLine##,paragraph
286,357.0,297.605,357.0,297.605,357.0,303.016,357.0,303.016,##LTLine##,paragraph
287,357.0,297.605,357.0,297.605,357.0,303.016,357.0,303.016,##LTLine##,paragraph
288,357.0,60.294,357.0,60.294,357.0,65.705,357.0,65.705,##LTLine##,paragraph
289,357.0,60.294,357.0,60.294,357.0,65.705,357.0,65.705,##LTLine##,paragraph
290,422.0,60.294,422.0,60.294,422.0,303.016,422.0,303.016,##LTLine##,paragraph
291,422.0,297.605,422.0,297.605,422.0,303.016,422.0,303.016,##LTLine##,paragraph
292,422.0,297.605,422.0,297.605,422.0,303.016,422.0,303.016,##LTLine##,paragraph
293,422.0,60.294,422.0,60.294,422.0,65.705,422.0,65.705,##LTLine##,paragraph
294,422.0,60.294,422.0,60.294,422.0,65.705,422.0,65.705,##LTLine##,paragraph
295,488.0,60.294,488.0,60.294,488.0,303.016,488.0,303.016,##LTLine##,paragraph
296,488.0,297.605,488.0,297.605,488.0,303.016,488.0,303.016,##LTLine##,paragraph
297,488.0,297.605,488.0,297.605,488.0,303.016,488.0,303.016,##LTLine##,paragraph
298,488.0,60.294,488.0,60.294,488.0,65.705,488.0,65.705,##LTLine##,paragraph
299,488.0,60.294,488.0,60.294,488.0,65.705,488.0,65.705,##LTLine##,paragraph
300,554.0,60.294,554.0,60.294,554.0,303.016,554.0,303.016,##LTLine##,paragraph
301,554.0,297.605,554.0,297.605,554.0,303.016,554.0,303.016,##LTLine##,paragraph
302,554.0,297.605,554.0,297.605,554.0,303.016,554.0,303.016,##LTLine##,paragraph
303,554.0,60.294,554.0,60.294,554.0,65.705,554.0,65.705,##LTLine##,paragraph
304,554.0,60.294,554.0,60.294,554.0,65.705,554.0,65.705,##LTLine##,paragraph
305,619.0,60.294,619.0,60.294,619.0,303.016,619.0,303.016,##LTLine##,paragraph
306,619.0,297.605,619.0,297.605,619.0,303.016,619.0,303.016,##LTLine##,paragraph
307,619.0,297.605,619.0,297.605,619.0,303.016,619.0,303.016,##LTLine##,paragraph
308,619.0,60.294,619.0,60.294,619.0,65.705,619.0,65.705,##LTLine##,paragraph
309,619.0,60.294,619.0,60.294,619.0,65.705,619.0,65.705,##LTLine##,paragraph
310,685.0,60.294,685.0,60.294,685.0,303.016,685.0,303.016,##LTLine##,paragraph
311,685.0,297.605,685.0,297.605,685.0,303.016,685.0,303.016,##LTLine##,paragraph
312,685.0,297.605,685.0,297.605,685.0,303.016,685.0,303.016,##LTLine##,paragraph
313,685.0,60.294,685.0,60.294,685.0,65.705,685.0,65.705,##LTLine##,paragraph
314,685.0,60.294,685.0,60.294,685.0,65.705,685.0,65.705,##LTLine##,paragraph
315,751.0,60.294,751.0,60.294,751.0,303.016,751.0,303.016,##LTLine##,paragraph
316,751.0,297.605,751.0,297.605,751.0,303.016,751.0,303.016,##LTLine##,paragraph
317,751.0,297.605,751.0,297.605,751.0,303.016,751.0,303.016,##LTLine##,paragraph
318,751.0,60.294,751.0,60.294,751.0,65.705,751.0,65.705,##LTLine##,paragraph
319,751.0,60.294,751.0,60.294,751.0,65.705,751.0,65.705,##LTLine##,paragraph
320,816.0,60.294,816.0,60.294,816.0,303.016,816.0,303.016,##LTLine##,paragraph
321,816.0,297.605,816.0,297.605,816.0,303.016,816.0,303.016,##LTLine##,paragraph
322,816.0,297.605,816.0,297.605,816.0,303.016,816.0,303.016,##LTLine##,paragraph
323,816.0,60.294,816.0,60.294,816.0,65.705,816.0,65.705,##LTLine##,paragraph
324,816.0,60.294,816.0,60.294,816.0,65.705,816.0,65.705,##LTLine##,paragraph
325,882.0,60.294,882.0,60.294,882.0,303.016,882.0,303.016,##LTLine##,paragraph
326,882.0,297.605,882.0,297.605,882.0,303.016,882.0,303.016,##LTLine##,paragraph
327,882.0,297.605,882.0,297.605,882.0,303.016,882.0,303.016,##LTLine##,paragraph
328,882.0,60.294,882.0,60.294,882.0,65.705,882.0,65.705,##LTLine##,paragraph
329,882.0,60.294,882.0,60.294,882.0,65.705,882.0,65.705,##LTLine##,paragraph
330,226.0,275.961,882.0,275.961,882.0,275.961,226.0,275.961,##LTLine##,paragraph
331,226.0,275.961,235.0,275.961,235.0,275.961,226.0,275.961,##LTLine##,paragraph
332,226.0,275.961,235.0,275.961,235.0,275.961,226.0,275.961,##LTLine##,paragraph
333,872.0,275.961,882.0,275.961,882.0,275.961,872.0,275.961,##LTLine##,paragraph
334,872.0,275.961,882.0,275.961,882.0,275.961,872.0,275.961,##LTLine##,paragraph
335,226.0,241.949,882.0,241.949,882.0,241.949,226.0,241.949,##LTLine##,paragraph
336,226.0,241.949,235.0,241.949,235.0,241.949,226.0,241.949,##LTLine##,paragraph
337,226.0,241.949,235.0,241.949,235.0,241.949,226.0,241.949,##LTLine##,paragraph
338,872.0,241.949,882.0,241.949,882.0,241.949,872.0,241.949,##LTLine##,paragraph
339,872.0,241.949,882.0,241.949,882.0,241.949,872.0,241.949,##LTLine##,paragraph
340,226.0,208.71,882.0,208.71,882.0,208.71,226.0,208.71,##LTLine##,paragraph
341,226.0,208.71,235.0,208.71,235.0,208.71,226.0,208.71,##LTLine##,paragraph
342,226.0,208.71,235.0,208.71,235.0,208.71,226.0,208.71,##LTLine##,paragraph
343,872.0,208.71,882.0,208.71,882.0,208.71,872.0,208.71,##LTLine##,paragraph
344,872.0,208.71,882.0,208.71,882.0,208.71,872.0,208.71,##LTLine##,paragraph
345,226.0,174.698,882.0,174.698,882.0,174.698,226.0,174.698,##LTLine##,paragraph
346,226.0,174.698,235.0,174.698,235.0,174.698,226.0,174.698,##LTLine##,paragraph
347,226.0,174.698,235.0,174.698,235.0,174.698,226.0,174.698,##LTLine##,paragraph
348,872.0,174.698,882.0,174.698,882.0,174.698,872.0,174.698,##LTLine##,paragraph
349,872.0,174.698,882.0,174.698,882.0,174.698,872.0,174.698,##LTLine##,paragraph
350,226.0,141.459,882.0,141.459,882.0,141.459,226.0,141.459,##LTLine##,paragraph
351,226.0,141.459,235.0,141.459,235.0,141.459,226.0,141.459,##LTLine##,paragraph
352,226.0,141.459,235.0,141.459,235.0,141.459,226.0,141.459,##LTLine##,paragraph
353,872.0,141.459,882.0,141.459,882.0,141.459,872.0,141.459,##LTLine##,paragraph
354,872.0,141.459,882.0,141.459,882.0,141.459,872.0,141.459,##LTLine##,paragraph
355,226.0,107.447,882.0,107.447,882.0,107.447,226.0,107.447,##LTLine##,paragraph
356,226.0,107.447,235.0,107.447,235.0,107.447,226.0,107.447,##LTLine##,paragraph
357,226.0,107.447,235.0,107.447,235.0,107.447,226.0,107.447,##LTLine##,paragraph
358,872.0,107.447,882.0,107.447,882.0,107.447,872.0,107.447,##LTLine##,paragraph
359,872.0,107.447,882.0,107.447,882.0,107.447,872.0,107.447,##LTLine##,paragraph
360,226.0,73.435,882.0,73.435,882.0,73.435,226.0,73.435,##LTLine##,paragraph
361,226.0,73.435,235.0,73.435,235.0,73.435,226.0,73.435,##LTLine##,paragraph
362,226.0,73.435,235.0,73.435,235.0,73.435,226.0,73.435,##LTLine##,paragraph
363,872.0,73.435,882.0,73.435,882.0,73.435,872.0,73.435,##LTLine##,paragraph
364,872.0,73.435,882.0,73.435,882.0,73.435,872.0,73.435,##LTLine##,paragraph
365,226.0,60.294,882.0,60.294,882.0,60.294,226.0,60.294,##LTLine##,paragraph
366,882.0,60.294,882.0,60.294,882.0,303.016,882.0,303.016,##LTLine##,paragraph
367,226.0,303.016,882.0,303.016,882.0,303.016,226.0,303.016,##LTLine##,paragraph
368,226.0,60.294,226.0,60.294,226.0,303.016,226.0,303.016,##LTLine##,paragraph
369,463.0,466.892,586.0,466.892,586.0,466.892,463.0,466.892,##LTLine##,equation
370,459.0,574.3389999999999,494.0,574.3389999999999,494.0,574.3389999999999,459.0,574.3389999999999,##LTLine##,paragraph
371,476.0,619.946,496.0,619.946,496.0,619.946,476.0,619.946,##LTLine##,equation
372,88.0,638.4979999999999,147.0,638.4979999999999,147.0,638.4979999999999,88.0,638.4979999999999,##LTLine##,paragraph
