0,902.0,25.509,918.0,25.509,918.0,37.104,902.0,37.104,12,paragraph
1,281.0,55.656,293.0,55.656,293.0,61.84,281.0,61.84,Gy,paragraph
2,298.0,52.56400000000001,315.0,52.56400000000001,315.0,60.294,298.0,60.294,HaL,paragraph
3,285.0,63.386,290.0,63.386,290.0,69.57,285.0,69.57,2,paragraph
4,281.0,86.57600000000001,288.0,86.57600000000001,288.0,94.306,281.0,94.306,k,paragraph
5,422.0,84.257,445.0,84.257,445.0,90.441,422.0,90.441,band,paragraph
6,448.0,84.257,491.0,84.257,491.0,90.441,448.0,90.441,inversion,paragraph
7,289.0,89.668,293.0,89.668,293.0,95.079,289.0,95.079,y,paragraph
8,288.0,115.17699999999999,296.0,115.17699999999999,296.0,123.68,288.0,123.68,0,paragraph
9,366.0,115.94999999999999,399.0,115.94999999999999,399.0,122.134,366.0,122.134,pairing,paragraph
10,402.0,115.94999999999999,424.0,115.94999999999999,424.0,122.134,402.0,122.134,node,paragraph
11,281.0,169.287,293.0,169.287,293.0,175.471,281.0,175.471,Gy,paragraph
12,269.0,176.244,279.0,176.244,279.0,178.56300000000002,269.0,178.56300000000002,-,paragraph
13,285.0,177.017,311.0,177.017,311.0,190.158,285.0,190.158,2-G2x,paragraph
14,391.0,178.56300000000002,399.0,178.56300000000002,399.0,186.293,391.0,186.293,0,paragraph
15,438.0,178.56300000000002,450.0,178.56300000000002,450.0,187.066,438.0,187.066,kx,paragraph
16,487.0,177.017,499.0,177.017,499.0,190.158,487.0,190.158,G2x,paragraph
17,88.0,201.75300000000001,115.0,201.75300000000001,115.0,212.57500000000002,88.0,212.57500000000002,FIG.,paragraph
18,119.0,201.75300000000001,130.0,201.75300000000001,130.0,212.57500000000002,119.0,212.57500000000002,6.,paragraph
19,140.0,201.75300000000001,156.0,201.75300000000001,156.0,212.57500000000002,140.0,212.57500000000002,(a),caption
20,160.0,201.75300000000001,182.0,201.75300000000001,182.0,212.57500000000002,160.0,212.57500000000002,The,caption
21,186.0,201.75300000000001,215.0,201.75300000000001,215.0,212.57500000000002,186.0,212.57500000000002,thick,caption
22,219.0,201.75300000000001,238.0,201.75300000000001,238.0,212.57500000000002,219.0,212.57500000000002,red,caption
23,242.0,201.75300000000001,264.0,201.75300000000001,264.0,212.57500000000002,242.0,212.57500000000002,line,caption
24,267.0,201.75300000000001,277.0,201.75300000000001,277.0,212.57500000000002,267.0,212.57500000000002,is,caption
25,281.0,201.75300000000001,299.0,201.75300000000001,299.0,212.57500000000002,281.0,212.57500000000002,the,caption
26,303.0,201.75300000000001,335.0,201.75300000000001,335.0,212.57500000000002,303.0,212.57500000000002,nodal,caption
27,339.0,201.75300000000001,363.0,201.75300000000001,363.0,212.57500000000002,339.0,212.57500000000002,ring,caption
28,366.0,201.75300000000001,379.0,201.75300000000001,379.0,212.57500000000002,366.0,212.57500000000002,of,caption
29,382.0,201.75300000000001,400.0,201.75300000000001,400.0,212.57500000000002,382.0,212.57500000000002,the,caption
30,405.0,201.75300000000001,453.0,201.75300000000001,453.0,212.57500000000002,405.0,212.57500000000002,s±-wave,caption
31,456.0,201.75300000000001,502.0,201.75300000000001,502.0,212.57500000000002,456.0,212.57500000000002,pairing,,caption
32,505.0,201.75300000000001,526.0,201.75300000000001,526.0,212.57500000000002,505.0,212.57500000000002,and,caption
33,530.0,201.75300000000001,548.0,201.75300000000001,548.0,212.57500000000002,530.0,212.57500000000002,the,caption
34,552.0,201.75300000000001,575.0,201.75300000000001,575.0,212.57500000000002,552.0,212.57500000000002,thin,caption
35,578.0,201.75300000000001,604.0,201.75300000000001,604.0,212.57500000000002,578.0,212.57500000000002,blue,caption
36,607.0,201.75300000000001,629.0,201.75300000000001,629.0,212.57500000000002,607.0,212.57500000000002,line,caption
37,633.0,201.75300000000001,643.0,201.75300000000001,643.0,212.57500000000002,633.0,212.57500000000002,is,caption
38,647.0,201.75300000000001,665.0,201.75300000000001,665.0,212.57500000000002,647.0,212.57500000000002,the,caption
39,668.0,201.75300000000001,756.0,201.75300000000001,756.0,212.57500000000002,668.0,212.57500000000002,band-inversion,caption
40,759.0,201.75300000000001,787.0,201.75300000000001,787.0,212.57500000000002,759.0,212.57500000000002,ring.,caption
41,791.0,201.75300000000001,809.0,201.75300000000001,809.0,212.57500000000002,791.0,212.57500000000002,(b),caption
42,812.0,201.75300000000001,835.0,201.75300000000001,835.0,212.57500000000002,812.0,212.57500000000002,The,caption
43,839.0,201.75300000000001,918.0,201.75300000000001,918.0,212.57500000000002,839.0,212.57500000000002,wavefunction,caption
44,350.0,205.61800000000002,359.0,205.61800000000002,359.0,221.85099999999997,350.0,221.85099999999997,×,caption
45,408.0,205.61800000000002,417.0,205.61800000000002,417.0,221.85099999999997,408.0,221.85099999999997,×,caption
46,883.0,205.61800000000002,892.0,205.61800000000002,892.0,221.85099999999997,883.0,221.85099999999997,−,caption
47,88.0,211.80200000000002,126.0,211.80200000000002,126.0,222.624,88.0,222.624,proﬁle,caption
48,129.0,211.80200000000002,141.0,211.80200000000002,141.0,222.624,129.0,222.624,of,caption
49,144.0,211.80200000000002,162.0,211.80200000000002,162.0,222.624,144.0,222.624,the,caption
50,166.0,211.80200000000002,222.0,211.80200000000002,222.0,222.624,166.0,222.624,Majorana,caption
51,225.0,211.80200000000002,275.0,211.80200000000002,275.0,222.624,225.0,222.624,Kramers,caption
52,278.0,211.80200000000002,307.0,211.80200000000002,307.0,222.624,278.0,222.624,pairs,caption
53,310.0,211.80200000000002,321.0,211.80200000000002,321.0,222.624,310.0,222.624,in,caption
54,325.0,211.80200000000002,331.0,211.80200000000002,331.0,222.624,325.0,222.624,a,caption
55,335.0,211.80200000000002,348.0,211.80200000000002,348.0,223.397,335.0,223.397,Lx,caption
56,361.0,211.80200000000002,373.0,211.80200000000002,373.0,223.397,361.0,223.397,Ly,caption
57,378.0,212.57500000000002,387.0,212.57500000000002,387.0,220.30499999999998,378.0,220.30499999999998,=,caption
58,392.0,211.80200000000002,406.0,211.80200000000002,406.0,222.624,392.0,222.624,30,caption
59,418.0,211.80200000000002,433.0,211.80200000000002,433.0,222.624,418.0,222.624,30,caption
60,436.0,211.80200000000002,474.0,211.80200000000002,474.0,222.624,436.0,222.624,square,caption
61,477.0,211.80200000000002,523.0,211.80200000000002,523.0,222.624,477.0,222.624,sample.,caption
62,527.0,211.80200000000002,550.0,211.80200000000002,550.0,222.624,527.0,222.624,The,caption
63,553.0,211.80200000000002,581.0,211.80200000000002,581.0,222.624,553.0,222.624,inset,caption
64,584.0,211.80200000000002,620.0,211.80200000000002,620.0,222.624,584.0,222.624,shows,caption
65,623.0,211.80200000000002,672.0,211.80200000000002,672.0,222.624,623.0,222.624,energies,caption
66,675.0,211.80200000000002,705.0,211.80200000000002,705.0,222.624,675.0,222.624,close,caption
67,708.0,211.80200000000002,719.0,211.80200000000002,719.0,222.624,708.0,222.624,to,caption
68,723.0,211.80200000000002,748.0,211.80200000000002,748.0,222.624,723.0,222.624,zero,caption
69,751.0,211.80200000000002,756.0,211.80200000000002,756.0,222.624,751.0,222.624,(,caption
70,759.0,211.80200000000002,770.0,211.80200000000002,770.0,222.624,759.0,222.624,in,caption
71,773.0,211.80200000000002,802.0,211.80200000000002,802.0,222.624,773.0,222.624,units,caption
72,805.0,211.80200000000002,817.0,211.80200000000002,817.0,222.624,805.0,222.624,of,caption
73,820.0,211.80200000000002,846.0,211.80200000000002,846.0,222.624,820.0,222.624,eV).,caption
74,849.0,211.80200000000002,865.0,211.80200000000002,865.0,223.397,849.0,223.397,m0,caption
75,870.0,212.57500000000002,879.0,212.57500000000002,879.0,220.30499999999998,870.0,220.30499999999998,=,caption
76,892.0,211.80200000000002,918.0,211.80200000000002,918.0,222.624,892.0,222.624,2.49,caption
77,88.0,221.85099999999997,107.0,221.85099999999997,107.0,232.673,88.0,232.673,eV,,caption
78,110.0,221.85099999999997,119.0,221.85099999999997,119.0,233.446,110.0,233.446,tx,caption
79,124.0,222.624,133.0,222.624,133.0,230.35399999999998,124.0,230.35399999999998,=,caption
80,137.0,221.85099999999997,163.0,221.85099999999997,163.0,232.673,137.0,232.673,0.18,caption
81,167.0,221.85099999999997,186.0,221.85099999999997,186.0,232.673,167.0,232.673,eV,,caption
82,189.0,221.85099999999997,198.0,221.85099999999997,198.0,233.446,189.0,233.446,ty,caption
83,203.0,222.624,212.0,222.624,212.0,230.35399999999998,203.0,230.35399999999998,=,caption
84,216.0,221.85099999999997,242.0,221.85099999999997,242.0,232.673,216.0,232.673,2.64,caption
85,245.0,221.85099999999997,264.0,221.85099999999997,264.0,232.673,245.0,232.673,eV,,caption
86,268.0,221.85099999999997,282.0,221.85099999999997,282.0,233.446,268.0,233.446,Ax,caption
87,287.0,222.624,296.0,222.624,296.0,230.35399999999998,287.0,230.35399999999998,=,caption
88,300.0,221.85099999999997,326.0,221.85099999999997,326.0,232.673,300.0,232.673,0.41,caption
89,330.0,221.85099999999997,348.0,221.85099999999997,348.0,232.673,330.0,232.673,eV,,caption
90,352.0,221.85099999999997,366.0,221.85099999999997,366.0,233.446,352.0,233.446,Ay,caption
91,371.0,222.624,380.0,222.624,380.0,230.35399999999998,371.0,230.35399999999998,=,caption
92,384.0,221.85099999999997,402.0,221.85099999999997,402.0,232.673,384.0,232.673,0.2,caption
93,406.0,221.85099999999997,425.0,221.85099999999997,425.0,232.673,406.0,232.673,eV,,caption
94,428.0,222.624,443.0,222.624,443.0,233.446,428.0,233.446,∆0,caption
95,448.0,222.624,457.0,222.624,457.0,230.35399999999998,448.0,230.35399999999998,=,caption
96,461.0,222.624,475.0,222.624,475.0,233.446,461.0,233.446,∆1,caption
97,480.0,222.624,490.0,222.624,490.0,230.35399999999998,480.0,230.35399999999998,=,caption
98,494.0,221.85099999999997,512.0,221.85099999999997,512.0,232.673,494.0,232.673,0.1,caption
99,516.0,221.85099999999997,534.0,221.85099999999997,534.0,232.673,516.0,232.673,eV.,caption
100,538.0,221.85099999999997,561.0,221.85099999999997,561.0,232.673,538.0,232.673,The,caption
101,565.0,221.85099999999997,617.0,221.85099999999997,617.0,232.673,565.0,232.673,chemical,caption
102,621.0,221.85099999999997,672.0,221.85099999999997,672.0,232.673,621.0,232.673,potential,caption
103,676.0,221.85099999999997,686.0,221.85099999999997,686.0,232.673,676.0,232.673,is,caption
104,689.0,221.85099999999997,721.0,221.85099999999997,721.0,232.673,689.0,232.673,taken,caption
105,725.0,221.85099999999997,736.0,221.85099999999997,736.0,232.673,725.0,232.673,to,caption
106,740.0,221.85099999999997,754.0,221.85099999999997,754.0,232.673,740.0,232.673,be,caption
107,757.0,221.85099999999997,786.0,221.85099999999997,786.0,232.673,757.0,232.673,zero.,caption
108,89.0,254.317,142.0,254.317,142.0,266.685,89.0,266.685,s±-wave,paragraph
109,148.0,255.09,180.0,255.09,180.0,266.685,148.0,266.685,case,,paragraph
110,187.0,255.09,245.0,255.09,245.0,266.685,187.0,266.685,provided,paragraph
111,251.0,255.09,276.0,255.09,276.0,266.685,251.0,266.685,that,paragraph
112,282.0,255.09,302.0,255.09,302.0,266.685,282.0,266.685,the,paragraph
113,309.0,255.09,354.0,255.09,354.0,266.685,309.0,266.685,system,paragraph
114,360.0,255.09,371.0,255.09,371.0,266.685,360.0,266.685,is,paragraph
115,377.0,255.09,454.0,255.09,454.0,266.685,377.0,266.685,anisotropic.,paragraph
116,466.0,255.09,488.0,255.09,488.0,266.685,466.0,266.685,For,paragraph
117,532.0,255.863,549.0,255.863,549.0,265.912,532.0,265.912,[8],paragraph
118,556.0,255.863,595.0,255.863,595.0,265.912,556.0,265.912,Steven,paragraph
119,599.0,255.863,613.0,255.863,613.0,265.912,599.0,265.912,R.,paragraph
120,617.0,255.863,654.0,255.863,654.0,265.912,617.0,265.912,Elliott,paragraph
121,658.0,255.863,680.0,255.863,680.0,265.912,658.0,265.912,and,paragraph
122,684.0,255.863,726.0,255.863,726.0,265.912,684.0,265.912,Marcel,paragraph
123,730.0,255.863,767.0,255.863,767.0,265.912,730.0,265.912,Franz,,paragraph
124,771.0,255.863,847.0,255.863,847.0,265.912,771.0,265.912,“Colloquium,paragraph
125,852.0,255.863,856.0,255.863,856.0,265.912,852.0,265.912,:,paragraph
126,862.0,255.863,918.0,255.863,918.0,265.912,862.0,265.912,Majorana,paragraph
127,88.0,266.685,175.0,266.685,175.0,278.28,88.0,278.28,concreteness,,paragraph
128,180.0,266.685,233.0,266.685,233.0,278.28,180.0,278.28,suppose,paragraph
129,238.0,266.685,262.0,266.685,262.0,278.28,238.0,278.28,that,paragraph
130,267.0,266.685,287.0,266.685,287.0,278.28,267.0,278.28,the,paragraph
131,292.0,266.685,352.0,266.685,352.0,278.28,292.0,278.28,magnetic,paragraph
132,357.0,266.685,386.0,266.685,386.0,278.28,357.0,278.28,ﬁeld,paragraph
133,391.0,266.685,402.0,266.685,402.0,278.28,391.0,278.28,is,paragraph
134,407.0,266.685,446.0,266.685,446.0,278.28,407.0,278.28,added,paragraph
135,451.0,266.685,463.0,266.685,463.0,278.28,451.0,278.28,in,paragraph
136,468.0,266.685,488.0,266.685,488.0,278.28,468.0,278.28,the,paragraph
137,556.0,265.912,608.0,265.912,608.0,276.734,556.0,276.734,fermions,paragraph
138,614.0,265.912,625.0,265.912,625.0,276.734,614.0,276.734,in,paragraph
139,632.0,265.912,678.0,265.912,678.0,276.734,632.0,276.734,nuclear,,paragraph
140,685.0,265.912,732.0,265.912,732.0,276.734,685.0,276.734,particle,,paragraph
141,739.0,265.912,760.0,265.912,760.0,276.734,739.0,276.734,and,paragraph
142,766.0,265.912,827.0,265.912,827.0,276.734,766.0,276.734,solid-state,paragraph
143,833.0,265.912,886.0,265.912,886.0,276.734,833.0,276.734,physics,”,paragraph
144,892.0,265.912,918.0,265.912,918.0,276.734,892.0,276.734,Rev.,paragraph
145,89.0,278.28,96.0,278.28,96.0,289.875,89.0,289.875,x,paragraph
146,101.0,278.28,163.0,278.28,163.0,289.875,101.0,289.875,direction,,paragraph
147,168.0,278.28,196.0,278.28,196.0,289.875,168.0,289.875,then,paragraph
148,201.0,278.28,210.0,278.28,210.0,289.875,201.0,289.875,it,paragraph
149,216.0,278.28,283.0,278.28,283.0,289.875,216.0,289.875,introduces,paragraph
150,289.0,278.28,296.0,278.28,296.0,289.875,289.0,289.875,a,paragraph
151,301.0,278.28,353.0,278.28,353.0,289.875,301.0,289.875,Zeeman,paragraph
152,358.0,278.28,402.0,278.28,402.0,289.875,358.0,289.875,energy,paragraph
153,408.0,278.28,455.0,278.28,455.0,290.648,408.0,290.648,Vxsxτz.,paragraph
154,463.0,278.28,488.0,278.28,488.0,289.875,463.0,289.875,The,paragraph
155,556.0,275.961,587.0,275.961,587.0,286.783,556.0,286.783,Mod.,paragraph
156,591.0,275.961,623.0,275.961,623.0,286.783,591.0,286.783,Phys.,paragraph
157,626.0,275.188,645.0,275.188,645.0,286.783,626.0,286.783,87,,paragraph
158,648.0,275.961,700.0,275.961,700.0,286.783,648.0,286.783,137–163,paragraph
159,703.0,275.961,746.0,275.961,746.0,286.783,703.0,286.783,(2015).,paragraph
160,532.0,286.01,549.0,286.01,549.0,296.832,532.0,296.832,[9],paragraph
161,556.0,286.01,596.0,286.01,596.0,296.832,556.0,296.832,Sankar,paragraph
162,602.0,286.01,624.0,286.01,624.0,296.832,602.0,296.832,Das,paragraph
163,630.0,286.01,671.0,286.01,671.0,296.832,630.0,296.832,Sarma,,paragraph
164,676.0,286.01,724.0,286.01,724.0,296.832,676.0,296.832,Michael,paragraph
165,730.0,286.01,792.0,286.01,792.0,296.832,730.0,296.832,Freedman,,paragraph
166,803.0,286.01,824.0,286.01,824.0,296.832,803.0,296.832,and,paragraph
167,829.0,286.01,871.0,286.01,871.0,296.832,829.0,296.832,Chetan,paragraph
168,876.0,286.01,918.0,286.01,918.0,296.832,876.0,296.832,Nayak,,paragraph
169,88.0,289.875,161.0,289.875,161.0,301.47,88.0,301.47,low-energy,paragraph
170,165.0,289.875,220.0,289.875,220.0,301.47,165.0,301.47,eﬀective,paragraph
171,225.0,289.875,266.0,289.875,266.0,301.47,225.0,301.47,theory,paragraph
172,270.0,289.875,327.0,289.875,327.0,301.47,270.0,301.47,becomes,paragraph
173,556.0,296.832,618.0,296.832,618.0,306.88100000000003,556.0,306.88100000000003,“Majorana,paragraph
174,625.0,296.832,651.0,296.832,651.0,306.88100000000003,625.0,306.88100000000003,zero,paragraph
175,658.0,296.832,696.0,296.832,696.0,306.88100000000003,658.0,306.88100000000003,modes,paragraph
176,703.0,296.832,724.0,296.832,724.0,306.88100000000003,703.0,306.88100000000003,and,paragraph
177,731.0,296.832,797.0,296.832,797.0,306.88100000000003,731.0,306.88100000000003,topological,paragraph
178,804.0,296.832,856.0,296.832,856.0,306.88100000000003,804.0,306.88100000000003,quantum,paragraph
179,863.0,296.832,918.0,296.832,918.0,306.88100000000003,863.0,306.88100000000003,computa-,paragraph
180,213.0,299.92400000000004,223.0,299.92400000000004,223.0,317.703,213.0,317.703,−,paragraph
181,159.0,306.88100000000003,192.0,306.88100000000003,192.0,319.24899999999997,159.0,319.24899999999997,Hedge,paragraph
182,198.0,307.654,208.0,307.654,208.0,316.157,198.0,316.157,=,paragraph
183,223.0,306.88100000000003,277.0,306.88100000000003,277.0,319.24899999999997,223.0,319.24899999999997,iA(l)sz∂l,paragraph
184,282.0,307.654,292.0,307.654,292.0,316.157,282.0,316.157,+,paragraph
185,296.0,306.88100000000003,352.0,306.88100000000003,352.0,319.24899999999997,296.0,319.24899999999997,M(l)syτy,paragraph
186,356.0,307.654,367.0,307.654,367.0,316.157,356.0,316.157,+,paragraph
187,370.0,306.88100000000003,417.0,306.88100000000003,417.0,319.24899999999997,370.0,319.24899999999997,Vxsxτz.,paragraph
188,461.0,306.88100000000003,488.0,306.88100000000003,488.0,318.476,461.0,318.476,(52),paragraph
189,556.0,306.88100000000003,588.0,306.88100000000003,588.0,316.93,556.0,316.93,tion,”,paragraph
190,591.0,306.88100000000003,610.0,306.88100000000003,610.0,316.93,591.0,316.93,npj,paragraph
191,614.0,306.88100000000003,668.0,306.88100000000003,668.0,316.93,614.0,316.93,Quantum,paragraph
192,672.0,306.88100000000003,742.0,306.88100000000003,742.0,316.93,672.0,316.93,Information,paragraph
193,746.0,306.108,757.0,306.108,757.0,316.93,746.0,316.93,1,,paragraph
194,760.0,306.88100000000003,797.0,306.88100000000003,797.0,316.93,760.0,316.93,15001,paragraph
195,801.0,306.88100000000003,843.0,306.88100000000003,843.0,316.93,801.0,316.93,(2015).,paragraph
196,248.0,316.93,259.0,316.93,259.0,334.709,248.0,334.709,×,paragraph
197,525.0,316.93,549.0,316.93,549.0,327.752,525.0,327.752,[10],paragraph
198,556.0,316.93,616.0,316.93,616.0,327.752,556.0,327.752,Masatoshi,paragraph
199,623.0,316.93,649.0,316.93,649.0,327.752,623.0,327.752,Sato,paragraph
200,655.0,316.93,676.0,316.93,676.0,327.752,655.0,327.752,and,paragraph
201,683.0,316.93,726.0,316.93,726.0,327.752,683.0,327.752,Satoshi,paragraph
202,733.0,316.93,790.0,316.93,790.0,327.752,733.0,327.752,Fujimoto,,paragraph
203,797.0,316.93,859.0,316.93,859.0,327.752,797.0,327.752,“Majorana,paragraph
204,866.0,316.93,918.0,316.93,918.0,327.752,866.0,327.752,fermions,paragraph
205,88.0,323.887,119.0,323.887,119.0,335.48199999999997,88.0,335.48199999999997,Now,paragraph
206,124.0,323.887,143.0,323.887,143.0,335.48199999999997,124.0,335.48199999999997,we,paragraph
207,148.0,323.887,170.0,323.887,170.0,335.48199999999997,148.0,335.48199999999997,can,paragraph
208,175.0,323.887,203.0,323.887,203.0,335.48199999999997,175.0,335.48199999999997,split,paragraph
209,208.0,323.887,231.0,323.887,231.0,335.48199999999997,208.0,335.48199999999997,this,paragraph
210,236.0,323.887,244.0,323.887,244.0,335.48199999999997,236.0,335.48199999999997,4,paragraph
211,263.0,323.887,271.0,323.887,271.0,335.48199999999997,263.0,335.48199999999997,4,paragraph
212,276.0,323.887,357.0,323.887,357.0,335.48199999999997,276.0,335.48199999999997,Hamiltonian,paragraph
213,362.0,323.887,387.0,323.887,387.0,335.48199999999997,362.0,335.48199999999997,into,paragraph
214,392.0,323.887,416.0,323.887,416.0,335.48199999999997,392.0,335.48199999999997,two,paragraph
215,421.0,323.887,488.0,323.887,488.0,335.48199999999997,421.0,335.48199999999997,decoupled,paragraph
216,376.0,329.298,386.0,329.298,386.0,346.30400000000003,376.0,346.30400000000003,±,paragraph
217,556.0,326.979,577.0,326.979,577.0,337.801,556.0,337.801,and,paragraph
218,581.0,326.979,633.0,326.979,633.0,337.801,581.0,337.801,topology,paragraph
219,636.0,326.979,648.0,326.979,648.0,337.801,636.0,337.801,in,paragraph
220,651.0,326.979,757.0,326.979,757.0,337.801,651.0,337.801,superconductors,”,paragraph
221,760.0,326.979,803.0,326.979,803.0,337.801,760.0,337.801,Journal,paragraph
222,807.0,326.979,819.0,326.979,819.0,337.801,807.0,337.801,of,paragraph
223,823.0,326.979,841.0,326.979,841.0,337.801,823.0,337.801,the,paragraph
224,844.0,326.979,894.0,326.979,894.0,337.801,844.0,337.801,Physical,paragraph
225,898.0,326.979,918.0,326.979,918.0,337.801,898.0,337.801,So-,paragraph
226,88.0,335.48199999999997,134.0,335.48199999999997,134.0,347.077,88.0,347.077,blocks.,paragraph
227,139.0,335.48199999999997,153.0,335.48199999999997,153.0,347.077,139.0,347.077,In,paragraph
228,157.0,335.48199999999997,185.0,335.48199999999997,185.0,347.077,157.0,347.077,fact,,paragraph
229,189.0,335.48199999999997,202.0,335.48199999999997,202.0,357.899,189.0,357.899,i−n,paragraph
230,205.0,335.48199999999997,225.0,335.48199999999997,225.0,347.077,205.0,347.077,the,paragraph
231,229.0,335.48199999999997,338.0,335.48199999999997,338.0,357.899,229.0,357.899,two-dime∓nsional,paragraph
232,342.0,337.801,356.0,337.801,356.0,347.85,342.0,347.85,τx,paragraph
233,361.0,336.255,371.0,336.255,371.0,344.758,361.0,344.758,=,paragraph
234,387.0,335.48199999999997,398.0,335.48199999999997,398.0,357.899,387.0,357.899,∓sz,paragraph
235,402.0,335.48199999999997,465.0,335.48199999999997,465.0,347.077,402.0,347.077,subspace,,paragraph
236,469.0,335.48199999999997,488.0,335.48199999999997,488.0,347.077,469.0,347.077,we,paragraph
237,556.0,337.028,584.0,337.028,584.0,347.85,556.0,347.85,ciety,paragraph
238,588.0,337.028,600.0,337.028,600.0,347.85,588.0,347.85,of,paragraph
239,604.0,337.028,637.0,337.028,637.0,347.85,604.0,347.85,Japan,paragraph
240,641.0,336.255,659.0,336.255,659.0,347.85,641.0,347.85,85,,paragraph
241,663.0,337.028,707.0,337.028,707.0,347.85,663.0,347.85,072001,paragraph
242,710.0,337.028,753.0,337.028,753.0,347.85,710.0,347.85,(2016).,paragraph
243,88.0,347.077,118.0,347.077,118.0,358.672,88.0,358.672,have,paragraph
244,124.0,347.077,166.0,347.077,166.0,359.445,124.0,359.445,Vxsxτz,paragraph
245,174.0,347.85,185.0,347.85,185.0,356.353,174.0,356.353,=,paragraph
246,202.0,347.077,264.0,347.077,264.0,359.445,202.0,359.445,iVxsxτxτy,paragraph
247,272.0,347.85,283.0,347.85,283.0,356.353,272.0,356.353,=,paragraph
248,301.0,347.077,360.0,347.077,360.0,359.445,301.0,359.445,iVxsxszτy,paragraph
249,369.0,347.85,379.0,347.85,379.0,356.353,369.0,356.353,=,paragraph
250,397.0,347.077,444.0,347.077,444.0,369.49399999999997,397.0,369.49399999999997,Vxsyτ−y,,paragraph
251,450.0,347.077,488.0,347.077,488.0,358.672,450.0,358.672,there-,paragraph
252,525.0,347.85,549.0,347.85,549.0,357.899,525.0,357.899,[11],paragraph
253,556.0,347.85,569.0,347.85,569.0,357.899,556.0,357.899,R.,paragraph
254,575.0,347.85,625.0,347.85,625.0,357.899,575.0,357.899,Aguado,,paragraph
255,631.0,347.85,694.0,347.85,694.0,357.899,631.0,357.899,“Majorana,paragraph
256,700.0,347.85,781.0,347.85,781.0,357.899,700.0,357.899,quasiparticles,paragraph
257,787.0,347.85,798.0,347.85,798.0,357.899,787.0,357.899,in,paragraph
258,804.0,347.85,866.0,347.85,866.0,357.899,804.0,357.899,condensed,paragraph
259,872.0,347.85,918.0,347.85,918.0,357.899,872.0,357.899,matter,”,paragraph
260,88.0,358.672,118.0,358.672,118.0,370.267,88.0,370.267,fore,,paragraph
261,122.0,358.672,142.0,358.672,142.0,370.267,122.0,370.267,the,paragraph
262,145.0,358.672,170.0,358.672,170.0,370.267,145.0,370.267,two,paragraph
263,173.0,358.672,240.0,358.672,240.0,370.267,173.0,370.267,decoupled,paragraph
264,244.0,358.672,286.0,358.672,286.0,370.267,244.0,370.267,blocks,paragraph
265,290.0,358.672,320.0,358.672,320.0,370.267,290.0,370.267,have,paragraph
266,324.0,358.672,360.0,358.672,360.0,370.267,324.0,370.267,Dirac,paragraph
267,364.0,358.672,396.0,358.672,396.0,370.267,364.0,370.267,mass,paragraph
268,401.0,358.672,430.0,358.672,430.0,370.267,401.0,370.267,M(l),paragraph
269,445.0,358.672,455.0,358.672,455.0,370.267,445.0,370.267,V,paragraph
270,465.0,358.672,488.0,358.672,488.0,370.267,465.0,370.267,and,paragraph
271,556.0,357.899,593.0,357.899,593.0,368.721,556.0,368.721,ArXiv,paragraph
272,600.0,357.899,645.0,357.899,645.0,368.721,600.0,368.721,e-prints,paragraph
273,660.0,357.899,703.0,357.899,703.0,368.721,660.0,368.721,(2017),,paragraph
274,710.0,357.899,817.0,357.899,817.0,368.721,710.0,368.721,arXiv:1711.00011,paragraph
275,824.0,357.899,918.0,357.899,918.0,368.721,824.0,368.721,[cond-mat.supr-,paragraph
276,455.0,363.31,460.0,363.31,460.0,371.03999999999996,455.0,371.03999999999996,x,paragraph
277,89.0,370.267,118.0,370.267,118.0,381.862,89.0,381.862,M(l),paragraph
278,123.0,371.03999999999996,133.0,371.03999999999996,133.0,380.316,123.0,380.316,+,paragraph
279,138.0,370.267,148.0,370.267,148.0,381.862,138.0,381.862,V,paragraph
280,154.0,370.267,158.0,370.267,158.0,381.862,154.0,381.862,,,paragraph
281,164.0,370.267,245.0,370.267,245.0,381.862,164.0,381.862,respectively,,paragraph
282,251.0,370.267,275.0,370.267,275.0,381.862,251.0,381.862,and,paragraph
283,280.0,370.267,319.0,370.267,319.0,381.862,280.0,381.862,single,paragraph
284,324.0,370.267,363.0,370.267,363.0,381.862,324.0,381.862,MZM,paragraph
285,369.0,370.267,418.0,370.267,418.0,381.862,369.0,381.862,appears,paragraph
286,424.0,370.267,459.0,370.267,459.0,381.862,424.0,381.862,when,paragraph
287,465.0,370.267,488.0,370.267,488.0,381.862,465.0,381.862,one,paragraph
288,556.0,367.948,585.0,367.948,585.0,378.77,556.0,378.77,con].,paragraph
289,148.0,374.905,153.0,374.905,153.0,382.635,148.0,382.635,x,paragraph
290,525.0,377.997,549.0,377.997,549.0,388.819,525.0,388.819,[12],paragraph
291,556.0,377.997,597.0,377.997,597.0,388.819,556.0,388.819,Chetan,paragraph
292,602.0,377.997,644.0,377.997,644.0,388.819,602.0,388.819,Nayak,,paragraph
293,649.0,377.997,688.0,377.997,688.0,388.819,649.0,388.819,Steven,paragraph
294,692.0,377.997,707.0,377.997,707.0,388.819,692.0,388.819,H.,paragraph
295,711.0,377.997,753.0,377.997,753.0,388.819,711.0,388.819,Simon,,paragraph
296,758.0,377.997,783.0,377.997,783.0,388.819,758.0,388.819,Ady,paragraph
297,788.0,377.997,822.0,377.997,822.0,388.819,788.0,388.819,Stern,,paragraph
298,827.0,377.997,875.0,377.997,875.0,388.819,827.0,388.819,Michael,paragraph
299,880.0,377.997,918.0,377.997,918.0,388.819,880.0,388.819,Freed-,paragraph
300,88.0,381.862,101.0,381.862,101.0,394.23,88.0,394.23,of,paragraph
301,105.0,381.862,138.0,381.862,138.0,394.23,105.0,394.23,them,paragraph
302,142.0,381.862,164.0,381.862,164.0,394.23,142.0,394.23,has,paragraph
303,168.0,381.862,175.0,381.862,175.0,394.23,168.0,394.23,a,paragraph
304,179.0,381.862,206.0,381.862,206.0,394.23,179.0,394.23,sign,paragraph
305,211.0,381.862,274.0,381.862,274.0,394.23,211.0,394.23,changing,,paragraph
306,278.0,381.862,315.0,381.862,315.0,394.23,278.0,394.23,while,paragraph
307,319.0,381.862,339.0,381.862,339.0,394.23,319.0,394.23,the,paragraph
308,343.0,381.862,376.0,381.862,376.0,394.23,343.0,394.23,other,paragraph
309,380.0,381.862,410.0,381.862,410.0,394.23,380.0,394.23,does,paragraph
310,414.0,381.862,439.0,381.862,439.0,394.23,414.0,394.23,not.,paragraph
311,444.0,381.862,473.0,381.862,473.0,394.23,444.0,394.23,This,paragraph
312,477.0,381.862,488.0,381.862,488.0,394.23,477.0,394.23,is,paragraph
313,276.0,387.273,279.0,387.273,279.0,405.052,276.0,405.052,|,paragraph
314,326.0,387.273,329.0,387.273,329.0,405.052,326.0,405.052,|,paragraph
315,387.0,387.273,390.0,387.273,390.0,405.052,387.0,405.052,|,paragraph
316,437.0,387.273,441.0,387.273,441.0,405.052,437.0,405.052,|,paragraph
317,556.0,388.819,585.0,388.819,585.0,398.868,556.0,398.868,man,,paragraph
318,593.0,388.819,614.0,388.819,614.0,398.868,593.0,398.868,and,paragraph
319,618.0,388.819,658.0,388.819,658.0,398.868,618.0,398.868,Sankar,paragraph
320,662.0,388.819,685.0,388.819,685.0,398.868,662.0,398.868,Das,paragraph
321,689.0,388.819,730.0,388.819,730.0,398.868,689.0,398.868,Sarma,,paragraph
322,734.0,388.819,813.0,388.819,813.0,398.868,734.0,398.868,“Non-abelian,paragraph
323,817.0,388.819,858.0,388.819,858.0,398.868,817.0,398.868,anyons,paragraph
324,862.0,388.819,883.0,388.819,883.0,398.868,862.0,398.868,and,paragraph
325,887.0,388.819,918.0,388.819,918.0,398.868,887.0,398.868,topo-,paragraph
326,88.0,393.457,145.0,393.457,145.0,405.82500000000005,88.0,405.82500000000005,satisﬁed,,paragraph
327,150.0,393.457,169.0,393.457,169.0,405.82500000000005,150.0,405.82500000000005,for,paragraph
328,173.0,393.457,232.0,393.457,232.0,405.82500000000005,173.0,405.82500000000005,example,,paragraph
329,236.0,393.457,272.0,393.457,272.0,405.82500000000005,236.0,405.82500000000005,when,paragraph
330,279.0,393.457,325.0,393.457,325.0,406.598,279.0,406.598,∆dm/ty,paragraph
331,334.0,395.776,345.0,395.776,345.0,405.052,334.0,405.052,<,paragraph
332,350.0,393.457,365.0,393.457,365.0,406.598,350.0,406.598,Vx,paragraph
333,371.0,395.776,382.0,395.776,382.0,405.052,371.0,405.052,<,paragraph
334,390.0,393.457,436.0,393.457,436.0,406.598,390.0,406.598,∆dm/tx,paragraph
335,445.0,393.457,464.0,393.457,464.0,405.82500000000005,445.0,405.82500000000005,for,paragraph
336,468.0,393.457,488.0,393.457,488.0,405.82500000000005,468.0,405.82500000000005,the,paragraph
337,556.0,398.868,596.0,398.868,596.0,408.91700000000003,556.0,408.91700000000003,logical,paragraph
338,603.0,398.868,654.0,398.868,654.0,408.91700000000003,603.0,408.91700000000003,quantum,paragraph
339,662.0,398.868,744.0,398.868,744.0,408.91700000000003,662.0,408.91700000000003,computation,”,paragraph
340,751.0,398.868,777.0,398.868,777.0,408.91700000000003,751.0,408.91700000000003,Rev.,paragraph
341,785.0,398.868,816.0,398.868,816.0,408.91700000000003,785.0,408.91700000000003,Mod.,paragraph
342,823.0,398.868,856.0,398.868,856.0,408.91700000000003,823.0,408.91700000000003,Phys.,paragraph
343,863.0,397.322,881.0,397.322,881.0,408.91700000000003,863.0,408.91700000000003,80,,paragraph
344,889.0,398.868,918.0,398.868,918.0,408.91700000000003,889.0,408.91700000000003,1083,paragraph
345,88.0,405.82500000000005,135.0,405.82500000000005,135.0,417.42,88.0,417.42,d-wave,paragraph
346,139.0,405.82500000000005,172.0,405.82500000000005,172.0,417.42,139.0,417.42,case.,paragraph
347,556.0,408.91700000000003,598.0,408.91700000000003,598.0,419.73900000000003,556.0,419.73900000000003,(2008).,paragraph
348,525.0,418.966,549.0,418.966,549.0,429.788,525.0,429.788,[13],paragraph
349,556.0,418.966,604.0,418.966,604.0,429.788,556.0,429.788,Gregory,paragraph
350,608.0,418.966,647.0,418.966,647.0,429.788,608.0,429.788,Moore,paragraph
351,651.0,418.966,672.0,418.966,672.0,429.788,651.0,429.788,and,paragraph
352,676.0,418.966,728.0,418.966,728.0,429.788,676.0,429.788,Nicholas,paragraph
353,732.0,418.966,765.0,418.966,765.0,429.788,732.0,429.788,Read,,paragraph
354,769.0,418.966,850.0,418.966,850.0,429.788,769.0,429.788,“Nonabelions,paragraph
355,854.0,418.966,865.0,418.966,865.0,429.788,854.0,429.788,in,paragraph
356,869.0,418.966,887.0,418.966,887.0,429.788,869.0,429.788,the,paragraph
357,890.0,418.966,918.0,418.966,918.0,429.788,890.0,429.788,frac-,paragraph
358,556.0,429.01500000000004,589.0,429.01500000000004,589.0,439.837,556.0,439.837,tional,paragraph
359,594.0,429.01500000000004,645.0,429.01500000000004,645.0,439.837,594.0,439.837,quantum,paragraph
360,649.0,429.01500000000004,671.0,429.01500000000004,671.0,439.837,649.0,439.837,hall,paragraph
361,676.0,429.01500000000004,718.0,429.01500000000004,718.0,439.837,676.0,439.837,eﬀect,”,paragraph
362,722.0,429.01500000000004,768.0,429.01500000000004,768.0,439.837,722.0,439.837,Nuclear,paragraph
363,773.0,429.01500000000004,818.0,429.01500000000004,818.0,439.837,773.0,439.837,Physics,paragraph
364,822.0,429.01500000000004,832.0,429.01500000000004,832.0,439.837,822.0,439.837,B,paragraph
365,837.0,428.242,862.0,428.242,862.0,439.837,837.0,439.837,360,,paragraph
366,867.0,429.01500000000004,918.0,429.01500000000004,918.0,439.837,867.0,439.837,362–396,paragraph
367,556.0,439.837,598.0,439.837,598.0,449.88599999999997,556.0,449.88599999999997,(1991).,paragraph
368,525.0,449.88599999999997,549.0,449.88599999999997,549.0,459.935,525.0,459.935,[14],paragraph
369,556.0,449.88599999999997,621.0,449.88599999999997,621.0,459.935,556.0,459.935,Xiao-Gang,paragraph
370,630.0,449.88599999999997,660.0,449.88599999999997,660.0,459.935,630.0,459.935,Wen,,paragraph
371,668.0,449.88599999999997,747.0,449.88599999999997,747.0,459.935,668.0,459.935,“Non-abelian,paragraph
372,756.0,449.88599999999997,806.0,449.88599999999997,806.0,459.935,756.0,459.935,statistics,paragraph
373,815.0,449.88599999999997,827.0,449.88599999999997,827.0,459.935,815.0,459.935,in,paragraph
374,835.0,449.88599999999997,853.0,449.88599999999997,853.0,459.935,835.0,459.935,the,paragraph
375,862.0,449.88599999999997,918.0,449.88599999999997,918.0,459.935,862.0,459.935,fractional,paragraph
376,114.0,456.07,119.0,456.07,119.0,466.892,114.0,466.892,∗,paragraph
377,556.0,459.935,607.0,459.935,607.0,470.757,556.0,470.757,quantum,paragraph
378,611.0,459.935,633.0,459.935,633.0,470.757,611.0,470.757,hall,paragraph
379,636.0,459.935,678.0,459.935,678.0,470.757,636.0,470.757,states,”,paragraph
380,682.0,459.935,731.0,459.935,731.0,470.757,682.0,470.757,Physical,paragraph
381,735.0,459.935,774.0,459.935,774.0,470.757,735.0,470.757,review,paragraph
382,778.0,459.935,814.0,459.935,814.0,470.757,778.0,470.757,letters,paragraph
383,817.0,459.162,836.0,459.162,836.0,470.757,817.0,470.757,66,,paragraph
384,839.0,459.935,861.0,459.935,861.0,470.757,839.0,470.757,802,paragraph
385,865.0,459.935,908.0,459.935,908.0,470.757,865.0,470.757,(1991).,paragraph
386,114.0,466.11899999999997,119.0,466.11899999999997,119.0,476.941,114.0,476.941,†,paragraph
387,126.0,470.757,302.0,470.757,302.0,480.806,126.0,480.806,wangzhongemail@gmail.com,paragraph
388,525.0,469.984,549.0,469.984,549.0,480.806,525.0,480.806,[15],paragraph
389,556.0,469.984,570.0,469.984,570.0,480.806,556.0,480.806,D.,paragraph
390,577.0,469.984,591.0,469.984,591.0,480.806,577.0,480.806,A.,paragraph
391,598.0,469.984,640.0,469.984,640.0,480.806,598.0,480.806,Ivanov,,paragraph
392,647.0,469.984,726.0,469.984,726.0,480.806,647.0,480.806,“Non-abelian,paragraph
393,733.0,469.984,783.0,469.984,783.0,480.806,733.0,480.806,statistics,paragraph
394,790.0,469.984,802.0,469.984,802.0,480.806,790.0,480.806,of,paragraph
395,809.0,469.984,887.0,469.984,887.0,480.806,809.0,480.806,half-quantum,paragraph
396,894.0,469.984,918.0,469.984,918.0,480.806,894.0,480.806,vor-,paragraph
397,102.0,480.806,119.0,480.806,119.0,491.628,102.0,491.628,[1],paragraph
398,126.0,480.806,140.0,480.806,140.0,491.628,126.0,491.628,N.,paragraph
399,144.0,480.806,174.0,480.806,174.0,491.628,144.0,491.628,Read,paragraph
400,179.0,480.806,200.0,480.806,200.0,491.628,179.0,491.628,and,paragraph
401,204.0,480.806,246.0,480.806,246.0,491.628,204.0,491.628,Dmitry,paragraph
402,250.0,480.806,290.0,480.806,290.0,491.628,250.0,491.628,Green,,paragraph
403,294.0,480.806,338.0,480.806,338.0,491.628,294.0,491.628,“Paired,paragraph
404,342.0,480.806,374.0,480.806,374.0,491.628,342.0,491.628,states,paragraph
405,378.0,480.806,391.0,480.806,391.0,491.628,378.0,491.628,of,paragraph
406,395.0,480.806,447.0,480.806,447.0,491.628,395.0,491.628,fermions,paragraph
407,451.0,480.806,462.0,480.806,462.0,491.628,451.0,491.628,in,paragraph
408,466.0,480.806,488.0,480.806,488.0,491.628,466.0,491.628,two,paragraph
409,556.0,480.033,583.0,480.033,583.0,490.855,556.0,490.855,tices,paragraph
410,588.0,480.033,599.0,480.033,599.0,490.855,588.0,490.855,in,paragraph
411,605.0,480.033,647.0,480.033,647.0,490.855,605.0,490.855,p-wave,paragraph
412,653.0,480.033,758.0,480.033,758.0,490.855,653.0,490.855,superconductors,”,paragraph
413,763.0,480.033,795.0,480.033,795.0,490.855,763.0,490.855,Phys.,paragraph
414,801.0,480.033,827.0,480.033,827.0,490.855,801.0,490.855,Rev.,paragraph
415,832.0,480.033,859.0,480.033,859.0,490.855,832.0,490.855,Lett.,paragraph
416,865.0,479.26,883.0,479.26,883.0,490.855,865.0,490.855,86,,paragraph
417,889.0,480.033,918.0,480.033,918.0,490.855,889.0,490.855,268–,paragraph
418,126.0,490.855,193.0,490.855,193.0,501.677,126.0,501.677,dimensions,paragraph
419,197.0,490.855,223.0,490.855,223.0,501.677,197.0,501.677,with,paragraph
420,226.0,490.855,278.0,490.855,278.0,501.677,226.0,501.677,breaking,paragraph
421,281.0,490.855,294.0,490.855,294.0,501.677,281.0,501.677,of,paragraph
422,298.0,490.855,332.0,490.855,332.0,501.677,298.0,501.677,parity,paragraph
423,335.0,490.855,357.0,490.855,357.0,501.677,335.0,501.677,and,paragraph
424,360.0,490.855,437.0,490.855,437.0,501.677,360.0,501.677,time-reversal,paragraph
425,441.0,490.855,488.0,490.855,488.0,501.677,441.0,501.677,symme-,paragraph
426,556.0,490.855,578.0,490.855,578.0,500.904,556.0,500.904,271,paragraph
427,581.0,490.855,624.0,490.855,624.0,500.904,581.0,500.904,(2001).,paragraph
428,126.0,500.904,151.0,500.904,151.0,511.726,126.0,511.726,tries,paragraph
429,155.0,500.904,176.0,500.904,176.0,511.726,155.0,511.726,and,paragraph
430,181.0,500.904,198.0,500.904,198.0,511.726,181.0,511.726,the,paragraph
431,203.0,500.904,259.0,500.904,259.0,511.726,203.0,511.726,fractional,paragraph
432,263.0,500.904,314.0,500.904,314.0,511.726,263.0,511.726,quantum,paragraph
433,318.0,500.904,340.0,500.904,340.0,511.726,318.0,511.726,hall,paragraph
434,344.0,500.904,386.0,500.904,386.0,511.726,344.0,511.726,eﬀect,”,paragraph
435,390.0,500.904,422.0,500.904,422.0,511.726,390.0,511.726,Phys.,paragraph
436,426.0,500.904,452.0,500.904,452.0,511.726,426.0,511.726,Rev.,paragraph
437,456.0,500.904,466.0,500.904,466.0,511.726,456.0,511.726,B,paragraph
438,470.0,500.13100000000003,488.0,500.13100000000003,488.0,511.726,470.0,511.726,61,,paragraph
439,525.0,500.904,549.0,500.904,549.0,510.95300000000003,525.0,510.95300000000003,[16],paragraph
440,556.0,500.904,597.0,500.904,597.0,510.95300000000003,556.0,510.95300000000003,Chetan,paragraph
441,600.0,500.904,639.0,500.904,639.0,510.95300000000003,600.0,510.95300000000003,Nayak,paragraph
442,642.0,500.904,663.0,500.904,663.0,510.95300000000003,642.0,510.95300000000003,and,paragraph
443,666.0,500.904,700.0,500.904,700.0,510.95300000000003,666.0,510.95300000000003,Frank,paragraph
444,703.0,500.904,755.0,500.904,755.0,510.95300000000003,703.0,510.95300000000003,Wilczek,,paragraph
445,758.0,500.904,840.0,500.904,840.0,510.95300000000003,758.0,510.95300000000003,“2n-quasihole,paragraph
446,843.0,500.904,876.0,500.904,876.0,510.95300000000003,843.0,510.95300000000003,states,paragraph
447,879.0,500.904,918.0,500.904,918.0,510.95300000000003,879.0,510.95300000000003,realize,paragraph
448,126.0,511.726,207.0,511.726,207.0,521.7750000000001,126.0,521.7750000000001,10267–10297,paragraph
449,210.0,511.726,253.0,511.726,253.0,521.7750000000001,210.0,521.7750000000001,(2000).,paragraph
450,556.0,510.95300000000003,563.0,510.95300000000003,563.0,521.7750000000001,556.0,521.7750000000001,2,paragraph
451,566.0,510.95300000000003,578.0,510.95300000000003,578.0,521.7750000000001,566.0,521.7750000000001,n-,paragraph
452,581.0,510.95300000000003,665.0,510.95300000000003,665.0,521.7750000000001,581.0,521.7750000000001,1-dimensional,paragraph
453,668.0,510.95300000000003,705.0,510.95300000000003,705.0,521.7750000000001,668.0,521.7750000000001,spinor,paragraph
454,708.0,510.95300000000003,756.0,510.95300000000003,756.0,521.7750000000001,708.0,521.7750000000001,braiding,paragraph
455,759.0,510.95300000000003,810.0,510.95300000000003,810.0,521.7750000000001,759.0,521.7750000000001,statistics,paragraph
456,813.0,510.95300000000003,824.0,510.95300000000003,824.0,521.7750000000001,813.0,521.7750000000001,in,paragraph
457,827.0,510.95300000000003,864.0,510.95300000000003,864.0,521.7750000000001,827.0,521.7750000000001,paired,paragraph
458,867.0,510.95300000000003,918.0,510.95300000000003,918.0,521.7750000000001,867.0,521.7750000000001,quantum,paragraph
459,102.0,521.7750000000001,119.0,521.7750000000001,119.0,531.824,102.0,531.824,[2],paragraph
460,126.0,521.7750000000001,146.0,521.7750000000001,146.0,531.824,126.0,531.824,GE,paragraph
461,149.0,521.7750000000001,199.0,521.7750000000001,199.0,531.824,149.0,531.824,Volovik,,paragraph
462,202.0,521.7750000000001,258.0,521.7750000000001,258.0,531.824,202.0,531.824,“Fermion,paragraph
463,262.0,521.7750000000001,287.0,521.7750000000001,287.0,531.824,262.0,531.824,zero,paragraph
464,291.0,521.7750000000001,329.0,521.7750000000001,329.0,531.824,291.0,531.824,modes,paragraph
465,332.0,521.7750000000001,347.0,521.7750000000001,347.0,531.824,332.0,531.824,on,paragraph
466,350.0,521.7750000000001,397.0,521.7750000000001,397.0,531.824,350.0,531.824,vortices,paragraph
467,400.0,521.7750000000001,411.0,521.7750000000001,411.0,531.824,400.0,531.824,in,paragraph
468,415.0,521.7750000000001,448.0,521.7750000000001,448.0,531.824,415.0,531.824,chiral,paragraph
469,452.0,521.7750000000001,488.0,521.7750000000001,488.0,531.824,452.0,531.824,super-,paragraph
470,556.0,521.0020000000001,578.0,521.0020000000001,578.0,531.824,556.0,531.824,hall,paragraph
471,581.0,521.0020000000001,623.0,521.0020000000001,623.0,531.824,581.0,531.824,states,”,paragraph
472,627.0,521.0020000000001,673.0,521.0020000000001,673.0,531.824,627.0,531.824,Nuclear,paragraph
473,677.0,521.0020000000001,721.0,521.0020000000001,721.0,531.824,677.0,531.824,Physics,paragraph
474,725.0,521.0020000000001,735.0,521.0020000000001,735.0,531.824,725.0,531.824,B,paragraph
475,739.0,520.229,764.0,520.229,764.0,531.824,739.0,531.824,479,,paragraph
476,768.0,521.0020000000001,819.0,521.0020000000001,819.0,531.824,768.0,531.824,529–553,paragraph
477,823.0,521.0020000000001,866.0,521.0020000000001,866.0,531.824,823.0,531.824,(1996).,paragraph
478,126.0,531.824,199.0,531.824,199.0,542.646,126.0,542.646,conductors,”,paragraph
479,203.0,531.824,246.0,531.824,246.0,542.646,203.0,542.646,Journal,paragraph
480,250.0,531.824,262.0,531.824,262.0,542.646,250.0,542.646,of,paragraph
481,266.0,531.824,345.0,531.824,345.0,542.646,266.0,542.646,Experimental,paragraph
482,348.0,531.824,369.0,531.824,369.0,542.646,348.0,542.646,and,paragraph
483,373.0,531.824,440.0,531.824,440.0,542.646,373.0,542.646,Theoretical,paragraph
484,443.0,531.824,488.0,531.824,488.0,542.646,443.0,542.646,Physics,paragraph
485,525.0,531.051,549.0,531.051,549.0,541.8729999999999,525.0,541.8729999999999,[17],paragraph
486,556.0,531.051,596.0,531.051,596.0,541.8729999999999,556.0,541.8729999999999,Sankar,paragraph
487,602.0,531.051,624.0,531.051,624.0,541.8729999999999,602.0,541.8729999999999,Das,paragraph
488,630.0,531.051,671.0,531.051,671.0,541.8729999999999,630.0,541.8729999999999,Sarma,,paragraph
489,676.0,531.051,724.0,531.051,724.0,541.8729999999999,676.0,541.8729999999999,Michael,paragraph
490,730.0,531.051,792.0,531.051,792.0,541.8729999999999,730.0,541.8729999999999,Freedman,,paragraph
491,803.0,531.051,824.0,531.051,824.0,541.8729999999999,803.0,541.8729999999999,and,paragraph
492,829.0,531.051,871.0,531.051,871.0,541.8729999999999,829.0,541.8729999999999,Chetan,paragraph
493,876.0,531.051,918.0,531.051,918.0,541.8729999999999,876.0,541.8729999999999,Nayak,,paragraph
494,126.0,541.8729999999999,167.0,541.8729999999999,167.0,552.6949999999999,126.0,552.6949999999999,Letters,paragraph
495,170.0,541.0999999999999,189.0,541.0999999999999,189.0,552.6949999999999,170.0,552.6949999999999,70,,paragraph
496,192.0,541.8729999999999,244.0,541.8729999999999,244.0,552.6949999999999,192.0,552.6949999999999,609–614,paragraph
497,247.0,541.8729999999999,290.0,541.8729999999999,290.0,552.6949999999999,247.0,552.6949999999999,(1999).,paragraph
498,556.0,541.8729999999999,643.0,541.8729999999999,643.0,551.922,556.0,551.922,“Topologically,paragraph
499,649.0,541.8729999999999,703.0,541.8729999999999,703.0,551.922,649.0,551.922,protected,paragraph
500,709.0,541.8729999999999,744.0,541.8729999999999,744.0,551.922,709.0,551.922,qubits,paragraph
501,750.0,541.8729999999999,778.0,541.8729999999999,778.0,551.922,750.0,551.922,from,paragraph
502,784.0,541.8729999999999,790.0,541.8729999999999,790.0,551.922,784.0,551.922,a,paragraph
503,795.0,541.8729999999999,843.0,541.8729999999999,843.0,551.922,795.0,551.922,possible,paragraph
504,849.0,541.8729999999999,918.0,541.8729999999999,918.0,551.922,849.0,551.922,non-abelian,paragraph
505,102.0,551.922,119.0,551.922,119.0,562.744,102.0,562.744,[3],paragraph
506,126.0,551.922,137.0,551.922,137.0,562.744,126.0,562.744,A,paragraph
507,139.0,551.922,156.0,551.922,156.0,562.744,139.0,562.744,Yu,paragraph
508,159.0,551.922,200.0,551.922,200.0,562.744,159.0,562.744,Kitaev,,paragraph
509,203.0,551.922,264.0,551.922,264.0,562.744,203.0,562.744,“Unpaired,paragraph
510,267.0,551.922,321.0,551.922,321.0,562.744,267.0,562.744,majorana,paragraph
511,324.0,551.922,376.0,551.922,376.0,562.744,324.0,562.744,fermions,paragraph
512,379.0,551.922,390.0,551.922,390.0,562.744,379.0,562.744,in,paragraph
513,393.0,551.922,444.0,551.922,444.0,562.744,393.0,562.744,quantum,paragraph
514,447.0,551.922,488.0,551.922,488.0,562.744,447.0,562.744,wires,”,paragraph
515,556.0,551.922,612.0,551.922,612.0,561.971,556.0,561.971,fractional,paragraph
516,618.0,551.922,669.0,551.922,669.0,561.971,618.0,561.971,quantum,paragraph
517,675.0,551.922,697.0,551.922,697.0,561.971,675.0,561.971,hall,paragraph
518,704.0,551.922,740.0,551.922,740.0,561.971,704.0,561.971,state,”,paragraph
519,746.0,551.922,778.0,551.922,778.0,561.971,746.0,561.971,Phys.,paragraph
520,784.0,551.922,810.0,551.922,810.0,561.971,784.0,561.971,Rev.,paragraph
521,816.0,551.922,843.0,551.922,843.0,561.971,816.0,561.971,Lett.,paragraph
522,850.0,551.149,868.0,551.149,868.0,561.971,850.0,561.971,94,,paragraph
523,874.0,551.922,918.0,551.922,918.0,561.971,874.0,561.971,166802,paragraph
524,126.0,562.744,224.0,562.744,224.0,572.793,126.0,572.793,Physics-Uspekhi,paragraph
525,228.0,561.198,246.0,561.198,246.0,572.793,228.0,572.793,44,,paragraph
526,250.0,562.744,272.0,562.744,272.0,572.793,250.0,572.793,131,paragraph
527,276.0,562.744,318.0,562.744,318.0,572.793,276.0,572.793,(2001).,paragraph
528,556.0,561.971,598.0,561.971,598.0,572.793,556.0,572.793,(2005).,paragraph
529,102.0,572.793,119.0,572.793,119.0,583.615,102.0,583.615,[4],paragraph
530,126.0,572.793,159.0,572.793,159.0,583.615,126.0,583.615,Jason,paragraph
531,166.0,572.793,208.0,572.793,208.0,583.615,166.0,583.615,Alicea,,paragraph
532,215.0,572.793,249.0,572.793,249.0,583.615,215.0,583.615,“New,paragraph
533,257.0,572.793,314.0,572.793,314.0,583.615,257.0,583.615,directions,paragraph
534,322.0,572.793,333.0,572.793,333.0,583.615,322.0,583.615,in,paragraph
535,341.0,572.793,358.0,572.793,358.0,583.615,341.0,583.615,the,paragraph
536,366.0,572.793,407.0,572.793,407.0,583.615,366.0,583.615,pursuit,paragraph
537,414.0,572.793,426.0,572.793,426.0,583.615,414.0,583.615,of,paragraph
538,434.0,572.793,488.0,572.793,488.0,583.615,434.0,583.615,majorana,paragraph
539,525.0,572.02,549.0,572.02,549.0,582.842,525.0,582.842,[18],paragraph
540,556.0,572.02,590.0,572.02,590.0,582.842,556.0,582.842,Liang,paragraph
541,594.0,572.02,610.0,572.02,610.0,582.842,594.0,582.842,Fu,paragraph
542,614.0,572.02,635.0,572.02,635.0,582.842,614.0,582.842,and,paragraph
543,640.0,572.02,653.0,572.02,653.0,582.842,640.0,582.842,C.,paragraph
544,657.0,572.02,670.0,572.02,670.0,582.842,657.0,582.842,L.,paragraph
545,674.0,572.02,709.0,572.02,709.0,582.842,674.0,582.842,Kane,,paragraph
546,713.0,572.02,819.0,572.02,819.0,582.842,713.0,582.842,“Superconducting,paragraph
547,823.0,572.02,881.0,572.02,881.0,582.842,823.0,582.842,proximity,paragraph
548,886.0,572.02,918.0,572.02,918.0,582.842,886.0,582.842,eﬀect,paragraph
549,126.0,582.842,178.0,582.842,178.0,593.664,126.0,593.664,fermions,paragraph
550,186.0,582.842,198.0,582.842,198.0,593.664,186.0,593.664,in,paragraph
551,206.0,582.842,234.0,582.842,234.0,593.664,206.0,593.664,solid,paragraph
552,243.0,582.842,269.0,582.842,269.0,593.664,243.0,593.664,state,paragraph
553,278.0,582.842,333.0,582.842,333.0,593.664,278.0,593.664,systems,”,paragraph
554,341.0,582.842,387.0,582.842,387.0,593.664,341.0,593.664,Reports,paragraph
555,395.0,582.842,410.0,582.842,410.0,593.664,395.0,593.664,on,paragraph
556,418.0,582.842,469.0,582.842,469.0,593.664,418.0,593.664,Progress,paragraph
557,477.0,582.842,488.0,582.842,488.0,593.664,477.0,593.664,in,paragraph
558,556.0,582.069,577.0,582.069,577.0,592.891,556.0,592.891,and,paragraph
559,581.0,582.069,636.0,582.069,636.0,592.891,581.0,592.891,majorana,paragraph
560,640.0,582.069,692.0,582.069,692.0,592.891,640.0,592.891,fermions,paragraph
561,697.0,582.069,707.0,582.069,707.0,592.891,697.0,592.891,at,paragraph
562,712.0,582.069,729.0,582.069,729.0,592.891,712.0,592.891,the,paragraph
563,734.0,582.069,776.0,582.069,776.0,592.891,734.0,592.891,surface,paragraph
564,780.0,582.069,793.0,582.069,793.0,592.891,780.0,592.891,of,paragraph
565,797.0,582.069,803.0,582.069,803.0,592.891,797.0,592.891,a,paragraph
566,808.0,582.069,874.0,582.069,874.0,592.891,808.0,592.891,topological,paragraph
567,878.0,582.069,918.0,582.069,918.0,592.891,878.0,592.891,insula-,paragraph
568,126.0,592.891,171.0,592.891,171.0,603.713,126.0,603.713,Physics,paragraph
569,174.0,592.118,193.0,592.118,193.0,603.713,174.0,603.713,75,,paragraph
570,196.0,592.891,240.0,592.891,240.0,603.713,196.0,603.713,076501,paragraph
571,244.0,592.891,287.0,592.891,287.0,603.713,244.0,603.713,(2012).,paragraph
572,556.0,592.891,581.0,592.891,581.0,602.94,556.0,602.94,tor,”,paragraph
573,584.0,592.891,616.0,592.891,616.0,602.94,584.0,602.94,Phys.,paragraph
574,620.0,592.891,646.0,592.891,646.0,602.94,620.0,602.94,Rev.,paragraph
575,650.0,592.891,677.0,592.891,677.0,602.94,650.0,602.94,Lett.,paragraph
576,681.0,591.345,706.0,591.345,706.0,602.94,681.0,602.94,100,,paragraph
577,710.0,592.891,754.0,592.891,754.0,602.94,710.0,602.94,096407,paragraph
578,757.0,592.891,800.0,592.891,800.0,602.94,757.0,602.94,(2008).,paragraph
579,102.0,603.713,119.0,603.713,119.0,613.7620000000001,102.0,613.7620000000001,[5],paragraph
580,126.0,603.713,139.0,603.713,139.0,613.7620000000001,126.0,613.7620000000001,C.,paragraph
581,143.0,603.713,159.0,603.713,159.0,613.7620000000001,143.0,613.7620000000001,W.,paragraph
582,163.0,603.713,172.0,603.713,172.0,613.7620000000001,163.0,613.7620000000001,J.,paragraph
583,176.0,603.713,242.0,603.713,242.0,613.7620000000001,176.0,613.7620000000001,Beenakker,,paragraph
584,245.0,603.713,292.0,603.713,292.0,613.7620000000001,245.0,613.7620000000001,“Search,paragraph
585,295.0,603.713,312.0,603.713,312.0,613.7620000000001,295.0,613.7620000000001,for,paragraph
586,316.0,603.713,372.0,603.713,372.0,613.7620000000001,316.0,613.7620000000001,Majorana,paragraph
587,376.0,603.713,431.0,603.713,431.0,613.7620000000001,376.0,613.7620000000001,Fermions,paragraph
588,434.0,603.713,446.0,603.713,446.0,613.7620000000001,434.0,613.7620000000001,in,paragraph
589,449.0,603.713,488.0,603.713,488.0,613.7620000000001,449.0,613.7620000000001,Super-,paragraph
590,525.0,602.94,549.0,602.94,549.0,613.7620000000001,525.0,613.7620000000001,[19],paragraph
591,556.0,602.94,623.0,602.94,623.0,613.7620000000001,556.0,613.7620000000001,Xiao-Liang,paragraph
592,628.0,602.94,647.0,602.94,647.0,613.7620000000001,628.0,613.7620000000001,Qi,,paragraph
593,652.0,602.94,690.0,602.94,690.0,613.7620000000001,652.0,613.7620000000001,Taylor,paragraph
594,695.0,602.94,708.0,602.94,708.0,613.7620000000001,695.0,613.7620000000001,L.,paragraph
595,713.0,602.94,761.0,602.94,761.0,613.7620000000001,713.0,613.7620000000001,Hughes,,paragraph
596,772.0,602.94,793.0,602.94,793.0,613.7620000000001,772.0,613.7620000000001,and,paragraph
597,798.0,602.94,872.0,602.94,872.0,613.7620000000001,798.0,613.7620000000001,Shou-Cheng,paragraph
598,877.0,602.94,918.0,602.94,918.0,613.7620000000001,877.0,613.7620000000001,Zhang,,paragraph
599,126.0,613.7620000000001,199.0,613.7620000000001,199.0,623.811,126.0,623.811,conductors,”,paragraph
600,204.0,613.7620000000001,247.0,613.7620000000001,247.0,623.811,204.0,623.811,Annual,paragraph
601,251.0,613.7620000000001,295.0,613.7620000000001,295.0,623.811,251.0,623.811,Review,paragraph
602,299.0,613.7620000000001,311.0,613.7620000000001,311.0,623.811,299.0,623.811,of,paragraph
603,316.0,613.7620000000001,381.0,613.7620000000001,381.0,623.811,316.0,623.811,Condensed,paragraph
604,385.0,613.7620000000001,424.0,613.7620000000001,424.0,623.811,385.0,623.811,Matter,paragraph
605,428.0,613.7620000000001,473.0,613.7620000000001,473.0,623.811,428.0,623.811,Physics,paragraph
606,477.0,612.216,488.0,612.216,488.0,623.811,477.0,623.811,4,,paragraph
607,556.0,612.989,599.0,612.989,599.0,623.811,556.0,623.811,“Chiral,paragraph
608,606.0,612.989,672.0,612.989,672.0,623.811,606.0,623.811,topological,paragraph
609,679.0,612.989,770.0,612.989,770.0,623.811,679.0,623.811,superconductor,paragraph
610,777.0,612.989,805.0,612.989,805.0,623.811,777.0,623.811,from,paragraph
611,812.0,612.989,830.0,612.989,830.0,623.811,812.0,623.811,the,paragraph
612,838.0,612.989,889.0,612.989,889.0,623.811,838.0,623.811,quantum,paragraph
613,896.0,612.989,918.0,612.989,918.0,623.811,896.0,623.811,hall,paragraph
614,126.0,623.811,177.0,623.811,177.0,634.6329999999999,126.0,634.6329999999999,113–136,paragraph
615,181.0,623.811,224.0,623.811,224.0,634.6329999999999,181.0,634.6329999999999,(2013).,paragraph
616,556.0,623.038,592.0,623.038,592.0,633.86,556.0,633.86,state,”,paragraph
617,595.0,623.038,627.0,623.038,627.0,633.86,595.0,633.86,Phys.,paragraph
618,631.0,623.038,657.0,623.038,657.0,633.86,631.0,633.86,Rev.,paragraph
619,661.0,623.038,671.0,623.038,671.0,633.86,661.0,633.86,B,paragraph
620,674.0,622.265,693.0,622.265,693.0,633.86,674.0,633.86,82,,paragraph
621,696.0,623.038,740.0,623.038,740.0,633.86,696.0,633.86,184516,paragraph
622,744.0,623.038,787.0,623.038,787.0,633.86,744.0,633.86,(2010).,paragraph
623,102.0,633.86,119.0,633.86,119.0,644.682,102.0,644.682,[6],paragraph
624,126.0,633.86,161.0,633.86,161.0,644.682,126.0,644.682,Tudor,paragraph
625,166.0,633.86,177.0,633.86,177.0,644.682,166.0,644.682,D,paragraph
626,181.0,633.86,233.0,633.86,233.0,644.682,181.0,644.682,Stanescu,paragraph
627,238.0,633.86,259.0,633.86,259.0,644.682,238.0,644.682,and,paragraph
628,264.0,633.86,315.0,633.86,315.0,644.682,264.0,644.682,Sumanta,paragraph
629,320.0,633.86,364.0,633.86,364.0,644.682,320.0,644.682,Tewari,,paragraph
630,369.0,633.86,431.0,633.86,431.0,644.682,369.0,644.682,“Majorana,paragraph
631,436.0,633.86,488.0,633.86,488.0,644.682,436.0,644.682,fermions,paragraph
632,525.0,633.86,549.0,633.86,549.0,643.909,525.0,643.909,[20],paragraph
633,556.0,633.86,570.0,633.86,570.0,643.909,556.0,643.909,A.,paragraph
634,576.0,633.86,589.0,633.86,589.0,643.909,576.0,643.909,R.,paragraph
635,595.0,633.86,661.0,633.86,661.0,643.909,595.0,643.909,Akhmerov,,paragraph
636,667.0,633.86,701.0,633.86,701.0,643.909,667.0,643.909,Johan,paragraph
637,707.0,633.86,756.0,633.86,756.0,643.909,707.0,643.909,Nilsson,,paragraph
638,768.0,633.86,789.0,633.86,789.0,643.909,768.0,643.909,and,paragraph
639,795.0,633.86,809.0,633.86,809.0,643.909,795.0,643.909,C.,paragraph
640,815.0,633.86,831.0,633.86,831.0,643.909,815.0,643.909,W.,paragraph
641,837.0,633.86,846.0,633.86,846.0,643.909,837.0,643.909,J.,paragraph
642,852.0,633.86,918.0,633.86,918.0,643.909,852.0,643.909,Beenakker,,paragraph
643,126.0,643.909,137.0,643.909,137.0,654.731,126.0,654.731,in,paragraph
644,140.0,643.909,227.0,643.909,227.0,654.731,140.0,654.731,semiconductor,paragraph
645,230.0,643.909,294.0,643.909,294.0,654.731,230.0,654.731,nanowires:,paragraph
646,298.0,643.909,380.0,643.909,380.0,654.731,298.0,654.731,fundamentals,,paragraph
647,383.0,643.909,442.0,643.909,442.0,654.731,383.0,654.731,modeling,,paragraph
648,446.0,643.909,467.0,643.909,467.0,654.731,446.0,654.731,and,paragraph
649,470.0,643.909,488.0,643.909,488.0,654.731,470.0,654.731,ex-,paragraph
650,556.0,643.909,630.0,643.909,630.0,653.958,556.0,653.958,“Electrically,paragraph
651,634.0,643.909,683.0,643.909,683.0,653.958,634.0,653.958,detected,paragraph
652,687.0,643.909,771.0,643.909,771.0,653.958,687.0,653.958,interferometry,paragraph
653,775.0,643.909,788.0,643.909,788.0,653.958,775.0,653.958,of,paragraph
654,792.0,643.909,846.0,643.909,846.0,653.958,792.0,653.958,majorana,paragraph
655,850.0,643.909,902.0,643.909,902.0,653.958,850.0,653.958,fermions,paragraph
656,907.0,643.909,918.0,643.909,918.0,653.958,907.0,653.958,in,paragraph
657,126.0,654.731,187.0,654.731,187.0,664.78,126.0,664.78,periment,”,paragraph
658,191.0,654.731,234.0,654.731,234.0,664.78,191.0,664.78,Journal,paragraph
659,239.0,654.731,251.0,654.731,251.0,664.78,239.0,664.78,of,paragraph
660,255.0,654.731,304.0,654.731,304.0,664.78,255.0,664.78,Physics:,paragraph
661,309.0,654.731,374.0,654.731,374.0,664.78,309.0,664.78,Condensed,paragraph
662,379.0,654.731,418.0,654.731,418.0,664.78,379.0,664.78,Matter,paragraph
663,422.0,653.185,440.0,653.185,440.0,664.78,422.0,664.78,25,,paragraph
664,444.0,654.731,488.0,654.731,488.0,664.78,444.0,664.78,233201,paragraph
665,556.0,653.958,562.0,653.958,562.0,664.78,556.0,664.78,a,paragraph
666,566.0,653.958,632.0,653.958,632.0,664.78,566.0,664.78,topological,paragraph
667,636.0,653.958,695.0,653.958,695.0,664.78,636.0,664.78,insulator,”,paragraph
668,699.0,653.958,731.0,653.958,731.0,664.78,699.0,664.78,Phys.,paragraph
669,735.0,653.958,761.0,653.958,761.0,664.78,735.0,664.78,Rev.,paragraph
670,764.0,653.958,792.0,653.958,792.0,664.78,764.0,664.78,Lett.,paragraph
671,795.0,653.185,821.0,653.185,821.0,664.78,795.0,664.78,102,,paragraph
672,825.0,653.958,869.0,653.958,869.0,664.78,825.0,664.78,216404,paragraph
673,872.0,653.958,915.0,653.958,915.0,664.78,872.0,664.78,(2009).,paragraph
674,126.0,664.78,169.0,664.78,169.0,674.829,126.0,674.829,(2013).,paragraph
675,525.0,664.007,549.0,664.007,549.0,674.829,525.0,674.829,[21],paragraph
676,556.0,664.007,570.0,664.007,570.0,674.829,556.0,674.829,K.,paragraph
677,574.0,664.007,586.0,664.007,586.0,674.829,574.0,674.829,T.,paragraph
678,590.0,664.007,618.0,664.007,618.0,674.829,590.0,674.829,Law,,paragraph
679,622.0,664.007,664.0,664.007,664.0,674.829,622.0,674.829,Patrick,paragraph
680,668.0,664.007,682.0,664.007,682.0,674.829,668.0,674.829,A.,paragraph
681,686.0,664.007,712.0,664.007,712.0,674.829,686.0,674.829,Lee,,paragraph
682,720.0,664.007,741.0,664.007,741.0,674.829,720.0,674.829,and,paragraph
683,745.0,664.007,757.0,664.007,757.0,674.829,745.0,674.829,T.,paragraph
684,761.0,664.007,775.0,664.007,775.0,674.829,761.0,674.829,K.,paragraph
685,779.0,664.007,801.0,664.007,801.0,674.829,779.0,674.829,Ng,,paragraph
686,805.0,664.007,867.0,664.007,867.0,674.829,805.0,674.829,“Majorana,paragraph
687,872.0,664.007,918.0,664.007,918.0,674.829,872.0,674.829,fermion,paragraph
688,102.0,674.829,119.0,674.829,119.0,685.651,102.0,685.651,[7],paragraph
689,126.0,674.829,166.0,674.829,166.0,685.651,126.0,685.651,Martin,paragraph
690,170.0,674.829,213.0,674.829,213.0,685.651,170.0,685.651,Leijnse,paragraph
691,218.0,674.829,239.0,674.829,239.0,685.651,218.0,685.651,and,paragraph
692,243.0,674.829,289.0,674.829,289.0,685.651,243.0,685.651,Karsten,paragraph
693,293.0,674.829,354.0,674.829,354.0,685.651,293.0,685.651,Flensberg,,paragraph
694,358.0,674.829,437.0,674.829,437.0,685.651,358.0,685.651,“Introduction,paragraph
695,442.0,674.829,453.0,674.829,453.0,685.651,442.0,685.651,to,paragraph
696,457.0,674.829,488.0,674.829,488.0,685.651,457.0,685.651,topo-,paragraph
697,556.0,674.056,602.0,674.056,602.0,684.878,556.0,684.878,induced,paragraph
698,609.0,674.056,658.0,674.056,658.0,684.878,609.0,684.878,resonant,paragraph
699,665.0,674.056,711.0,674.056,711.0,684.878,665.0,684.878,andreev,paragraph
700,717.0,674.056,781.0,674.056,781.0,684.878,717.0,684.878,reﬂection,”,paragraph
701,788.0,674.056,820.0,674.056,820.0,684.878,788.0,684.878,Phys.,paragraph
702,826.0,674.056,852.0,674.056,852.0,684.878,826.0,684.878,Rev.,paragraph
703,859.0,674.056,886.0,674.056,886.0,684.878,859.0,684.878,Lett.,paragraph
704,892.0,673.283,918.0,673.283,918.0,684.878,892.0,684.878,103,,paragraph
705,126.0,684.878,166.0,684.878,166.0,695.7,126.0,695.7,logical,paragraph
706,171.0,684.878,275.0,684.878,275.0,695.7,171.0,695.7,superconductivity,paragraph
707,280.0,684.878,301.0,684.878,301.0,695.7,280.0,695.7,and,paragraph
708,306.0,684.878,361.0,684.878,361.0,695.7,306.0,695.7,majorana,paragraph
709,366.0,684.878,427.0,684.878,427.0,695.7,366.0,695.7,fermions,”,paragraph
710,432.0,684.878,488.0,684.878,488.0,695.7,432.0,695.7,Semicon-,paragraph
711,556.0,684.878,600.0,684.878,600.0,694.927,556.0,694.927,237001,paragraph
712,603.0,684.878,646.0,684.878,646.0,694.927,603.0,694.927,(2009).,paragraph
713,126.0,694.927,163.0,694.927,163.0,705.749,126.0,705.749,ductor,paragraph
714,167.0,694.927,213.0,694.927,213.0,705.749,167.0,705.749,Science,paragraph
715,216.0,694.927,237.0,694.927,237.0,705.749,216.0,705.749,and,paragraph
716,241.0,694.927,310.0,694.927,310.0,705.749,241.0,705.749,Technology,paragraph
717,314.0,694.154,332.0,694.154,332.0,705.749,314.0,705.749,27,,paragraph
718,336.0,694.927,380.0,694.927,380.0,705.749,336.0,705.749,124003,paragraph
719,383.0,694.927,426.0,694.927,426.0,705.749,383.0,705.749,(2012).,paragraph
720,525.0,694.927,549.0,694.927,549.0,704.976,525.0,704.976,[22],paragraph
721,556.0,694.927,579.0,694.927,579.0,704.976,556.0,704.976,Suk,paragraph
722,582.0,694.927,610.0,694.927,610.0,704.976,582.0,704.976,Bum,paragraph
723,613.0,694.927,656.0,694.927,656.0,704.976,613.0,704.976,Chung,,paragraph
724,659.0,694.927,726.0,694.927,726.0,704.976,659.0,704.976,Xiao-Liang,paragraph
725,729.0,694.927,748.0,694.927,748.0,704.976,729.0,704.976,Qi,,paragraph
726,751.0,694.927,791.0,694.927,791.0,704.976,751.0,704.976,Joseph,paragraph
727,794.0,694.927,853.0,694.927,853.0,704.976,794.0,704.976,Maciejko,,paragraph
728,859.0,694.927,880.0,694.927,880.0,704.976,859.0,704.976,and,paragraph
729,883.0,694.927,918.0,694.927,918.0,704.976,883.0,704.976,Shou-,paragraph
730,269.0,50.245000000000005,501.0,50.245000000000005,501.0,188.612,269.0,188.612,##LTFigure##,figure
731,505.0,50.245000000000005,736.0,50.245000000000005,736.0,188.612,505.0,188.612,##LTFigure##,figure
732,505.0,50.245000000000005,736.0,50.245000000000005,736.0,188.612,505.0,188.612,##LTFigure##,figure
733,297.0,175.471,493.0,175.471,493.0,175.471,297.0,175.471,##LTLine##,paragraph
734,297.0,61.84,297.0,61.84,297.0,175.471,297.0,175.471,##LTLine##,paragraph
735,297.0,61.84,493.0,61.84,493.0,61.84,297.0,61.84,##LTLine##,paragraph
736,493.0,61.84,493.0,61.84,493.0,175.471,493.0,175.471,##LTLine##,paragraph
737,395.0,173.925,395.0,173.925,395.0,175.471,395.0,175.471,##LTLine##,paragraph
738,346.0,173.925,346.0,173.925,346.0,175.471,346.0,175.471,##LTLine##,paragraph
739,297.0,173.925,297.0,173.925,297.0,175.471,297.0,175.471,##LTLine##,paragraph
740,444.0,173.925,444.0,173.925,444.0,175.471,444.0,175.471,##LTLine##,paragraph
741,493.0,173.925,493.0,173.925,493.0,175.471,493.0,175.471,##LTLine##,paragraph
742,297.0,90.441,300.0,90.441,300.0,90.441,297.0,90.441,##LTLine##,paragraph
743,297.0,61.84,300.0,61.84,300.0,61.84,297.0,61.84,##LTLine##,paragraph
744,297.0,118.26899999999999,300.0,118.26899999999999,300.0,118.26899999999999,297.0,118.26899999999999,##LTLine##,paragraph
745,297.0,175.471,300.0,175.471,300.0,175.471,297.0,175.471,##LTLine##,paragraph
746,297.0,146.87,300.0,146.87,300.0,146.87,297.0,146.87,##LTLine##,paragraph
747,395.0,61.84,395.0,61.84,395.0,62.613,395.0,62.613,##LTLine##,paragraph
748,346.0,61.84,346.0,61.84,346.0,62.613,346.0,62.613,##LTLine##,paragraph
749,297.0,61.84,297.0,61.84,297.0,62.613,297.0,62.613,##LTLine##,paragraph
750,444.0,61.84,444.0,61.84,444.0,62.613,444.0,62.613,##LTLine##,paragraph
751,444.0,61.84,444.0,61.84,444.0,62.613,444.0,62.613,##LTLine##,paragraph
752,491.0,90.441,493.0,90.441,493.0,90.441,491.0,90.441,##LTLine##,paragraph
753,491.0,61.84,493.0,61.84,493.0,61.84,491.0,61.84,##LTLine##,paragraph
754,491.0,118.26899999999999,493.0,118.26899999999999,493.0,118.26899999999999,491.0,118.26899999999999,##LTLine##,paragraph
755,491.0,175.471,493.0,175.471,493.0,175.471,491.0,175.471,##LTLine##,paragraph
756,491.0,146.87,493.0,146.87,493.0,146.87,491.0,146.87,##LTLine##,paragraph
757,423.0,118.26899999999999,439.0,118.26899999999999,439.0,118.26899999999999,423.0,118.26899999999999,##LTLine##,paragraph
758,457.0,90.441,457.0,90.441,457.0,110.53899999999999,457.0,110.53899999999999,##LTLine##,paragraph
759,229.0,440.60999999999996,347.0,440.60999999999996,347.0,440.60999999999996,229.0,440.60999999999996,##LTLine##,paragraph
760,244.0,440.60999999999996,332.0,440.60999999999996,332.0,440.60999999999996,244.0,440.60999999999996,##LTLine##,paragraph
761,259.0,440.60999999999996,317.0,440.60999999999996,317.0,440.60999999999996,259.0,440.60999999999996,##LTLine##,paragraph
