0,910.0,27.055000000000003,918.0,27.055000000000003,918.0,37.104,910.0,37.104,6,paragraph
1,88.0,52.56400000000001,102.0,52.56400000000001,102.0,61.84,88.0,61.84,to,paragraph
2,109.0,52.56400000000001,126.0,52.56400000000001,126.0,61.84,109.0,61.84,be,paragraph
3,132.0,52.56400000000001,161.0,52.56400000000001,161.0,61.84,132.0,61.84,able,paragraph
4,168.0,52.56400000000001,182.0,52.56400000000001,182.0,61.84,168.0,61.84,to,paragraph
5,189.0,52.56400000000001,232.0,52.56400000000001,232.0,61.84,189.0,61.84,ignore,paragraph
6,239.0,52.56400000000001,261.0,52.56400000000001,261.0,61.84,239.0,61.84,the,paragraph
7,268.0,52.56400000000001,335.0,52.56400000000001,335.0,61.84,268.0,61.84,dynamics,paragraph
8,341.0,52.56400000000001,354.0,52.56400000000001,354.0,61.84,341.0,61.84,of,paragraph
9,361.0,52.56400000000001,384.0,52.56400000000001,384.0,61.84,361.0,61.84,the,paragraph
10,390.0,52.56400000000001,438.0,52.56400000000001,438.0,61.84,390.0,61.84,bosons,paragraph
11,444.0,52.56400000000001,458.0,52.56400000000001,458.0,61.84,444.0,61.84,in,paragraph
12,465.0,52.56400000000001,488.0,52.56400000000001,488.0,61.84,465.0,61.84,our,paragraph
13,88.0,63.386,122.0,63.386,122.0,73.435,88.0,73.435,error,paragraph
14,130.0,63.386,201.0,63.386,201.0,73.435,130.0,73.435,correction,paragraph
15,208.0,63.386,290.0,63.386,290.0,73.435,208.0,73.435,calculation,,paragraph
16,298.0,63.386,333.0,63.386,333.0,73.435,298.0,73.435,since,paragraph
17,340.0,63.386,395.0,63.386,395.0,73.435,340.0,73.435,without,paragraph
18,403.0,63.386,488.0,63.386,488.0,73.435,403.0,73.435,propagating,paragraph
19,88.0,74.98100000000001,137.0,74.98100000000001,137.0,84.257,88.0,84.257,modes,,paragraph
20,145.0,74.98100000000001,167.0,74.98100000000001,167.0,84.257,145.0,84.257,the,paragraph
21,175.0,74.98100000000001,223.0,74.98100000000001,223.0,84.257,175.0,84.257,system,paragraph
22,231.0,74.98100000000001,255.0,74.98100000000001,255.0,84.257,231.0,84.257,can,paragraph
23,262.0,74.98100000000001,279.0,74.98100000000001,279.0,84.257,262.0,84.257,be,paragraph
24,286.0,74.98100000000001,355.0,74.98100000000001,355.0,84.257,286.0,84.257,simulated,paragraph
25,362.0,74.98100000000001,438.0,74.98100000000001,438.0,84.257,362.0,84.257,completely,paragraph
26,446.0,74.98100000000001,488.0,74.98100000000001,488.0,84.257,446.0,84.257,classi-,paragraph
27,88.0,85.803,121.0,85.803,121.0,95.852,88.0,95.852,cally,paragraph
28,128.0,85.803,154.0,85.803,154.0,95.852,128.0,95.852,and,paragraph
29,162.0,85.803,184.0,85.803,184.0,95.852,162.0,95.852,the,paragraph
30,192.0,85.803,248.0,85.803,248.0,95.852,192.0,95.852,energies,paragraph
31,256.0,85.803,269.0,85.803,269.0,95.852,256.0,95.852,of,paragraph
32,276.0,85.803,305.0,85.803,305.0,95.852,276.0,95.852,spin,paragraph
33,313.0,85.803,335.0,85.803,335.0,95.852,313.0,95.852,ﬂip,paragraph
34,343.0,85.803,387.0,85.803,387.0,95.852,343.0,95.852,events,paragraph
35,394.0,85.803,416.0,85.803,416.0,95.852,394.0,95.852,are,paragraph
36,423.0,85.803,466.0,85.803,466.0,95.852,423.0,95.852,trivial,paragraph
37,474.0,85.803,488.0,85.803,488.0,95.852,474.0,95.852,to,paragraph
38,88.0,97.398,142.0,97.398,142.0,106.674,88.0,106.674,predict.,paragraph
39,152.0,97.398,170.0,97.398,170.0,106.674,152.0,106.674,To,paragraph
40,177.0,97.398,194.0,97.398,194.0,106.674,177.0,106.674,do,paragraph
41,200.0,97.398,219.0,97.398,219.0,106.674,200.0,106.674,so,,paragraph
42,225.0,97.398,244.0,97.398,244.0,106.674,225.0,106.674,we,paragraph
43,250.0,97.398,276.0,97.398,276.0,106.674,250.0,106.674,will,paragraph
44,282.0,97.398,310.0,97.398,310.0,106.674,282.0,106.674,give,paragraph
45,316.0,97.398,339.0,97.398,339.0,106.674,316.0,106.674,the,paragraph
46,345.0,97.398,393.0,97.398,393.0,106.674,345.0,106.674,bosons,paragraph
47,399.0,97.398,456.0,97.398,456.0,106.674,399.0,106.674,intrinsic,paragraph
48,463.0,97.398,488.0,97.398,488.0,106.674,463.0,106.674,loss,paragraph
49,88.0,108.22000000000001,122.0,108.22000000000001,122.0,118.26899999999999,88.0,118.26899999999999,rates,paragraph
50,129.0,108.22000000000001,139.0,108.22000000000001,139.0,118.26899999999999,129.0,118.26899999999999,Γ,paragraph
51,167.0,108.22000000000001,171.0,108.22000000000001,171.0,118.26899999999999,167.0,118.26899999999999,,,paragraph
52,178.0,108.22000000000001,204.0,108.22000000000001,204.0,118.26899999999999,178.0,118.26899999999999,and,paragraph
53,211.0,108.22000000000001,248.0,108.22000000000001,248.0,118.26899999999999,211.0,118.26899999999999,given,paragraph
54,255.0,108.22000000000001,272.0,108.22000000000001,272.0,118.26899999999999,255.0,118.26899999999999,an,paragraph
55,278.0,108.22000000000001,331.0,108.22000000000001,331.0,118.26899999999999,278.0,118.26899999999999,average,paragraph
56,338.0,108.22000000000001,367.0,108.22000000000001,367.0,118.26899999999999,338.0,118.26899999999999,spin,paragraph
57,373.0,108.22000000000001,396.0,108.22000000000001,396.0,118.26899999999999,373.0,118.26899999999999,ﬂip,paragraph
58,403.0,108.22000000000001,431.0,108.22000000000001,431.0,118.26899999999999,403.0,118.26899999999999,rate,paragraph
59,437.0,108.22000000000001,447.0,108.22000000000001,447.0,118.26899999999999,437.0,118.26899999999999,Γ,paragraph
60,458.0,108.22000000000001,463.0,108.22000000000001,463.0,118.26899999999999,458.0,118.26899999999999,,,paragraph
61,470.0,108.22000000000001,488.0,108.22000000000001,488.0,118.26899999999999,470.0,118.26899999999999,we,paragraph
62,139.0,112.085,165.0,112.085,165.0,119.042,139.0,119.042,A/B,paragraph
63,447.0,112.085,456.0,112.085,456.0,119.042,447.0,119.042,P,paragraph
64,88.0,119.042,112.0,119.042,112.0,129.091,88.0,129.091,can,paragraph
65,118.0,119.042,176.0,119.042,176.0,129.091,118.0,129.091,consider,paragraph
66,182.0,119.042,205.0,119.042,205.0,129.091,182.0,129.091,the,paragraph
67,211.0,119.042,296.0,119.042,296.0,129.091,211.0,129.091,propagating,paragraph
68,302.0,119.042,344.0,119.042,344.0,129.091,302.0,129.091,boson,paragraph
69,350.0,119.042,394.0,119.042,394.0,129.091,350.0,129.091,lattice,paragraph
70,400.0,119.042,415.0,119.042,415.0,129.091,400.0,129.091,to,paragraph
71,421.0,119.042,438.0,119.042,438.0,129.091,421.0,129.091,be,paragraph
72,444.0,119.042,488.0,119.042,488.0,129.091,444.0,129.091,empty,paragraph
73,302.0,123.68,319.0,123.68,319.0,140.686,302.0,140.686,(cid:29),paragraph
74,88.0,130.637,101.0,130.637,101.0,140.686,88.0,140.686,of,paragraph
75,106.0,130.637,183.0,130.637,183.0,140.686,106.0,140.686,excitations,paragraph
76,188.0,130.637,254.0,130.637,254.0,140.686,188.0,140.686,whenever,paragraph
77,260.0,130.637,270.0,130.637,270.0,140.686,260.0,140.686,Γ,paragraph
78,323.0,130.637,350.0,130.637,350.0,140.686,323.0,140.686,g/ω,paragraph
79,371.0,130.637,375.0,130.637,375.0,140.686,371.0,140.686,.,paragraph
80,383.0,130.637,395.0,130.637,395.0,140.686,383.0,140.686,It,paragraph
81,400.0,130.637,411.0,130.637,411.0,140.686,400.0,140.686,is,paragraph
82,417.0,130.637,488.0,130.637,488.0,140.686,417.0,140.686,important,paragraph
83,270.0,134.50199999999998,296.0,134.50199999999998,296.0,141.459,270.0,141.459,A/B,paragraph
84,351.0,134.50199999999998,368.0,134.50199999999998,368.0,141.459,351.0,141.459,ΓP,paragraph
85,88.0,141.459,102.0,141.459,102.0,151.508,88.0,151.508,to,paragraph
86,108.0,141.459,139.0,141.459,139.0,151.508,108.0,151.508,note,paragraph
87,145.0,141.459,175.0,141.459,175.0,151.508,145.0,151.508,that,paragraph
88,181.0,141.459,222.0,141.459,222.0,151.508,181.0,151.508,boson,paragraph
89,228.0,141.459,267.0,141.459,267.0,151.508,228.0,151.508,losses,paragraph
90,273.0,141.459,295.0,141.459,295.0,151.508,273.0,151.508,are,paragraph
91,301.0,141.459,362.0,141.459,362.0,151.508,301.0,151.508,harmless,paragraph
92,368.0,141.459,401.0,141.459,401.0,151.508,368.0,151.508,from,paragraph
93,407.0,141.459,415.0,141.459,415.0,151.508,407.0,151.508,a,paragraph
94,421.0,141.459,488.0,141.459,488.0,151.508,421.0,151.508,computa-,paragraph
95,88.0,153.054,128.0,153.054,128.0,162.32999999999998,88.0,162.32999999999998,tional,paragraph
96,135.0,153.054,172.0,153.054,172.0,162.32999999999998,135.0,162.32999999999998,point,paragraph
97,179.0,153.054,192.0,153.054,192.0,162.32999999999998,179.0,162.32999999999998,of,paragraph
98,198.0,153.054,235.0,153.054,235.0,162.32999999999998,198.0,162.32999999999998,view;,paragraph
99,242.0,153.054,283.0,153.054,283.0,162.32999999999998,242.0,162.32999999999998,losing,paragraph
100,289.0,153.054,297.0,153.054,297.0,162.32999999999998,289.0,162.32999999999998,a,paragraph
101,304.0,153.054,345.0,153.054,345.0,162.32999999999998,304.0,162.32999999999998,boson,paragraph
102,352.0,153.054,365.0,153.054,365.0,162.32999999999998,352.0,162.32999999999998,of,paragraph
103,371.0,153.054,451.0,153.054,451.0,162.32999999999998,371.0,162.32999999999998,momentum,paragraph
104,465.0,153.054,488.0,153.054,488.0,162.32999999999998,465.0,162.32999999999998,has,paragraph
105,88.0,163.876,110.0,163.876,110.0,173.925,88.0,173.925,the,paragraph
106,116.0,163.876,160.0,163.876,160.0,173.925,116.0,173.925,result:,paragraph
107,269.0,169.287,293.0,169.287,293.0,205.61800000000002,269.0,205.61800000000002,(cid:88),equation
108,191.0,194.796,201.0,194.796,201.0,206.39100000000002,191.0,206.39100000000002,−,equation
109,302.0,194.023,342.0,194.023,342.0,211.02900000000002,302.0,211.02900000000002,W√g,equation
110,356.0,194.796,366.0,194.796,366.0,206.39100000000002,356.0,206.39100000000002,−,equation
111,371.0,194.796,375.0,194.796,375.0,206.39100000000002,371.0,206.39100000000002,·,equation
112,184.0,200.98000000000002,191.0,200.98000000000002,191.0,211.02900000000002,184.0,211.02900000000002,e,equation
113,201.0,199.434,224.0,199.434,224.0,211.02900000000002,201.0,211.02900000000002,sas,equation
114,230.0,200.98000000000002,243.0,200.98000000000002,243.0,211.02900000000002,230.0,211.02900000000002,=,equation
115,247.0,200.98000000000002,256.0,200.98000000000002,256.0,211.02900000000002,247.0,211.02900000000002,a,equation
116,317.0,198.661,333.0,198.661,333.0,205.61800000000002,317.0,205.61800000000002,Pj,equation
117,349.0,200.98000000000002,356.0,200.98000000000002,356.0,211.02900000000002,349.0,211.02900000000002,e,equation
118,366.0,199.434,371.0,199.434,371.0,206.39100000000002,366.0,206.39100000000002,i,equation
119,375.0,199.434,392.0,199.434,392.0,211.02900000000002,375.0,211.02900000000002,rj.,equation
120,218.0,206.39100000000002,224.0,206.39100000000002,224.0,212.57500000000002,218.0,212.57500000000002,e,equation
121,256.0,204.845,266.0,204.845,266.0,211.80200000000002,256.0,211.80200000000002,+,equation
122,298.0,209.483,308.0,209.483,308.0,218.759,298.0,218.759,ω,equation
123,332.0,209.483,345.0,209.483,345.0,218.759,332.0,218.759,N,equation
124,278.0,214.894,283.0,214.894,283.0,221.85099999999997,278.0,221.85099999999997,j,equation
125,308.0,213.348,317.0,213.348,317.0,219.53199999999998,308.0,219.53199999999998,A,equation
126,104.0,238.857,132.0,238.857,132.0,248.906,104.0,248.906,The,paragraph
127,138.0,238.857,153.0,238.857,153.0,248.906,138.0,248.906,W,paragraph
128,169.0,238.857,236.0,238.857,236.0,248.906,169.0,248.906,operators,paragraph
129,242.0,238.857,300.0,238.857,300.0,248.906,242.0,248.906,measure,paragraph
130,305.0,238.857,380.0,238.857,380.0,248.906,305.0,248.906,stabilizers,,paragraph
131,386.0,238.857,410.0,238.857,410.0,248.906,386.0,248.906,but,paragraph
132,416.0,238.857,431.0,238.857,431.0,248.906,416.0,248.906,as,paragraph
133,436.0,238.857,459.0,238.857,459.0,248.906,436.0,248.906,the,paragraph
134,464.0,238.857,488.0,238.857,488.0,248.906,464.0,248.906,dif-,paragraph
135,153.0,242.722,161.0,242.722,161.0,249.679,153.0,249.679,P,paragraph
136,88.0,250.452,128.0,250.452,128.0,259.728,88.0,259.728,ferent,paragraph
137,134.0,250.452,175.0,250.452,175.0,259.728,134.0,259.728,states,paragraph
138,180.0,250.452,194.0,250.452,194.0,259.728,180.0,259.728,in,paragraph
139,200.0,250.452,208.0,250.452,208.0,259.728,200.0,259.728,a,paragraph
140,213.0,250.452,304.0,250.452,304.0,259.728,213.0,259.728,topologically,paragraph
141,309.0,250.452,385.0,250.452,385.0,259.728,309.0,259.728,degenerate,paragraph
142,391.0,250.452,453.0,250.452,453.0,259.728,391.0,259.728,manifold,paragraph
143,458.0,250.452,488.0,250.452,488.0,259.728,458.0,259.728,can-,paragraph
144,88.0,261.274,111.0,261.274,111.0,271.323,88.0,271.323,not,paragraph
145,120.0,261.274,136.0,261.274,136.0,271.323,120.0,271.323,be,paragraph
146,145.0,261.274,238.0,261.274,238.0,271.323,145.0,271.323,distinguished,paragraph
147,247.0,261.274,264.0,261.274,264.0,271.323,247.0,271.323,by,paragraph
148,273.0,261.274,298.0,261.274,298.0,271.323,273.0,271.323,any,paragraph
149,306.0,261.274,394.0,261.274,394.0,271.323,306.0,271.323,combination,paragraph
150,402.0,261.274,415.0,261.274,415.0,271.323,402.0,271.323,of,paragraph
151,424.0,261.274,488.0,261.274,488.0,271.323,424.0,271.323,stabilizer,paragraph
152,88.0,272.86899999999997,192.0,272.86899999999997,192.0,282.145,88.0,282.145,measurements,,paragraph
153,197.0,272.86899999999997,231.0,272.86899999999997,231.0,282.145,197.0,282.145,their,paragraph
154,235.0,272.86899999999997,278.0,272.86899999999997,278.0,282.145,235.0,282.145,action,paragraph
155,283.0,272.86899999999997,294.0,272.86899999999997,294.0,282.145,283.0,282.145,is,paragraph
156,298.0,272.86899999999997,370.0,272.86899999999997,370.0,282.145,298.0,282.145,irrelevant.,paragraph
157,377.0,272.86899999999997,435.0,272.86899999999997,435.0,282.145,377.0,282.145,Further,,paragraph
158,439.0,272.86899999999997,454.0,272.86899999999997,454.0,282.145,439.0,282.145,so,paragraph
159,458.0,272.86899999999997,488.0,272.86899999999997,488.0,282.145,458.0,282.145,long,paragraph
160,152.0,276.734,168.0,276.734,168.0,293.74,152.0,293.74,(cid:28),paragraph
161,174.0,276.734,187.0,276.734,187.0,293.74,174.0,293.74,−,paragraph
162,88.0,283.691,102.0,283.691,102.0,293.74,88.0,293.74,as,paragraph
163,108.0,283.691,119.0,283.691,119.0,293.74,108.0,293.74,Γ,paragraph
164,187.0,283.691,197.0,283.691,197.0,293.74,187.0,293.74,µ,paragraph
165,224.0,283.691,229.0,283.691,229.0,293.74,224.0,293.74,,,paragraph
166,235.0,283.691,258.0,283.691,258.0,293.74,235.0,293.74,the,paragraph
167,264.0,283.691,328.0,283.691,328.0,293.74,264.0,293.74,structure,paragraph
168,334.0,283.691,348.0,283.691,348.0,293.74,334.0,293.74,of,paragraph
169,354.0,283.691,376.0,283.691,376.0,293.74,354.0,293.74,the,paragraph
170,383.0,283.691,459.0,283.691,459.0,293.74,383.0,293.74,interaction,paragraph
171,465.0,283.691,488.0,283.691,488.0,293.74,465.0,293.74,po-,paragraph
172,119.0,287.556,145.0,287.556,145.0,294.513,119.0,294.513,A/B,paragraph
173,197.0,287.556,223.0,287.556,223.0,294.513,197.0,294.513,A/B,paragraph
174,517.0,291.421,549.0,291.421,549.0,300.697,517.0,300.697,FIG.,paragraph
175,554.0,291.421,566.0,291.421,566.0,300.697,554.0,300.697,2.,paragraph
176,573.0,291.421,615.0,291.421,615.0,300.697,573.0,300.697,(Color,caption
177,621.0,291.421,666.0,291.421,666.0,300.697,621.0,300.697,online),caption
178,671.0,291.421,725.0,291.421,725.0,300.697,671.0,300.697,Primary,caption
179,731.0,291.421,772.0,291.421,772.0,300.697,731.0,300.697,lattice,caption
180,777.0,291.421,808.0,291.421,808.0,300.697,777.0,300.697,from,caption
181,813.0,291.421,844.0,291.421,844.0,300.697,813.0,300.697,FIG.,caption
182,850.0,291.421,857.0,291.421,857.0,300.697,850.0,300.697,1,caption
183,862.0,291.421,892.0,291.421,892.0,300.697,862.0,300.697,with,caption
184,897.0,291.421,918.0,291.421,918.0,300.697,897.0,300.697,the,caption
185,88.0,295.286,133.0,295.286,133.0,304.562,88.0,304.562,tential,paragraph
186,138.0,295.286,184.0,295.286,184.0,304.562,138.0,304.562,should,paragraph
187,189.0,295.286,206.0,295.286,206.0,304.562,189.0,304.562,be,paragraph
188,211.0,295.286,284.0,295.286,284.0,304.562,211.0,304.562,unaﬀected,paragraph
189,288.0,295.286,306.0,295.286,306.0,304.562,288.0,304.562,by,paragraph
190,310.0,295.286,333.0,295.286,333.0,304.562,310.0,304.562,the,paragraph
191,338.0,295.286,391.0,295.286,391.0,304.562,338.0,304.562,bosonic,paragraph
192,396.0,295.286,421.0,295.286,421.0,304.562,396.0,304.562,loss,paragraph
193,426.0,295.286,459.0,295.286,459.0,304.562,426.0,304.562,rate.,paragraph
194,466.0,295.286,488.0,295.286,488.0,304.562,466.0,304.562,We,paragraph
195,517.0,302.243,564.0,302.243,564.0,310.74600000000004,517.0,310.74600000000004,passive,caption
196,568.0,302.243,600.0,302.243,600.0,310.74600000000004,568.0,310.74600000000004,error,caption
197,604.0,302.243,669.0,302.243,669.0,310.74600000000004,604.0,310.74600000000004,correction,caption
198,674.0,302.243,722.0,302.243,722.0,310.74600000000004,674.0,310.74600000000004,module,caption
199,726.0,302.243,780.0,302.243,780.0,310.74600000000004,726.0,310.74600000000004,(shadow,caption
200,784.0,302.243,831.0,302.243,831.0,310.74600000000004,784.0,310.74600000000004,lattice),caption
201,836.0,302.243,879.0,302.243,879.0,310.74600000000004,836.0,310.74600000000004,added.,caption
202,886.0,302.243,918.0,302.243,918.0,310.74600000000004,886.0,310.74600000000004,Each,caption
203,88.0,306.108,112.0,306.108,112.0,316.157,88.0,316.157,can,paragraph
204,118.0,306.108,181.0,306.108,181.0,316.157,118.0,316.157,therefore,paragraph
205,186.0,306.108,230.0,306.108,230.0,316.157,186.0,316.157,ignore,paragraph
206,236.0,306.108,258.0,306.108,258.0,316.157,236.0,316.157,the,paragraph
207,264.0,306.108,301.0,306.108,301.0,316.157,264.0,316.157,eﬀect,paragraph
208,307.0,306.108,320.0,306.108,320.0,316.157,307.0,316.157,of,paragraph
209,326.0,306.108,367.0,306.108,367.0,316.157,326.0,316.157,boson,paragraph
210,373.0,306.108,417.0,306.108,417.0,316.157,373.0,316.157,losses,,paragraph
211,422.0,306.108,468.0,306.108,468.0,316.157,422.0,316.157,except,paragraph
212,474.0,306.108,488.0,306.108,488.0,316.157,474.0,316.157,to,paragraph
213,517.0,312.29200000000003,552.0,312.29200000000003,552.0,320.79499999999996,517.0,320.79499999999996,qubit,caption
214,559.0,312.29200000000003,600.0,312.29200000000003,600.0,320.79499999999996,559.0,320.79499999999996,(black,caption
215,607.0,312.29200000000003,653.0,312.29200000000003,653.0,320.79499999999996,607.0,320.79499999999996,circles),caption
216,660.0,312.29200000000003,672.0,312.29200000000003,672.0,320.79499999999996,660.0,320.79499999999996,in,caption
217,680.0,312.29200000000003,701.0,312.29200000000003,701.0,320.79499999999996,680.0,320.79499999999996,the,caption
218,708.0,312.29200000000003,760.0,312.29200000000003,760.0,320.79499999999996,708.0,320.79499999999996,primary,caption
219,767.0,312.29200000000003,808.0,312.29200000000003,808.0,320.79499999999996,767.0,320.79499999999996,lattice,caption
220,815.0,312.29200000000003,825.0,312.29200000000003,825.0,320.79499999999996,815.0,320.79499999999996,is,caption
221,833.0,312.29200000000003,883.0,312.29200000000003,883.0,320.79499999999996,833.0,320.79499999999996,coupled,caption
222,890.0,312.29200000000003,903.0,312.29200000000003,903.0,320.79499999999996,890.0,320.79499999999996,to,caption
223,910.0,312.29200000000003,918.0,312.29200000000003,918.0,320.79499999999996,910.0,320.79499999999996,a,caption
224,88.0,317.703,139.0,317.703,139.0,326.979,88.0,326.979,assume,paragraph
225,144.0,317.703,173.0,317.703,173.0,326.979,144.0,326.979,that,paragraph
226,179.0,317.703,201.0,317.703,201.0,326.979,179.0,326.979,the,paragraph
227,206.0,317.703,291.0,317.703,291.0,326.979,206.0,326.979,propagating,paragraph
228,296.0,317.703,338.0,317.703,338.0,326.979,296.0,326.979,boson,paragraph
229,343.0,317.703,387.0,317.703,387.0,326.979,343.0,326.979,lattice,paragraph
230,392.0,317.703,447.0,317.703,447.0,326.979,392.0,326.979,remains,paragraph
231,452.0,317.703,466.0,317.703,466.0,326.979,452.0,326.979,in,paragraph
232,471.0,317.703,488.0,317.703,488.0,326.979,471.0,326.979,its,paragraph
233,517.0,322.341,555.0,322.341,555.0,330.844,517.0,330.844,group,caption
234,562.0,322.341,574.0,322.341,574.0,330.844,562.0,330.844,of,caption
235,581.0,322.341,629.0,322.341,629.0,330.844,581.0,330.844,shadow,caption
236,636.0,322.341,677.0,322.341,677.0,330.844,636.0,330.844,lattice,caption
237,683.0,322.341,724.0,322.341,724.0,330.844,683.0,330.844,qubits,caption
238,731.0,322.341,757.0,322.341,757.0,330.844,731.0,330.844,(the,caption
239,764.0,322.341,792.0,322.341,792.0,330.844,764.0,330.844,nine,caption
240,799.0,322.341,837.0,322.341,837.0,330.844,799.0,330.844,boxed,caption
241,844.0,322.341,865.0,322.341,865.0,330.844,844.0,330.844,red,caption
242,872.0,322.341,918.0,322.341,918.0,330.844,872.0,330.844,circles),caption
243,88.0,328.525,138.0,328.525,138.0,338.574,88.0,338.574,ground,paragraph
244,144.0,328.525,179.0,328.525,179.0,338.574,144.0,338.574,state,paragraph
245,185.0,328.525,200.0,328.525,200.0,338.574,185.0,338.574,at,paragraph
246,206.0,328.525,250.0,328.525,250.0,338.574,206.0,338.574,nearly,paragraph
247,257.0,328.525,274.0,328.525,274.0,338.574,257.0,338.574,all,paragraph
248,280.0,328.525,323.0,328.525,323.0,338.574,280.0,338.574,times.,paragraph
249,334.0,328.525,349.0,328.525,349.0,338.574,334.0,338.574,In,paragraph
250,355.0,328.525,381.0,328.525,381.0,338.574,355.0,338.574,this,paragraph
251,388.0,328.525,426.0,328.525,426.0,338.574,388.0,338.574,limit,,paragraph
252,433.0,328.525,451.0,328.525,451.0,338.574,433.0,338.574,we,paragraph
253,458.0,328.525,488.0,328.525,488.0,338.574,458.0,338.574,only,paragraph
254,517.0,332.39,556.0,332.39,556.0,341.666,517.0,341.666,which,caption
255,560.0,332.39,590.0,332.39,590.0,341.666,560.0,341.666,have,caption
256,595.0,332.39,629.0,332.39,629.0,341.666,595.0,341.666,rapid,caption
257,634.0,332.39,671.0,332.39,671.0,341.666,634.0,341.666,decay,caption
258,676.0,332.39,708.0,332.39,708.0,341.666,676.0,341.666,rates,caption
259,713.0,332.39,740.0,332.39,740.0,341.666,713.0,341.666,that,caption
260,745.0,332.39,786.0,332.39,786.0,341.666,745.0,341.666,shrink,caption
261,791.0,332.39,804.0,332.39,804.0,341.666,791.0,341.666,or,caption
262,809.0,332.39,869.0,332.39,869.0,341.666,809.0,341.666,eliminate,caption
263,874.0,332.39,918.0,332.39,918.0,341.666,874.0,341.666,excita-,caption
264,88.0,339.347,120.0,339.347,120.0,349.396,88.0,349.396,need,paragraph
265,128.0,339.347,143.0,339.347,143.0,349.396,128.0,349.396,to,paragraph
266,151.0,339.347,209.0,339.347,209.0,349.396,151.0,349.396,consider,paragraph
267,217.0,339.347,230.0,339.347,230.0,349.396,217.0,349.396,H,paragraph
268,245.0,339.347,258.0,339.347,258.0,349.396,245.0,349.396,in,paragraph
269,266.0,339.347,290.0,339.347,290.0,349.396,266.0,349.396,Eq.,paragraph
270,298.0,339.347,324.0,339.347,324.0,349.396,298.0,349.396,(9),,paragraph
271,332.0,339.347,363.0,339.347,363.0,349.396,332.0,349.396,such,paragraph
272,371.0,339.347,401.0,339.347,401.0,349.396,371.0,349.396,that,paragraph
273,409.0,339.347,432.0,339.347,432.0,349.396,409.0,349.396,the,paragraph
274,440.0,339.347,488.0,339.347,488.0,349.396,440.0,349.396,system,paragraph
275,230.0,343.212,236.0,343.212,236.0,350.169,230.0,350.169,c,paragraph
276,517.0,342.439,549.0,342.439,549.0,351.71500000000003,517.0,351.71500000000003,tions,caption
277,554.0,342.439,567.0,342.439,567.0,351.71500000000003,554.0,351.71500000000003,in,caption
278,572.0,342.439,592.0,342.439,592.0,351.71500000000003,572.0,351.71500000000003,the,caption
279,597.0,342.439,650.0,342.439,650.0,351.71500000000003,597.0,351.71500000000003,primary,caption
280,654.0,342.439,695.0,342.439,695.0,351.71500000000003,654.0,351.71500000000003,lattice,caption
281,700.0,342.439,748.0,342.439,748.0,351.71500000000003,700.0,351.71500000000003,created,caption
282,753.0,342.439,769.0,342.439,769.0,351.71500000000003,753.0,351.71500000000003,by,caption
283,773.0,342.439,837.0,342.439,837.0,351.71500000000003,773.0,351.71500000000003,unwanted,caption
284,841.0,342.439,918.0,342.439,918.0,351.71500000000003,841.0,351.71500000000003,interactions,caption
285,88.0,350.942,112.0,350.942,112.0,360.99100000000004,88.0,360.99100000000004,can,paragraph
286,118.0,350.942,135.0,350.942,135.0,360.99100000000004,118.0,360.99100000000004,be,paragraph
287,141.0,350.942,209.0,350.942,209.0,360.99100000000004,141.0,360.99100000000004,simulated,paragraph
288,215.0,350.942,288.0,350.942,288.0,360.99100000000004,215.0,360.99100000000004,classically.,paragraph
289,297.0,350.942,319.0,350.942,319.0,360.99100000000004,297.0,360.99100000000004,We,paragraph
290,325.0,350.942,356.0,350.942,356.0,360.99100000000004,325.0,360.99100000000004,note,paragraph
291,362.0,350.942,391.0,350.942,391.0,360.99100000000004,362.0,360.99100000000004,that,paragraph
292,397.0,350.942,416.0,350.942,416.0,360.99100000000004,397.0,360.99100000000004,we,paragraph
293,422.0,350.942,468.0,350.942,468.0,360.99100000000004,422.0,360.99100000000004,choose,paragraph
294,474.0,350.942,488.0,350.942,488.0,360.99100000000004,474.0,360.99100000000004,to,paragraph
295,517.0,353.261,547.0,353.261,547.0,361.764,517.0,361.764,with,caption
296,552.0,353.261,573.0,353.261,573.0,361.764,552.0,361.764,the,caption
297,578.0,353.261,663.0,353.261,663.0,361.764,578.0,361.764,environment.,caption
298,670.0,353.261,681.0,353.261,681.0,361.764,670.0,361.764,A,caption
299,686.0,353.261,724.0,353.261,724.0,361.764,686.0,361.764,group,caption
300,729.0,353.261,741.0,353.261,741.0,361.764,729.0,361.764,of,caption
301,746.0,353.261,794.0,353.261,794.0,361.764,746.0,361.764,shadow,caption
302,799.0,353.261,840.0,353.261,840.0,361.764,799.0,361.764,lattice,caption
303,845.0,353.261,885.0,353.261,885.0,361.764,845.0,361.764,qubits,caption
304,890.0,353.261,918.0,353.261,918.0,361.764,890.0,361.764,may,caption
305,88.0,361.764,122.0,361.764,122.0,371.813,88.0,371.813,work,paragraph
306,127.0,361.764,140.0,361.764,140.0,371.813,127.0,371.813,in,paragraph
307,145.0,361.764,171.0,361.764,171.0,371.813,145.0,371.813,this,paragraph
308,175.0,361.764,209.0,361.764,209.0,371.813,175.0,371.813,limit,paragraph
309,213.0,361.764,279.0,361.764,279.0,371.813,213.0,371.813,primarily,paragraph
310,283.0,361.764,303.0,361.764,303.0,371.813,283.0,371.813,for,paragraph
311,307.0,361.764,359.0,361.764,359.0,371.813,307.0,371.813,reasons,paragraph
312,363.0,361.764,376.0,361.764,376.0,371.813,363.0,371.813,of,paragraph
313,381.0,361.764,469.0,361.764,469.0,371.813,381.0,371.813,convenience,,paragraph
314,474.0,361.764,488.0,361.764,488.0,371.813,474.0,371.813,as,paragraph
315,517.0,363.31,533.0,363.31,533.0,371.813,517.0,371.813,be,caption
316,537.0,363.31,580.0,363.31,580.0,371.813,537.0,371.813,shared,caption
317,584.0,363.31,637.0,363.31,637.0,371.813,584.0,371.813,between,caption
318,641.0,363.31,695.0,363.31,695.0,371.813,641.0,371.813,multiple,caption
319,699.0,363.31,751.0,363.31,751.0,371.813,699.0,371.813,primary,caption
320,755.0,363.31,800.0,363.31,800.0,371.813,755.0,371.813,qubits,,caption
321,804.0,363.31,828.0,363.31,828.0,371.813,804.0,371.813,and,caption
322,832.0,363.31,853.0,363.31,853.0,371.813,832.0,371.813,the,caption
323,857.0,363.31,918.0,363.31,918.0,371.813,857.0,371.813,couplings,caption
324,88.0,373.359,126.0,373.359,126.0,382.635,88.0,382.635,being,paragraph
325,133.0,373.359,162.0,373.359,162.0,382.635,133.0,382.635,able,paragraph
326,168.0,373.359,183.0,373.359,183.0,382.635,168.0,382.635,to,paragraph
327,190.0,373.359,233.0,373.359,233.0,382.635,190.0,382.635,ignore,paragraph
328,240.0,373.359,262.0,373.359,262.0,382.635,240.0,382.635,the,paragraph
329,269.0,373.359,354.0,373.359,354.0,382.635,269.0,382.635,propagating,paragraph
330,361.0,373.359,408.0,373.359,408.0,382.635,361.0,382.635,bosons,paragraph
331,415.0,373.359,458.0,373.359,458.0,382.635,415.0,382.635,makes,paragraph
332,465.0,373.359,488.0,373.359,488.0,382.635,465.0,382.635,nu-,paragraph
333,517.0,373.359,558.0,373.359,558.0,381.862,517.0,381.862,shown,caption
334,562.0,373.359,589.0,373.359,589.0,381.862,562.0,381.862,here,caption
335,593.0,373.359,613.0,373.359,613.0,381.862,593.0,381.862,are,caption
336,617.0,373.359,661.0,373.359,661.0,381.862,617.0,381.862,merely,caption
337,664.0,373.359,680.0,373.359,680.0,381.862,664.0,381.862,an,caption
338,683.0,373.359,737.0,373.359,737.0,381.862,683.0,381.862,example,caption
339,741.0,373.359,843.0,373.359,843.0,381.862,741.0,381.862,implementation,caption
340,847.0,373.359,886.0,373.359,886.0,381.862,847.0,381.862,where,caption
341,889.0,373.359,918.0,373.359,918.0,381.862,889.0,381.862,each,caption
342,88.0,384.181,139.0,384.181,139.0,394.23,88.0,394.23,merical,paragraph
343,146.0,384.181,226.0,384.181,226.0,394.23,146.0,394.23,simulations,paragraph
344,233.0,384.181,322.0,384.181,322.0,394.23,233.0,394.23,dramatically,paragraph
345,329.0,384.181,385.0,384.181,385.0,394.23,329.0,394.23,simpler.,paragraph
346,396.0,384.181,407.0,384.181,407.0,394.23,396.0,394.23,If,paragraph
347,414.0,384.181,455.0,384.181,455.0,394.23,414.0,394.23,boson,paragraph
348,462.0,384.181,488.0,384.181,488.0,394.23,462.0,394.23,cre-,paragraph
349,517.0,383.408,555.0,383.408,555.0,392.684,517.0,392.684,group,caption
350,560.0,383.408,572.0,383.408,572.0,392.684,560.0,392.684,of,caption
351,576.0,383.408,604.0,383.408,604.0,392.684,576.0,392.684,nine,caption
352,609.0,383.408,657.0,383.408,657.0,392.684,609.0,392.684,shadow,caption
353,661.0,383.408,702.0,383.408,702.0,392.684,661.0,392.684,lattice,caption
354,707.0,383.408,748.0,383.408,748.0,392.684,707.0,392.684,qubits,caption
355,752.0,383.408,762.0,383.408,762.0,392.684,752.0,392.684,is,caption
356,767.0,383.408,810.0,383.408,810.0,392.684,767.0,392.684,shared,caption
357,814.0,383.408,830.0,383.408,830.0,392.684,814.0,392.684,by,caption
358,835.0,383.408,861.0,383.408,861.0,392.684,835.0,392.684,four,caption
359,866.0,383.408,918.0,383.408,918.0,392.684,866.0,392.684,primary,caption
360,88.0,395.776,124.0,395.776,124.0,405.052,88.0,405.052,ation,paragraph
361,130.0,395.776,156.0,395.776,156.0,405.052,130.0,405.052,and,paragraph
362,162.0,395.776,247.0,395.776,247.0,405.052,162.0,405.052,annihilation,paragraph
363,253.0,395.776,264.0,395.776,264.0,405.052,253.0,405.052,is,paragraph
364,270.0,395.776,347.0,395.776,347.0,405.052,270.0,405.052,signiﬁcant,,paragraph
365,353.0,395.776,372.0,395.776,372.0,405.052,353.0,405.052,we,paragraph
366,378.0,395.776,424.0,395.776,424.0,405.052,378.0,405.052,expect,paragraph
367,430.0,395.776,460.0,395.776,460.0,405.052,430.0,405.052,that,paragraph
368,466.0,395.776,488.0,395.776,488.0,405.052,466.0,405.052,the,paragraph
369,517.0,394.23,558.0,394.23,558.0,402.733,517.0,402.733,lattice,caption
370,564.0,394.23,609.0,394.23,609.0,402.733,564.0,402.733,qubits.,caption
371,618.0,394.23,644.0,394.23,644.0,402.733,618.0,402.733,The,caption
372,650.0,394.23,699.0,394.23,699.0,402.733,650.0,402.733,shadow,caption
373,704.0,394.23,745.0,394.23,745.0,402.733,704.0,402.733,lattice,caption
374,751.0,394.23,792.0,394.23,792.0,402.733,751.0,402.733,qubits,caption
375,798.0,394.23,840.0,394.23,840.0,402.733,798.0,402.733,within,caption
376,846.0,394.23,874.0,394.23,874.0,402.733,846.0,402.733,each,caption
377,880.0,394.23,918.0,394.23,918.0,402.733,880.0,402.733,group,caption
378,88.0,406.598,123.0,406.598,123.0,416.64700000000005,88.0,416.64700000000005,basic,paragraph
379,131.0,406.598,198.0,406.598,198.0,416.64700000000005,131.0,416.64700000000005,behaviors,paragraph
380,206.0,406.598,268.0,406.598,268.0,416.64700000000005,206.0,416.64700000000005,observed,paragraph
381,276.0,406.598,289.0,406.598,289.0,416.64700000000005,276.0,416.64700000000005,in,paragraph
382,297.0,406.598,320.0,406.598,320.0,416.64700000000005,297.0,416.64700000000005,the,paragraph
383,327.0,406.598,374.0,406.598,374.0,416.64700000000005,327.0,416.64700000000005,results,paragraph
384,382.0,406.598,431.0,406.598,431.0,416.64700000000005,382.0,416.64700000000005,section,paragraph
385,438.0,406.598,464.0,406.598,464.0,416.64700000000005,438.0,416.64700000000005,will,paragraph
386,471.0,406.598,488.0,406.598,488.0,416.64700000000005,471.0,416.64700000000005,be,paragraph
387,517.0,404.279,538.0,404.279,538.0,412.78200000000004,517.0,412.78200000000004,are,caption
388,544.0,404.279,581.0,404.279,581.0,412.78200000000004,544.0,412.78200000000004,tuned,caption
389,587.0,404.279,601.0,404.279,601.0,412.78200000000004,587.0,412.78200000000004,so,caption
390,607.0,404.279,634.0,404.279,634.0,412.78200000000004,607.0,412.78200000000004,that,caption
391,641.0,404.279,669.0,404.279,669.0,412.78200000000004,641.0,412.78200000000004,each,caption
392,675.0,404.279,698.0,404.279,698.0,412.78200000000004,675.0,412.78200000000004,one,caption
393,704.0,404.279,726.0,404.279,726.0,412.78200000000004,704.0,412.78200000000004,has,caption
394,732.0,404.279,739.0,404.279,739.0,412.78200000000004,732.0,412.78200000000004,a,caption
395,746.0,404.279,795.0,404.279,795.0,412.78200000000004,746.0,412.78200000000004,distinct,caption
396,801.0,404.279,866.0,404.279,866.0,412.78200000000004,801.0,412.78200000000004,excitation,caption
397,872.0,404.279,918.0,404.279,918.0,412.78200000000004,872.0,412.78200000000004,energy,,caption
398,517.0,414.32800000000003,547.0,414.32800000000003,547.0,422.831,517.0,422.831,with,caption
399,553.0,414.32800000000003,573.0,414.32800000000003,573.0,422.831,553.0,422.831,the,caption
400,579.0,414.32800000000003,631.0,414.32800000000003,631.0,422.831,579.0,422.831,energies,caption
401,637.0,414.32800000000003,680.0,414.32800000000003,680.0,422.831,637.0,422.831,chosen,caption
402,686.0,414.32800000000003,699.0,414.32800000000003,699.0,422.831,686.0,422.831,to,caption
403,705.0,414.32800000000003,746.0,414.32800000000003,746.0,422.831,705.0,422.831,match,caption
404,751.0,414.32800000000003,815.0,414.32800000000003,815.0,422.831,751.0,422.831,transition,caption
405,821.0,414.32800000000003,873.0,414.32800000000003,873.0,422.831,821.0,422.831,energies,caption
406,879.0,414.32800000000003,891.0,414.32800000000003,891.0,422.831,879.0,422.831,in,caption
407,897.0,414.32800000000003,918.0,414.32800000000003,918.0,422.831,897.0,422.831,the,caption
408,88.0,418.19300000000004,168.0,418.19300000000004,168.0,427.46900000000005,88.0,427.46900000000005,unchanged,,paragraph
409,173.0,418.19300000000004,223.0,418.19300000000004,223.0,427.46900000000005,173.0,427.46900000000005,though,paragraph
410,228.0,418.19300000000004,250.0,418.19300000000004,250.0,427.46900000000005,228.0,427.46900000000005,the,paragraph
411,255.0,418.19300000000004,317.0,418.19300000000004,317.0,427.46900000000005,255.0,427.46900000000005,resulting,paragraph
412,322.0,418.19300000000004,369.0,418.19300000000004,369.0,427.46900000000005,322.0,427.46900000000005,energy,paragraph
413,374.0,418.19300000000004,411.0,418.19300000000004,411.0,427.46900000000005,374.0,427.46900000000005,shifts,paragraph
414,416.0,418.19300000000004,446.0,418.19300000000004,446.0,427.46900000000005,416.0,427.46900000000005,may,paragraph
415,451.0,418.19300000000004,488.0,418.19300000000004,488.0,427.46900000000005,451.0,427.46900000000005,make,paragraph
416,517.0,424.377,570.0,424.377,570.0,432.88000000000005,517.0,432.88000000000005,primary,caption
417,574.0,424.377,619.0,424.377,619.0,432.88000000000005,574.0,432.88000000000005,lattice.,caption
418,626.0,424.377,655.0,424.377,655.0,432.88000000000005,626.0,432.88000000000005,This,caption
419,659.0,424.377,723.0,424.377,723.0,432.88000000000005,659.0,432.88000000000005,resonance,caption
420,727.0,424.377,788.0,424.377,788.0,432.88000000000005,727.0,432.88000000000005,condition,caption
421,793.0,424.377,825.0,424.377,825.0,432.88000000000005,793.0,432.88000000000005,leads,caption
422,830.0,424.377,843.0,424.377,843.0,432.88000000000005,830.0,432.88000000000005,to,caption
423,847.0,424.377,882.0,424.377,882.0,432.88000000000005,847.0,432.88000000000005,rapid,caption
424,886.0,424.377,918.0,424.377,918.0,432.88000000000005,886.0,432.88000000000005,error,caption
425,88.0,429.01500000000004,138.0,429.01500000000004,138.0,439.06399999999996,88.0,439.06399999999996,passive,paragraph
426,143.0,429.01500000000004,185.0,429.01500000000004,185.0,439.06399999999996,143.0,439.06399999999996,anyon,paragraph
427,191.0,429.01500000000004,246.0,429.01500000000004,246.0,439.06399999999996,191.0,439.06399999999996,removal,paragraph
428,251.0,429.01500000000004,322.0,429.01500000000004,322.0,439.06399999999996,251.0,439.06399999999996,somewhat,paragraph
429,327.0,429.01500000000004,352.0,429.01500000000004,352.0,439.06399999999996,327.0,439.06399999999996,less,paragraph
430,357.0,429.01500000000004,417.0,429.01500000000004,417.0,439.06399999999996,357.0,439.06399999999996,eﬃcient.,paragraph
431,517.0,434.42600000000004,587.0,434.42600000000004,587.0,443.70199999999994,517.0,443.70199999999994,correction,,caption
432,592.0,434.42600000000004,626.0,434.42600000000004,626.0,443.70199999999994,592.0,443.70199999999994,while,caption
433,630.0,434.42600000000004,728.0,434.42600000000004,728.0,443.70199999999994,630.0,443.70199999999994,simultaneously,caption
434,732.0,434.42600000000004,805.0,434.42600000000004,805.0,443.70199999999994,732.0,443.70199999999994,minimizing,caption
435,810.0,434.42600000000004,876.0,434.42600000000004,876.0,443.70199999999994,810.0,443.70199999999994,additional,caption
436,880.0,434.42600000000004,918.0,434.42600000000004,918.0,443.70199999999994,880.0,443.70199999999994,errors,caption
437,104.0,440.60999999999996,127.0,440.60999999999996,127.0,450.659,104.0,450.659,We,paragraph
438,132.0,440.60999999999996,161.0,440.60999999999996,161.0,450.659,132.0,450.659,now,paragraph
439,167.0,440.60999999999996,225.0,440.60999999999996,225.0,450.659,167.0,450.659,consider,paragraph
440,231.0,440.60999999999996,253.0,440.60999999999996,253.0,450.659,231.0,450.659,the,paragraph
441,259.0,440.60999999999996,297.0,440.60999999999996,297.0,450.659,259.0,450.659,eﬀect,paragraph
442,303.0,440.60999999999996,316.0,440.60999999999996,316.0,450.659,303.0,450.659,of,paragraph
443,322.0,440.60999999999996,381.0,440.60999999999996,381.0,450.659,322.0,450.659,coupling,paragraph
444,387.0,440.60999999999996,413.0,440.60999999999996,413.0,450.659,387.0,450.659,this,paragraph
445,419.0,440.60999999999996,468.0,440.60999999999996,468.0,450.659,419.0,450.659,system,paragraph
446,474.0,440.60999999999996,488.0,440.60999999999996,488.0,450.659,474.0,450.659,to,paragraph
447,517.0,445.248,581.0,445.248,581.0,453.751,517.0,453.751,generated,caption
448,586.0,445.248,602.0,445.248,602.0,453.751,586.0,453.751,by,caption
449,607.0,445.248,628.0,445.248,628.0,453.751,607.0,453.751,the,caption
450,633.0,445.248,681.0,445.248,681.0,453.751,633.0,453.751,shadow,caption
451,686.0,445.248,727.0,445.248,727.0,453.751,686.0,453.751,lattice,caption
452,732.0,445.248,768.0,445.248,768.0,453.751,732.0,453.751,itself.,caption
453,88.0,452.205,96.0,452.205,96.0,461.481,88.0,461.481,a,paragraph
454,103.0,452.205,155.0,452.205,155.0,461.481,103.0,461.481,shadow,paragraph
455,161.0,452.205,210.0,452.205,210.0,461.481,161.0,461.481,lattice,,paragraph
456,217.0,452.205,232.0,452.205,232.0,461.481,217.0,461.481,as,paragraph
457,239.0,452.205,283.0,452.205,283.0,461.481,239.0,461.481,shown,paragraph
458,289.0,452.205,303.0,452.205,303.0,461.481,289.0,461.481,in,paragraph
459,310.0,452.205,344.0,452.205,344.0,461.481,310.0,461.481,FIG.,paragraph
460,350.0,452.205,363.0,452.205,363.0,461.481,350.0,461.481,2.,paragraph
461,374.0,452.205,389.0,452.205,389.0,461.481,374.0,461.481,In,paragraph
462,396.0,452.205,422.0,452.205,422.0,461.481,396.0,461.481,this,paragraph
463,429.0,452.205,463.0,452.205,463.0,461.481,429.0,461.481,case,,paragraph
464,470.0,452.205,488.0,452.205,488.0,461.481,470.0,461.481,we,paragraph
465,88.0,463.027,113.0,463.027,113.0,473.07599999999996,88.0,473.07599999999996,will,paragraph
466,118.0,463.027,148.0,463.027,148.0,473.07599999999996,118.0,473.07599999999996,take,paragraph
467,154.0,463.027,176.0,463.027,176.0,473.07599999999996,154.0,473.07599999999996,the,paragraph
468,182.0,463.027,234.0,463.027,234.0,473.07599999999996,182.0,473.07599999999996,shadow,paragraph
469,238.0,463.027,284.0,463.027,284.0,501.677,238.0,501.677,(cid:88)lattice,equation
470,289.0,463.027,349.0,463.027,349.0,473.07599999999996,289.0,473.07599999999996,coupling,paragraph
471,354.0,463.027,369.0,463.027,369.0,473.07599999999996,354.0,473.07599999999996,to,paragraph
472,374.0,463.027,391.0,463.027,391.0,473.07599999999996,374.0,473.07599999999996,be,paragraph
473,396.0,463.027,409.0,463.027,409.0,473.07599999999996,396.0,473.07599999999996,of,paragraph
474,415.0,463.027,437.0,463.027,437.0,473.07599999999996,415.0,473.07599999999996,the,paragraph
475,443.0,463.027,480.0,463.027,480.0,473.07599999999996,443.0,473.07599999999996,form:,paragraph
476,517.0,480.806,544.0,480.806,544.0,490.082,517.0,490.082,and,paragraph
477,550.0,480.806,620.0,480.806,620.0,490.082,550.0,490.082,single-site,paragraph
478,627.0,480.806,683.0,480.806,683.0,490.082,627.0,490.082,energies,paragraph
479,689.0,480.806,731.0,480.806,731.0,490.082,689.0,490.082,which,paragraph
480,737.0,480.806,759.0,480.806,759.0,490.082,737.0,490.082,are,paragraph
481,765.0,480.806,826.0,480.806,826.0,490.082,765.0,490.082,resonant,paragraph
482,832.0,480.806,864.0,480.806,864.0,490.082,832.0,490.082,with,paragraph
483,870.0,480.806,918.0,480.806,918.0,490.082,870.0,490.082,excita-,paragraph
484,138.0,497.039,152.0,497.039,152.0,507.088,138.0,507.088,H,equation
485,175.0,497.039,188.0,497.039,188.0,507.088,175.0,507.088,+,equation
486,191.0,497.039,205.0,497.039,205.0,507.088,191.0,507.088,H,equation
487,219.0,497.039,231.0,497.039,231.0,507.088,219.0,507.088,=,equation
488,251.0,493.947,278.0,493.947,278.0,530.278,251.0,530.278,(cid:88)Ω,equation
489,305.0,495.493,341.0,495.493,341.0,507.088,305.0,507.088,σxσx,equation
490,365.0,497.039,378.0,497.039,378.0,507.088,365.0,507.088,+,equation
491,382.0,494.72,416.0,494.72,416.0,507.088,382.0,507.088,σyσy,equation
492,459.0,497.039,488.0,497.039,488.0,507.088,459.0,507.088,(12),paragraph
493,517.0,491.628,552.0,491.628,552.0,501.677,517.0,501.677,tions,paragraph
494,560.0,491.628,574.0,491.628,574.0,501.677,560.0,501.677,in,paragraph
495,582.0,491.628,604.0,491.628,604.0,501.677,582.0,501.677,the,paragraph
496,613.0,491.628,669.0,491.628,669.0,501.677,613.0,501.677,primary,paragraph
497,677.0,491.628,726.0,491.628,726.0,501.677,677.0,501.677,lattice.,paragraph
498,741.0,491.628,760.0,491.628,760.0,501.677,741.0,501.677,As,paragraph
499,768.0,491.628,787.0,491.628,787.0,501.677,768.0,501.677,we,paragraph
500,795.0,491.628,861.0,491.628,861.0,501.677,795.0,501.677,remarked,paragraph
501,869.0,491.628,918.0,491.628,918.0,501.677,869.0,501.677,earlier,,paragraph
502,152.0,500.904,170.0,500.904,170.0,507.86100000000005,152.0,507.86100000000005,PS,equation
503,205.0,500.904,213.0,500.904,213.0,507.86100000000005,205.0,507.86100000000005,S,equation
504,278.0,500.904,304.0,500.904,304.0,507.86100000000005,278.0,507.86100000000005,mn0,equation
505,315.0,501.677,319.0,501.677,319.0,508.634,315.0,508.634,i,equation
506,333.0,501.677,360.0,501.677,360.0,508.634,333.0,508.634,mnS,equation
507,391.0,502.45000000000005,396.0,502.45000000000005,396.0,509.40700000000004,391.0,509.40700000000004,i,equation
508,409.0,502.45000000000005,436.0,502.45000000000005,436.0,509.40700000000004,409.0,509.40700000000004,mnS,equation
509,517.0,503.223,536.0,503.223,536.0,512.499,517.0,512.499,we,paragraph
510,542.0,503.223,588.0,503.223,588.0,512.499,542.0,512.499,expect,paragraph
511,593.0,503.223,623.0,503.223,623.0,512.499,593.0,512.499,that,paragraph
512,629.0,503.223,652.0,503.223,652.0,512.499,629.0,512.499,the,paragraph
513,657.0,503.223,733.0,503.223,733.0,512.499,657.0,512.499,underlying,paragraph
514,738.0,503.223,802.0,503.223,802.0,512.499,738.0,512.499,quantum,paragraph
515,807.0,503.223,851.0,503.223,851.0,512.499,807.0,512.499,device,paragraph
516,857.0,503.223,918.0,503.223,918.0,512.499,857.0,512.499,architec-,paragraph
517,236.0,510.95300000000003,264.0,510.95300000000003,264.0,517.9100000000001,236.0,517.9100000000001,i,mn,equation
518,517.0,514.0450000000001,546.0,514.0450000000001,546.0,524.094,517.0,524.094,ture,paragraph
519,553.0,514.0450000000001,579.0,514.0450000000001,579.0,524.094,553.0,524.094,will,paragraph
520,586.0,514.0450000000001,602.0,514.0450000000001,602.0,524.094,586.0,524.094,be,paragraph
521,609.0,514.0450000000001,654.0,514.0450000000001,654.0,524.094,609.0,524.094,driven,paragraph
522,660.0,514.0450000000001,687.0,514.0450000000001,687.0,524.094,660.0,524.094,and,paragraph
523,693.0,514.0450000000001,745.0,514.0450000000001,745.0,524.094,693.0,524.094,studied,paragraph
524,752.0,514.0450000000001,766.0,514.0450000000001,766.0,524.094,752.0,524.094,in,paragraph
525,772.0,514.0450000000001,781.0,514.0450000000001,781.0,524.094,772.0,524.094,a,paragraph
526,787.0,514.0450000000001,844.0,514.0450000000001,844.0,524.094,787.0,524.094,rotating,paragraph
527,851.0,514.0450000000001,896.0,514.0450000000001,896.0,524.094,851.0,524.094,frame,,paragraph
528,903.0,514.0450000000001,918.0,514.0450000000001,918.0,524.094,903.0,524.094,so,paragraph
529,279.0,519.456,290.0,519.456,290.0,528.7320000000001,279.0,528.7320000000001,ω,equation
530,236.0,525.64,249.0,525.64,249.0,535.689,236.0,535.689,+,equation
531,290.0,523.321,309.0,523.321,309.0,529.505,290.0,529.505,mn,equation
532,312.0,524.094,328.0,524.094,328.0,535.689,312.0,535.689,σz,equation
533,350.0,525.64,355.0,525.64,355.0,535.689,350.0,535.689,,,equation
534,517.0,525.64,540.0,525.64,540.0,534.9159999999999,517.0,534.9159999999999,the,paragraph
535,545.0,525.64,597.0,525.64,597.0,534.9159999999999,545.0,534.9159999999999,shadow,paragraph
536,602.0,525.64,646.0,525.64,646.0,534.9159999999999,602.0,534.9159999999999,lattice,paragraph
537,651.0,525.64,707.0,525.64,707.0,534.9159999999999,651.0,534.9159999999999,energies,paragraph
538,712.0,525.64,737.0,525.64,737.0,534.9159999999999,712.0,534.9159999999999,will,paragraph
539,742.0,525.64,807.0,525.64,807.0,534.9159999999999,742.0,534.9159999999999,represent,paragraph
540,811.0,525.64,880.0,525.64,880.0,534.9159999999999,811.0,534.9159999999999,detunings,paragraph
541,885.0,525.64,918.0,525.64,918.0,534.9159999999999,885.0,534.9159999999999,from,paragraph
542,291.0,532.597,299.0,532.597,299.0,541.8729999999999,291.0,541.8729999999999,2,equation
543,321.0,530.278,349.0,530.278,349.0,537.235,321.0,537.235,mnS,equation
544,253.0,539.554,273.0,539.554,273.0,545.7379999999999,253.0,545.7379999999999,mn,equation
545,517.0,536.462,540.0,536.462,540.0,546.511,517.0,546.511,the,paragraph
546,545.0,536.462,601.0,536.462,601.0,546.511,545.0,546.511,primary,paragraph
547,606.0,536.462,643.0,536.462,643.0,546.511,606.0,546.511,qubit,paragraph
548,648.0,536.462,730.0,536.462,730.0,546.511,648.0,546.511,frequencies.,paragraph
549,737.0,536.462,765.0,536.462,765.0,546.511,737.0,546.511,The,paragraph
550,769.0,536.462,829.0,536.462,829.0,546.511,769.0,546.511,coupling,paragraph
551,833.0,536.462,891.0,536.462,891.0,546.511,833.0,546.511,between,paragraph
552,895.0,536.462,918.0,536.462,918.0,546.511,895.0,546.511,the,paragraph
553,517.0,548.057,543.0,548.057,543.0,557.333,517.0,557.333,two,paragraph
554,549.0,548.057,600.0,548.057,600.0,557.333,549.0,557.333,lattices,paragraph
555,606.0,548.057,651.0,548.057,651.0,557.333,606.0,557.333,causes,paragraph
556,657.0,548.057,733.0,548.057,733.0,557.333,657.0,557.333,excitations,paragraph
557,740.0,548.057,754.0,548.057,754.0,557.333,740.0,557.333,to,paragraph
558,760.0,548.057,806.0,548.057,806.0,557.333,760.0,557.333,tunnel,paragraph
559,812.0,548.057,844.0,548.057,844.0,557.333,812.0,557.333,back,paragraph
560,851.0,548.057,877.0,548.057,877.0,557.333,851.0,557.333,and,paragraph
561,883.0,548.057,918.0,548.057,918.0,557.333,883.0,557.333,forth,paragraph
562,517.0,558.879,551.0,558.879,551.0,568.928,517.0,568.928,from,paragraph
563,555.0,558.879,578.0,558.879,578.0,568.928,555.0,568.928,the,paragraph
564,583.0,558.879,640.0,558.879,640.0,568.928,583.0,568.928,primary,paragraph
565,645.0,558.879,689.0,558.879,689.0,568.928,645.0,568.928,lattice,paragraph
566,694.0,558.879,708.0,558.879,708.0,568.928,694.0,568.928,to,paragraph
567,713.0,558.879,736.0,558.879,736.0,568.928,713.0,568.928,the,paragraph
568,741.0,558.879,793.0,558.879,793.0,568.928,741.0,568.928,shadow,paragraph
569,798.0,558.879,847.0,558.879,847.0,568.928,798.0,568.928,lattice,,paragraph
570,852.0,558.879,876.0,558.879,876.0,568.928,852.0,568.928,but,paragraph
571,881.0,558.879,918.0,558.879,918.0,568.928,881.0,568.928,when,paragraph
572,104.0,561.971,146.0,561.971,146.0,571.247,104.0,571.247,where,paragraph
573,151.0,561.971,174.0,561.971,174.0,571.247,151.0,571.247,the,paragraph
574,179.0,561.971,210.0,561.971,210.0,571.247,179.0,571.247,sites,paragraph
575,215.0,561.971,221.0,561.971,221.0,571.247,215.0,571.247,i,paragraph
576,226.0,561.971,248.0,561.971,248.0,571.247,226.0,571.247,are,paragraph
577,253.0,561.971,288.0,561.971,288.0,571.247,253.0,571.247,spins,paragraph
578,293.0,561.971,311.0,561.971,311.0,571.247,293.0,571.247,on,paragraph
579,316.0,561.971,338.0,561.971,338.0,571.247,316.0,571.247,the,paragraph
580,344.0,561.971,400.0,561.971,400.0,571.247,344.0,571.247,primary,paragraph
581,406.0,561.971,445.0,561.971,445.0,571.247,406.0,571.247,(toric,paragraph
582,450.0,561.971,488.0,561.971,488.0,571.247,450.0,571.247,code),paragraph
583,517.0,570.474,540.0,570.474,540.0,579.75,517.0,579.75,the,paragraph
584,546.0,570.474,616.0,570.474,616.0,579.75,546.0,579.75,excitation,paragraph
585,621.0,570.474,632.0,570.474,632.0,579.75,621.0,579.75,is,paragraph
586,638.0,570.474,655.0,570.474,655.0,579.75,638.0,579.75,on,paragraph
587,661.0,570.474,683.0,570.474,683.0,579.75,661.0,579.75,the,paragraph
588,689.0,570.474,741.0,570.474,741.0,579.75,689.0,579.75,shadow,paragraph
589,746.0,570.474,791.0,570.474,791.0,579.75,746.0,579.75,lattice,paragraph
590,796.0,570.474,807.0,570.474,807.0,579.75,796.0,579.75,it,paragraph
591,813.0,570.474,859.0,570.474,859.0,579.75,813.0,579.75,decays,paragraph
592,865.0,570.474,918.0,570.474,918.0,579.75,865.0,579.75,rapidly,,paragraph
593,88.0,572.793,132.0,572.793,132.0,582.842,88.0,582.842,lattice,paragraph
594,140.0,572.793,166.0,572.793,166.0,582.842,140.0,582.842,and,paragraph
595,174.0,572.793,197.0,572.793,197.0,582.842,174.0,582.842,the,paragraph
596,205.0,572.793,229.0,572.793,229.0,582.842,205.0,582.842,mn,paragraph
597,236.0,572.793,267.0,572.793,267.0,582.842,236.0,582.842,sites,paragraph
598,275.0,572.793,297.0,572.793,297.0,582.842,275.0,582.842,are,paragraph
599,305.0,572.793,340.0,572.793,340.0,582.842,305.0,582.842,spins,paragraph
600,348.0,572.793,365.0,572.793,365.0,582.842,348.0,582.842,on,paragraph
601,373.0,572.793,396.0,572.793,396.0,582.842,373.0,582.842,the,paragraph
602,404.0,572.793,456.0,572.793,456.0,582.842,404.0,582.842,shadow,paragraph
603,464.0,572.793,488.0,572.793,488.0,582.842,464.0,582.842,lat-,paragraph
604,517.0,581.296,583.0,581.296,583.0,591.345,517.0,591.345,removing,paragraph
605,590.0,581.296,637.0,581.296,637.0,591.345,590.0,591.345,energy,paragraph
606,644.0,581.296,677.0,581.296,677.0,591.345,644.0,591.345,from,paragraph
607,684.0,581.296,707.0,581.296,707.0,591.345,684.0,591.345,the,paragraph
608,714.0,581.296,781.0,581.296,781.0,591.345,714.0,591.345,combined,paragraph
609,788.0,581.296,837.0,581.296,837.0,591.345,788.0,591.345,system,paragraph
610,844.0,581.296,870.0,581.296,870.0,591.345,844.0,591.345,and,paragraph
611,878.0,581.296,918.0,581.296,918.0,591.345,878.0,591.345,relax-,paragraph
612,88.0,584.388,118.0,584.388,118.0,593.664,88.0,593.664,tice.,paragraph
613,130.0,584.388,153.0,584.388,153.0,593.664,130.0,593.664,We,paragraph
614,160.0,584.388,206.0,584.388,206.0,593.664,160.0,593.664,choose,paragraph
615,213.0,584.388,222.0,584.388,222.0,593.664,213.0,593.664,a,paragraph
616,229.0,584.388,276.0,584.388,276.0,593.664,229.0,593.664,double,paragraph
617,283.0,584.388,321.0,584.388,321.0,593.664,283.0,593.664,index,paragraph
618,329.0,584.388,343.0,584.388,343.0,593.664,329.0,593.664,to,paragraph
619,350.0,584.388,397.0,584.388,397.0,593.664,350.0,593.664,denote,paragraph
620,404.0,584.388,457.0,584.388,457.0,593.664,404.0,593.664,shadow,paragraph
621,464.0,584.388,488.0,584.388,488.0,593.664,464.0,593.664,lat-,paragraph
622,517.0,592.118,539.0,592.118,539.0,602.167,517.0,602.167,ing,paragraph
623,545.0,592.118,568.0,592.118,568.0,602.167,545.0,602.167,the,paragraph
624,573.0,592.118,630.0,592.118,630.0,602.167,573.0,602.167,primary,paragraph
625,636.0,592.118,680.0,592.118,680.0,602.167,636.0,602.167,lattice,paragraph
626,686.0,592.118,719.0,592.118,719.0,602.167,686.0,602.167,back,paragraph
627,724.0,592.118,773.0,592.118,773.0,602.167,724.0,602.167,toward,paragraph
628,779.0,592.118,796.0,592.118,796.0,602.167,779.0,602.167,its,paragraph
629,802.0,592.118,866.0,592.118,866.0,602.167,802.0,602.167,(rotating,paragraph
630,871.0,592.118,918.0,592.118,918.0,602.167,871.0,602.167,frame),paragraph
631,88.0,595.21,113.0,595.21,113.0,605.259,88.0,605.259,tice,paragraph
632,122.0,595.21,152.0,595.21,152.0,605.259,122.0,605.259,sites,paragraph
633,161.0,595.21,180.0,595.21,180.0,605.259,161.0,605.259,for,paragraph
634,189.0,595.21,241.0,595.21,241.0,605.259,189.0,605.259,reasons,paragraph
635,249.0,595.21,279.0,595.21,279.0,605.259,249.0,605.259,that,paragraph
636,288.0,595.21,313.0,595.21,313.0,605.259,288.0,605.259,will,paragraph
637,321.0,595.21,372.0,595.21,372.0,605.259,321.0,605.259,quickly,paragraph
638,381.0,595.21,434.0,595.21,434.0,605.259,381.0,605.259,become,paragraph
639,442.0,595.21,488.0,595.21,488.0,605.259,442.0,605.259,appar-,paragraph
640,517.0,603.713,567.0,603.713,567.0,612.989,517.0,612.989,ground,paragraph
641,573.0,603.713,612.0,603.713,612.0,612.989,573.0,612.989,state.,paragraph
642,88.0,606.8050000000001,110.0,606.8050000000001,110.0,616.081,88.0,616.081,ent,paragraph
643,116.0,606.8050000000001,161.0,606.8050000000001,161.0,616.081,116.0,616.081,below;,paragraph
644,167.0,606.8050000000001,180.0,606.8050000000001,180.0,616.081,167.0,616.081,in,paragraph
645,186.0,606.8050000000001,261.0,606.8050000000001,261.0,616.081,186.0,616.081,computing,paragraph
646,267.0,606.8050000000001,336.0,606.8050000000001,336.0,616.081,267.0,616.081,transition,paragraph
647,341.0,606.8050000000001,376.0,606.8050000000001,376.0,616.081,341.0,616.081,rates,paragraph
648,382.0,606.8050000000001,437.0,606.8050000000001,437.0,616.081,382.0,616.081,induced,paragraph
649,443.0,606.8050000000001,460.0,606.8050000000001,460.0,616.081,443.0,616.081,by,paragraph
650,466.0,606.8050000000001,488.0,606.8050000000001,488.0,616.081,466.0,616.081,the,paragraph
651,88.0,617.6270000000001,140.0,617.6270000000001,140.0,627.676,88.0,627.676,shadow,paragraph
652,145.0,617.6270000000001,194.0,617.6270000000001,194.0,627.676,145.0,627.676,lattice,,paragraph
653,199.0,617.6270000000001,210.0,617.6270000000001,210.0,627.676,199.0,627.676,it,paragraph
654,216.0,617.6270000000001,227.0,617.6270000000001,227.0,627.676,216.0,627.676,is,paragraph
655,232.0,617.6270000000001,307.0,617.6270000000001,307.0,627.676,232.0,627.676,convenient,paragraph
656,312.0,617.6270000000001,327.0,617.6270000000001,327.0,627.676,312.0,627.676,to,paragraph
657,332.0,617.6270000000001,373.0,617.6270000000001,373.0,627.676,332.0,627.676,group,paragraph
658,378.0,617.6270000000001,401.0,617.6270000000001,401.0,627.676,378.0,627.676,the,paragraph
659,406.0,617.6270000000001,458.0,617.6270000000001,458.0,627.676,406.0,627.676,shadow,paragraph
660,464.0,617.6270000000001,488.0,617.6270000000001,488.0,627.676,464.0,627.676,lat-,paragraph
661,534.0,616.854,562.0,616.854,562.0,626.13,534.0,626.13,The,paragraph
662,565.0,616.854,618.0,616.854,618.0,626.13,565.0,626.13,shadow,paragraph
663,621.0,616.854,665.0,616.854,665.0,626.13,621.0,626.13,lattice,paragraph
664,669.0,616.854,693.0,616.854,693.0,626.13,669.0,626.13,can,paragraph
665,697.0,616.854,714.0,616.854,714.0,626.13,697.0,626.13,be,paragraph
666,717.0,616.854,757.0,616.854,757.0,626.13,717.0,626.13,easily,paragraph
667,760.0,616.854,832.0,616.854,832.0,626.13,760.0,626.13,integrated,paragraph
668,836.0,616.854,860.0,616.854,860.0,626.13,836.0,626.13,out,paragraph
669,863.0,616.854,919.0,616.854,919.0,626.13,863.0,626.13,through,paragraph
670,88.0,629.222,113.0,629.222,113.0,638.4979999999999,88.0,638.4979999999999,tice,paragraph
671,120.0,629.222,164.0,629.222,164.0,638.4979999999999,120.0,638.4979999999999,qubits,paragraph
672,172.0,629.222,189.0,629.222,189.0,638.4979999999999,172.0,638.4979999999999,by,paragraph
673,196.0,629.222,243.0,629.222,243.0,638.4979999999999,196.0,638.4979999999999,shared,paragraph
674,250.0,629.222,283.0,629.222,283.0,638.4979999999999,250.0,638.4979999999999,(and,paragraph
675,290.0,629.222,390.0,629.222,390.0,638.4979999999999,290.0,638.4979999999999,comparatively,paragraph
676,398.0,629.222,441.0,629.222,441.0,638.4979999999999,398.0,638.4979999999999,rapid),paragraph
677,448.0,629.222,488.0,629.222,488.0,638.4979999999999,448.0,638.4979999999999,decay,paragraph
678,517.0,627.676,526.0,627.676,526.0,637.7249999999999,517.0,637.7249999999999,a,paragraph
679,532.0,627.676,583.0,627.676,583.0,637.7249999999999,532.0,637.7249999999999,Fermi’s,paragraph
680,589.0,627.676,636.0,627.676,636.0,637.7249999999999,589.0,637.7249999999999,golden,paragraph
681,641.0,627.676,669.0,627.676,669.0,637.7249999999999,641.0,637.7249999999999,rule,paragraph
682,675.0,627.676,756.0,627.676,756.0,637.7249999999999,675.0,637.7249999999999,calculation,,paragraph
683,762.0,627.676,818.0,627.676,818.0,637.7249999999999,762.0,637.7249999999999,yielding,paragraph
684,824.0,627.676,832.0,627.676,832.0,637.7249999999999,824.0,637.7249999999999,a,paragraph
685,838.0,627.676,858.0,627.676,858.0,637.7249999999999,838.0,637.7249999999999,set,paragraph
686,864.0,627.676,877.0,627.676,877.0,637.7249999999999,864.0,637.7249999999999,of,paragraph
687,883.0,627.676,918.0,627.676,918.0,637.7249999999999,883.0,637.7249999999999,tran-,paragraph
688,88.0,640.044,122.0,640.044,122.0,650.093,88.0,650.093,rates,paragraph
689,127.0,640.044,137.0,640.044,137.0,650.093,127.0,650.093,Γ,paragraph
690,158.0,640.044,163.0,640.044,163.0,650.093,158.0,650.093,,,paragraph
691,168.0,640.044,200.0,640.044,200.0,650.093,168.0,650.093,with,paragraph
692,204.0,640.044,227.0,640.044,227.0,650.093,204.0,650.093,the,paragraph
693,232.0,640.044,266.0,640.044,266.0,650.093,232.0,650.093,label,paragraph
694,271.0,640.044,281.0,640.044,281.0,650.093,271.0,650.093,n,paragraph
695,286.0,640.044,347.0,640.044,347.0,650.093,286.0,650.093,denoting,paragraph
696,352.0,640.044,405.0,640.044,405.0,650.093,352.0,650.093,distinct,paragraph
697,410.0,640.044,448.0,640.044,448.0,650.093,410.0,650.093,qubit,paragraph
698,453.0,640.044,488.0,640.044,488.0,650.093,453.0,650.093,ener-,paragraph
699,517.0,640.044,556.0,640.044,556.0,650.093,517.0,650.093,sition,paragraph
700,563.0,640.044,598.0,640.044,598.0,650.093,563.0,650.093,rates,paragraph
701,605.0,637.7249999999999,631.0,637.7249999999999,631.0,650.093,605.0,650.093,Γαβ,paragraph
702,639.0,640.044,659.0,640.044,659.0,650.093,639.0,650.093,for,paragraph
703,665.0,640.044,688.0,640.044,688.0,650.093,665.0,650.093,the,paragraph
704,695.0,640.044,752.0,640.044,752.0,650.093,695.0,650.093,primary,paragraph
705,759.0,640.044,803.0,640.044,803.0,650.093,759.0,650.093,lattice,paragraph
706,810.0,640.044,824.0,640.044,824.0,650.093,810.0,650.093,to,paragraph
707,831.0,640.044,918.0,640.044,918.0,650.093,831.0,650.093,incoherently,paragraph
708,137.0,643.909,158.0,643.909,158.0,650.866,137.0,650.866,Sm,paragraph
709,615.0,645.4549999999999,629.0,645.4549999999999,629.0,652.412,615.0,652.412,Ri,paragraph
710,88.0,651.639,114.0,651.639,114.0,660.915,88.0,660.915,gies,paragraph
711,120.0,651.639,146.0,651.639,146.0,660.915,120.0,660.915,and,paragraph
712,151.0,651.639,218.0,651.639,218.0,660.915,151.0,660.915,couplings,paragraph
713,223.0,651.639,268.0,651.639,268.0,660.915,223.0,660.915,within,paragraph
714,274.0,651.639,296.0,651.639,296.0,660.915,274.0,660.915,the,paragraph
715,302.0,651.639,343.0,651.639,343.0,660.915,302.0,660.915,group,paragraph
716,348.0,651.639,367.0,651.639,367.0,660.915,348.0,660.915,m.,paragraph
717,375.0,651.639,396.0,651.639,396.0,660.915,375.0,660.915,All,paragraph
718,402.0,651.639,458.0,651.639,458.0,660.915,402.0,660.915,primary,paragraph
719,464.0,651.639,488.0,651.639,488.0,660.915,464.0,660.915,lat-,paragraph
720,517.0,651.639,586.0,651.639,586.0,660.915,517.0,660.915,transition,paragraph
721,590.0,651.639,623.0,651.639,623.0,660.915,590.0,660.915,from,paragraph
722,627.0,651.639,644.0,651.639,644.0,660.915,627.0,660.915,an,paragraph
723,648.0,651.639,689.0,651.639,689.0,660.915,648.0,660.915,initial,paragraph
724,693.0,651.639,728.0,651.639,728.0,660.915,693.0,660.915,state,paragraph
725,731.0,651.639,742.0,651.639,742.0,660.915,731.0,660.915,α,paragraph
726,745.0,651.639,760.0,651.639,760.0,660.915,745.0,660.915,to,paragraph
727,764.0,651.639,772.0,651.639,772.0,660.915,764.0,660.915,a,paragraph
728,775.0,651.639,806.0,651.639,806.0,660.915,775.0,660.915,ﬁnal,paragraph
729,810.0,651.639,844.0,651.639,844.0,660.915,810.0,660.915,state,paragraph
730,848.0,651.639,857.0,651.639,857.0,660.915,848.0,660.915,β,paragraph
731,862.0,651.639,918.0,651.639,918.0,660.915,862.0,660.915,through,paragraph
732,88.0,662.461,113.0,662.461,113.0,672.51,88.0,672.51,tice,paragraph
733,118.0,662.461,149.0,662.461,149.0,672.51,118.0,672.51,sites,paragraph
734,154.0,662.461,200.0,662.461,200.0,672.51,154.0,672.51,couple,paragraph
735,205.0,662.461,219.0,662.461,219.0,672.51,205.0,672.51,to,paragraph
736,224.0,662.461,285.0,662.461,285.0,672.51,224.0,672.51,identical,paragraph
737,290.0,662.461,363.0,662.461,363.0,672.51,290.0,672.51,collections,paragraph
738,368.0,662.461,381.0,662.461,381.0,672.51,368.0,672.51,of,paragraph
739,387.0,662.461,439.0,662.461,439.0,672.51,387.0,672.51,shadow,paragraph
740,444.0,662.461,488.0,662.461,488.0,672.51,444.0,672.51,lattice,paragraph
741,517.0,662.461,526.0,662.461,526.0,672.51,517.0,672.51,a,paragraph
742,532.0,662.461,561.0,662.461,561.0,672.51,532.0,672.51,spin,paragraph
743,567.0,662.461,590.0,662.461,590.0,672.51,567.0,672.51,ﬂip,paragraph
744,596.0,662.461,611.0,662.461,611.0,672.51,596.0,672.51,at,paragraph
745,617.0,662.461,641.0,662.461,641.0,672.51,617.0,672.51,site,paragraph
746,648.0,662.461,658.0,662.461,658.0,672.51,648.0,672.51,i.,paragraph
747,668.0,662.461,690.0,662.461,690.0,672.51,668.0,672.51,We,paragraph
748,697.0,662.461,725.0,662.461,725.0,672.51,697.0,672.51,ﬁrst,paragraph
749,731.0,662.461,789.0,662.461,789.0,672.51,731.0,672.51,consider,paragraph
750,795.0,662.461,818.0,662.461,818.0,672.51,795.0,672.51,the,paragraph
751,824.0,662.461,884.0,662.461,884.0,672.51,824.0,672.51,coupling,paragraph
752,890.0,662.461,904.0,662.461,904.0,672.51,890.0,672.51,of,paragraph
753,910.0,662.461,918.0,662.461,918.0,672.51,910.0,672.51,a,paragraph
754,88.0,673.283,123.0,673.283,123.0,683.332,88.0,683.332,sites;,paragraph
755,130.0,673.283,158.0,673.283,158.0,683.332,130.0,683.332,how,paragraph
756,165.0,673.283,202.0,673.283,202.0,683.332,165.0,683.332,those,paragraph
757,208.0,673.283,248.0,673.283,248.0,683.332,208.0,683.332,terms,paragraph
758,255.0,673.283,276.0,673.283,276.0,683.332,255.0,683.332,are,paragraph
759,283.0,673.283,361.0,673.283,361.0,683.332,283.0,683.332,distributed,paragraph
760,367.0,673.283,392.0,673.283,392.0,683.332,367.0,683.332,will,paragraph
761,399.0,673.283,415.0,673.283,415.0,683.332,399.0,683.332,be,paragraph
762,422.0,673.283,488.0,673.283,488.0,683.332,422.0,683.332,described,paragraph
763,517.0,673.283,547.0,673.283,547.0,683.332,517.0,683.332,spin,paragraph
764,552.0,673.283,566.0,673.283,566.0,683.332,552.0,683.332,at,paragraph
765,572.0,673.283,596.0,673.283,596.0,683.332,572.0,683.332,site,paragraph
766,602.0,673.283,607.0,673.283,607.0,683.332,602.0,683.332,i,paragraph
767,613.0,673.283,627.0,673.283,627.0,683.332,613.0,683.332,to,paragraph
768,633.0,673.283,641.0,673.283,641.0,683.332,633.0,683.332,a,paragraph
769,646.0,673.283,713.0,673.283,713.0,683.332,646.0,683.332,collection,paragraph
770,719.0,673.283,733.0,673.283,733.0,683.332,719.0,683.332,m,paragraph
771,739.0,673.283,752.0,673.283,752.0,683.332,739.0,683.332,of,paragraph
772,757.0,673.283,811.0,673.283,811.0,683.332,757.0,683.332,distinct,paragraph
773,816.0,673.283,868.0,673.283,868.0,683.332,816.0,683.332,shadow,paragraph
774,874.0,673.283,918.0,673.283,918.0,683.332,874.0,683.332,lattice,paragraph
775,88.0,684.878,133.0,684.878,133.0,694.927,88.0,694.927,below.,paragraph
776,142.0,684.878,170.0,684.878,170.0,694.927,142.0,694.927,The,paragraph
777,176.0,684.878,228.0,684.878,228.0,694.927,176.0,694.927,shadow,paragraph
778,234.0,684.878,278.0,684.878,278.0,694.927,234.0,694.927,lattice,paragraph
779,284.0,684.878,295.0,684.878,295.0,694.927,284.0,694.927,is,paragraph
780,301.0,684.878,309.0,684.878,309.0,694.927,301.0,694.927,a,paragraph
781,315.0,684.878,335.0,684.878,335.0,694.927,315.0,694.927,set,paragraph
782,341.0,684.878,354.0,684.878,354.0,694.927,341.0,694.927,of,paragraph
783,360.0,684.878,447.0,684.878,447.0,694.927,360.0,694.927,independent,paragraph
784,453.0,684.878,488.0,684.878,488.0,694.927,453.0,694.927,spins,paragraph
785,517.0,684.878,561.0,684.878,561.0,694.927,517.0,694.927,qubits,paragraph
786,567.0,684.878,628.0,684.878,628.0,694.927,567.0,694.927,(labelled,paragraph
787,633.0,684.878,651.0,684.878,651.0,694.927,633.0,694.927,by,paragraph
788,656.0,684.878,677.0,684.878,677.0,694.927,656.0,694.927,n),,paragraph
789,682.0,684.878,714.0,684.878,714.0,694.927,682.0,694.927,with,paragraph
790,719.0,684.878,776.0,684.878,776.0,694.927,719.0,694.927,energies,paragraph
791,781.0,684.878,791.0,684.878,791.0,694.927,781.0,694.927,ω,paragraph
792,817.0,684.878,843.0,684.878,843.0,694.927,817.0,694.927,and,paragraph
793,849.0,684.878,857.0,684.878,857.0,694.927,849.0,694.927,a,paragraph
794,862.0,684.878,918.0,684.878,918.0,694.927,862.0,694.927,uniform,paragraph
795,791.0,688.743,811.0,688.743,811.0,695.7,791.0,695.7,mn,paragraph
796,88.0,695.7,109.0,695.7,109.0,705.749,88.0,705.749,(or,paragraph
797,113.0,695.7,196.0,695.7,196.0,705.749,113.0,705.749,resonators),,paragraph
798,201.0,695.7,242.0,695.7,242.0,705.749,201.0,705.749,which,paragraph
799,247.0,695.7,268.0,695.7,268.0,705.749,247.0,705.749,are,paragraph
800,273.0,695.7,319.0,695.7,319.0,705.749,273.0,705.749,chosen,paragraph
801,324.0,695.7,338.0,695.7,338.0,705.749,324.0,705.749,to,paragraph
802,343.0,695.7,375.0,695.7,375.0,705.749,343.0,705.749,have,paragraph
803,379.0,695.7,405.0,695.7,405.0,705.749,379.0,705.749,fast,paragraph
804,410.0,695.7,449.0,695.7,449.0,705.749,410.0,705.749,decay,paragraph
805,454.0,695.7,488.0,695.7,488.0,705.749,454.0,705.749,rates,paragraph
806,517.0,695.7,557.0,695.7,557.0,705.749,517.0,705.749,decay,paragraph
807,563.0,695.7,591.0,695.7,591.0,705.749,563.0,705.749,rate,paragraph
808,597.0,695.7,607.0,695.7,607.0,705.749,597.0,705.749,Γ,paragraph
809,628.0,695.7,632.0,695.7,632.0,705.749,628.0,705.749,.,paragraph
810,640.0,695.7,668.0,695.7,668.0,705.749,640.0,705.749,The,paragraph
811,673.0,695.7,740.0,695.7,740.0,705.749,673.0,705.749,couplings,paragraph
812,745.0,695.7,803.0,695.7,803.0,705.749,745.0,705.749,between,paragraph
813,808.0,695.7,831.0,695.7,831.0,705.749,808.0,705.749,the,paragraph
814,836.0,695.7,862.0,695.7,862.0,705.749,836.0,705.749,two,paragraph
815,867.0,695.7,918.0,695.7,918.0,705.749,867.0,705.749,lattices,paragraph
816,607.0,699.565,627.0,699.565,627.0,706.522,607.0,706.522,Sm,paragraph
817,527.0,50.245000000000005,909.0,50.245000000000005,909.0,279.053,527.0,279.053,##LTFigure##,figure
818,298.0,206.39100000000002,347.0,206.39100000000002,347.0,206.39100000000002,298.0,206.39100000000002,##LTLine##,equation
819,332.0,208.71,347.0,208.71,347.0,208.71,332.0,208.71,##LTLine##,equation
820,279.0,531.051,310.0,531.051,310.0,531.051,279.0,531.051,##LTLine##,equation
821,880.0,50.245000000000005,880.0,50.245000000000005,880.0,279.053,880.0,279.053,##LTLine##,paragraph
822,877.0,50.245000000000005,877.0,50.245000000000005,877.0,278.28,877.0,278.28,##LTLine##,paragraph
823,628.0,235.765,628.0,235.765,628.0,257.409,628.0,257.409,##LTLine##,paragraph
824,629.0,170.06,629.0,170.06,629.0,235.765,629.0,235.765,##LTLine##,paragraph
825,782.0,143.005,782.0,143.005,782.0,164.649,782.0,164.649,##LTLine##,paragraph
826,782.0,76.527,782.0,76.527,782.0,143.005,782.0,143.005,##LTLine##,paragraph
827,527.0,198.661,906.0,198.661,906.0,198.661,527.0,198.661,##LTLine##,paragraph
828,527.0,105.90100000000001,906.0,105.90100000000001,906.0,105.90100000000001,527.0,105.90100000000001,##LTLine##,paragraph
829,800.0,51.791000000000004,800.0,51.791000000000004,800.0,278.28,800.0,278.28,##LTLine##,paragraph
830,645.0,51.791000000000004,645.0,51.791000000000004,645.0,278.28,645.0,278.28,##LTLine##,paragraph
831,527.0,152.281,909.0,152.281,909.0,152.281,527.0,152.281,##LTLine##,paragraph
832,527.0,153.827,908.0,153.827,908.0,153.827,527.0,153.827,##LTLine##,paragraph
833,722.0,50.245000000000005,722.0,50.245000000000005,722.0,279.053,722.0,279.053,##LTLine##,paragraph
834,726.0,51.018,726.0,51.018,726.0,279.053,726.0,279.053,##LTLine##,paragraph
