0,32,960,62,960,62,973,32,973,188,PageNumber
1,72,29,177,29,177,48,72,48,Aluminum,Title
2,184,29,199,29,199,48,184,48,&,Title
3,205,29,258,29,258,48,205,48,Steel,Title
4,265,29,334,29,334,48,265,48,Tubing,Title
5,32,196,47,196,47,206,32,206,OD,Table
6,75,196,95,196,95,206,75,206,Wall,Table
7,123,196,133,196,133,206,123,206,ID,Table
8,170,187,190,187,190,196,170,196,Max,Table
9,196,187,210,187,210,196,196,196,psi,Table
10,170,196,179,196,179,206,170,206,@,Table
11,182,196,197,196,197,206,182,206,72°,Table
12,199,196,205,196,205,206,199,206,F,Table
13,32,209,52,209,52,219,32,219,3/16",Table
14,75,209,105,209,105,219,75,219,0.035",Table
15,123,209,153,209,153,219,123,219,0.118",Table
16,170,209,196,209,196,219,170,219,3,400
17,222,209,270,209,270,219,222,219,89965K21,Table
18,287,209,319,209,319,219,287,219,$11.56,Table
19,326,209,357,209,357,219,326,219,$18.65,Table
20,32,218,52,218,52,229,32,229,3/16",Table
21,75,218,105,218,105,229,75,229,0.049",Table
22,123,218,147,218,147,229,123,229,0.09",Table
23,170,219,196,219,196,228,170,228,4,700
24,222,219,270,219,270,228,222,228,89965K11,Table
25,293,219,319,219,319,228,293,228,12.87,Table
26,331,219,357,219,357,228,331,228,20.75,Table
27,32,228,47,228,47,239,32,239,1/4",Table
28,75,228,99,228,99,239,75,239,0.02",Table
29,123,228,147,228,147,239,123,239,0.21",Table
30,170,228,196,228,196,238,170,238,1,400
31,222,228,276,228,276,238,222,238,89965K341,Table
32,293,228,319,228,319,238,293,238,15.25,Table
33,331,228,357,228,357,238,331,238,24.60,Table
34,32,238,47,238,47,248,32,248,1/4",Table
35,75,238,105,238,105,248,75,248,0.035",Table
36,123,238,147,238,147,248,123,248,0.18",Table
37,170,238,196,238,196,248,170,248,2,500
38,222,238,276,238,276,248,222,248,89965K431,Table
39,299,238,319,238,319,248,299,248,7.20,Table
40,331,238,357,238,357,248,331,248,11.61,Table
41,32,248,47,248,47,258,32,258,1/4",Table
42,75,248,105,248,105,258,75,258,0.049",Table
43,123,248,153,248,153,258,123,258,0.152",Table
44,170,248,196,248,196,258,170,258,3,600
45,222,248,276,248,276,258,222,258,89965K441,Table
46,299,248,319,248,319,258,299,258,7.99,Table
47,331,248,357,248,357,258,331,258,12.88,Table
48,32,257,47,257,47,268,32,268,1/4",Table
49,75,257,105,257,105,268,75,268,0.058",Table
50,123,257,153,257,153,268,123,268,0.134",Table
51,170,258,196,258,196,267,170,267,4,200
52,222,258,276,258,276,267,222,267,89965K344,Table
53,293,258,319,258,319,267,293,267,14.48,Table
54,331,258,357,258,357,267,331,267,23.35,Table
55,32,267,47,267,47,277,32,277,1/4",Table
56,75,267,105,267,105,277,75,277,0.065",Table
57,123,267,147,267,147,277,123,277,0.12",Table
58,170,267,196,267,196,277,170,277,4,700
59,222,267,270,267,270,277,222,277,89965K23,Table
60,293,267,319,267,319,277,293,277,10.76,Table
61,331,267,357,267,357,277,331,277,17.35,Table
62,32,280,52,280,52,290,32,290,5/16",Table
63,75,280,105,280,105,290,75,290,0.035",Table
64,123,280,153,280,153,290,123,290,0.243",Table
65,170,280,196,280,196,290,170,290,2,000
66,222,280,276,280,276,290,222,290,89965K451,Table
67,299,280,319,280,319,290,299,290,8.13,Table
68,331,280,357,280,357,290,331,290,13.12,Table
69,32,289,52,289,52,300,32,300,5/16",Table
70,75,289,105,289,105,300,75,300,0.049",Table
71,123,289,153,289,153,300,123,300,0.215",Table
72,170,290,196,290,196,299,170,299,2,900
73,222,290,276,290,276,299,222,299,89965K471,Table
74,299,290,319,290,319,299,299,299,8.41,Table
75,331,290,357,290,357,299,331,299,13.57,Table
76,32,299,52,299,52,309,32,309,5/16",Table
77,75,299,105,299,105,309,75,309,0.065",Table
78,123,299,153,299,153,309,123,309,0.183",Table
79,170,299,196,299,196,309,170,309,3,800
80,222,299,276,299,276,309,222,309,89965K461,Table
81,293,299,319,299,319,309,293,309,16.23,Table
82,331,299,357,299,357,309,331,309,26.18,Table
83,32,309,47,309,47,319,32,319,3/8",Table
84,75,309,105,309,105,319,75,319,0.035",Table
85,123,309,153,309,153,319,123,319,0.305",Table
86,170,309,196,309,196,319,170,319,1,700
87,222,309,276,309,276,319,222,319,89965K481,Table
88,299,309,319,309,319,319,299,319,8.41,Table
89,331,309,357,309,357,319,331,319,13.57,Table
90,32,318,47,318,47,329,32,329,3/8",Table
91,75,318,105,318,105,329,75,329,0.049",Table
92,123,318,153,318,153,329,123,329,0.277",Table
93,170,319,196,319,196,328,170,328,2,400
94,222,319,270,319,270,328,222,328,89965K22,Table
95,299,319,319,319,319,328,299,328,9.86,Table
96,331,319,357,319,357,328,331,328,15.91,Table
97,32,328,47,328,47,339,32,339,3/8",Table
98,75,328,105,328,105,339,75,339,0.058",Table
99,123,328,153,328,153,339,123,339,0.259",Table
100,170,328,196,328,196,338,170,338,2,800
101,222,328,276,328,276,338,222,338,89965K347,Table
102,293,328,319,328,319,338,293,338,10.81,Table
103,331,328,357,328,357,338,331,338,17.43,Table
104,32,338,47,338,47,348,32,348,3/8",Table
105,75,338,105,338,105,348,75,348,0.065",Table
106,123,338,153,338,153,348,123,348,0.245",Table
107,170,338,196,338,196,348,170,348,3,200
108,222,338,270,338,270,348,222,348,89965K24,Table
109,293,338,319,338,319,348,293,348,10.84,Table
110,331,338,357,338,357,348,331,348,17.48,Table
111,32,348,47,348,47,358,32,358,3/80",Table
112,75,348,105,348,105,358,75,358,0.0950,Table
113,123,348,153,348,153,358,123,358,0.1850,Table
114,170,348,196,348,196,358,170,358,4,700
115,222,348,276,348,276,358,222,358,89965K351,Table
116,293,348,319,348,319,358,293,358,19.13,Table
117,331,348,357,348,357,358,331,358,30.85,Table
118,32,360,47,360,47,371,32,371,1/20,Table
119,75,360,105,360,105,371,75,371,0.0350,Table
120,123,360,153,360,153,371,123,371,0.4360,Table
121,170,360,196,360,196,370,170,370,1,300
122,222,360,276,360,276,370,222,370,89965K491,Table
123,299,360,319,360,319,370,299,370,8.87,Table
124,331,360,357,360,357,370,331,370,14.31,Table
125,32,370,47,370,47,380,32,380,1/20,Table
126,75,370,105,370,105,380,75,380,0.0490,Table
127,123,370,153,370,153,380,123,380,0.4020,Table
128,170,370,196,370,196,380,170,380,1,800
129,222,370,270,370,270,380,222,380,89965K25,Table
130,293,370,319,370,319,380,293,380,10.50,Table
131,331,370,357,370,357,380,331,380,16.93,Table
132,32,380,47,380,47,390,32,390,1/20,Table
133,75,380,105,380,105,390,75,390,0.0580,Table
134,123,380,153,380,153,390,123,390,0.3840,Table
135,170,380,196,380,196,390,170,390,2,100
136,222,380,276,380,276,390,222,390,89965K354,Table
137,293,380,319,380,319,390,293,390,14.38,Table
138,331,380,357,380,357,390,331,390,23.20,Table
139,32,389,47,389,47,400,32,400,1/20,Table
140,75,389,105,389,105,400,75,400,0.0650,Table
141,123,389,147,389,147,400,123,400,0.370,Table
142,170,390,196,390,196,399,170,399,2,400
143,222,390,270,390,270,399,222,399,89965K26,Table
144,293,390,319,390,319,399,293,399,12.67,Table
145,331,390,357,390,357,399,331,399,20.43,Table
146,32,399,47,399,47,409,32,409,1/20,Table
147,75,399,105,399,105,409,75,409,0.0830,Table
148,123,399,153,399,153,409,123,409,0.3340,Table
149,170,399,196,399,196,409,170,409,3,100
150,222,399,276,399,276,409,222,409,89965K357,Table
151,293,399,319,399,319,409,293,409,20.83,Table
152,331,399,357,399,357,409,331,409,33.60,Table
153,32,409,47,409,47,419,32,419,1/20,Table
154,75,409,105,409,105,419,75,419,0.0950,Table
155,123,409,147,409,147,419,123,419,0.310,Table
156,170,409,196,409,196,419,170,419,3,500
157,222,409,276,409,276,419,222,419,89965K361,Table
158,293,409,319,409,319,419,293,419,21.14,Table
159,331,409,357,409,357,419,331,419,34.10,Table
160,32,418,47,418,47,429,32,429,1/20,Table
161,75,418,99,418,99,429,75,429,0.120,Table
162,123,418,147,418,147,429,123,429,0.260,Table
163,170,419,196,419,196,428,170,428,4,400
164,222,419,276,419,276,428,222,428,89965K364,Table
165,293,419,319,419,319,428,293,428,24.19,Table
166,331,419,357,419,357,428,331,428,39.02,Table
167,32,431,47,431,47,441,32,441,5/80,Table
168,75,431,105,431,105,441,75,441,0.0350,Table
169,123,431,153,431,153,441,123,441,0.5550,Table
170,170,431,196,431,196,441,170,441,1,000
171,222,431,270,431,270,441,222,441,89965K27,Table
172,293,431,319,431,319,441,293,441,11.80,Table
173,331,431,357,431,357,441,331,441,19.03,Table
174,32,441,47,441,47,451,32,451,5/80,Table
175,75,441,105,441,105,451,75,451,0.0490,Table
176,123,441,153,441,153,451,123,451,0.5270,Table
177,170,441,196,441,196,451,170,451,1,400
178,222,441,270,441,270,451,222,451,89965K14,Table
179,293,441,319,441,319,451,293,451,14.32,Table
180,331,441,357,441,357,451,331,451,23.10,Table
181,32,450,47,450,47,461,32,461,5/80,Table
182,75,450,105,450,105,461,75,461,0.0650,Table
183,123,450,153,450,153,461,123,461,0.4950,Table
184,170,451,196,451,196,460,170,460,1,900
185,222,451,276,451,276,460,222,460,89965K571,Table
186,293,451,319,451,319,460,293,460,16.10,Table
187,331,451,357,451,357,460,331,460,25.97,Table
188,32,460,47,460,47,471,32,471,3/40,Table
189,75,460,105,460,105,471,75,471,0.0280,Table
190,123,460,153,460,153,471,123,471,0.6940,Table
191,179,460,196,460,196,470,179,470,690,Table
192,222,460,276,460,276,470,222,470,89965K367,Table
193,293,460,319,460,319,470,293,470,10.94,Table
194,331,460,357,460,357,470,331,470,17.65,Table
195,32,470,47,470,47,480,32,480,3/40,Table
196,75,470,105,470,105,480,75,480,0.0350,Table
197,123,470,147,470,147,480,123,480,0.680,Table
198,179,470,196,470,196,480,179,480,870,Table
199,222,470,270,470,270,480,222,480,89965K29,Table
200,293,470,319,470,319,480,293,480,11.41,Table
201,331,470,357,470,357,480,331,480,18.41,Table
202,32,480,47,480,47,490,32,490,3/40,Table
203,75,480,105,480,105,490,75,490,0.0490,Table
204,123,480,153,480,153,490,123,490,0.6520,Table
205,170,480,196,480,196,490,170,490,1,200
206,222,480,276,480,276,490,222,490,89965K511,Table
207,293,480,319,480,319,490,293,490,14.32,Table
208,331,480,357,480,357,490,331,490,23.10,Table
209,32,492,47,492,47,502,32,502,3/40,Table
210,75,492,105,492,105,502,75,502,0.0580,Table
211,123,492,153,492,153,502,123,502,0.6340,Table
212,170,492,196,492,196,502,170,502,1,400
213,222,492,276,492,276,502,222,502,89965K371,Table
214,293,492,319,492,319,502,293,502,19.56,Table
215,331,492,357,492,357,502,331,502,31.55,Table
216,32,502,47,502,47,512,32,512,3/40,Table
217,75,502,105,502,105,512,75,512,0.0650,Table
218,123,502,147,502,147,512,123,512,0.620,Table
219,170,502,196,502,196,512,170,512,1,600
220,222,502,276,502,276,512,222,512,89965K641,Table
221,293,502,319,502,319,512,293,512,16.27,Table
222,331,502,357,502,357,512,331,512,26.25,Table
223,32,511,47,511,47,522,32,522,3/40,Table
224,75,511,105,511,105,522,75,522,0.0830,Table
225,123,511,153,511,153,522,123,522,0.5840,Table
226,170,512,196,512,196,521,170,521,2,000
227,222,512,276,512,276,522,222,522,89965K374,Table
228,293,512,319,512,319,521,293,521,20.08,Table
229,331,512,357,512,357,521,331,521,32.38,Table
230,32,521,47,521,47,532,32,532,3/40,Table
231,75,521,105,521,105,532,75,532,0.1250,Table
232,123,521,141,521,141,532,123,532,0.50,Table
233,170,521,196,521,196,531,170,531,3,100
234,222,522,276,522,276,531,222,531,89965K377,Table
235,293,521,319,521,319,531,293,531,31.01,Table
236,331,521,357,521,357,531,331,531,50.02,Table
237,32,531,47,531,47,541,32,541,7/80,Table
238,75,531,105,531,105,541,75,541,0.0350,Table
239,123,531,153,531,153,541,123,541,0.8050,Table
240,179,531,196,531,196,541,179,541,740,Table
241,222,531,276,531,276,541,222,541,89965K631,Table
242,293,531,319,531,319,541,293,541,11.51,Table
243,331,531,357,531,357,541,331,541,18.56,Table
244,375,196,391,196,391,206,375,206,OD,Table
245,418,196,438,196,438,206,418,206,Wall,Table
246,466,196,476,196,476,206,466,206,ID,Table
247,513,187,533,187,533,196,513,196,Max,Table
248,539,187,553,187,553,196,539,196,psi,Table
249,513,196,522,196,522,206,513,206,@,Table
250,525,196,540,196,540,206,525,206,72°,Table
251,542,196,548,196,548,206,542,206,F,Table
252,683,196,688,196,688,206,683,206,6,Table
253,691,196,698,196,698,206,691,206,ft,Table
254,381,209,396,209,396,219,381,219,7/8",Table
255,418,209,448,209,448,219,418,219,0.049",Table
256,466,209,496,209,496,219,466,219,0.777",Table
257,513,209,539,209,539,219,513,219,1,000
258,565,209,619,209,619,219,565,219,89965K651,Table
259,630,209,662,209,662,219,630,219,$12.99,Table
260,669,209,701,209,701,219,669,219,$20.95,Table
261,381,218,396,218,396,229,381,229,7/8",Table
262,418,218,448,218,448,229,418,229,0.065",Table
263,466,218,496,218,496,229,466,229,0.745",Table
264,513,219,539,219,539,228,513,228,1,300
265,565,219,619,219,619,228,565,228,89965K661,Table
266,636,219,662,219,662,228,636,228,16.06,Table
267,675,219,701,219,701,228,675,228,25.90,Table
268,375,228,385,228,385,239,375,239,1",Table
269,418,228,448,228,448,239,418,239,0.035",Table
270,466,228,490,228,490,239,466,239,0.93",Table
271,522,228,539,228,539,238,522,238,650,Table
272,565,228,613,228,613,238,565,238,89965K15,Table
273,636,228,662,228,662,238,636,238,14.64,Table
274,675,228,701,228,701,238,675,238,23.61,Table
275,375,238,385,238,385,248,375,248,1",Table
276,418,238,448,238,448,248,418,248,0.049",Table
277,466,238,496,238,496,248,466,248,0.902",Table
278,522,238,539,238,539,248,522,248,910,Table
279,565,238,619,238,619,248,565,248,89965K531,Table
280,636,238,662,238,662,248,636,248,17.68,Table
281,675,238,701,238,701,248,675,248,28.52,Table
282,375,248,385,248,385,258,375,258,1",Table
283,418,248,448,248,448,258,418,258,0.058",Table
284,466,248,496,248,496,258,466,258,0.884",Table
285,513,248,539,248,539,258,513,258,1,000
286,565,248,619,248,619,258,565,258,89965K381,Table
287,636,248,662,248,662,258,636,258,20.97,Table
288,675,248,701,248,701,258,675,258,33.83,Table
289,375,257,385,257,385,268,375,268,1",Table
290,418,257,448,257,448,268,418,268,0.065",Table
291,466,257,490,257,490,268,466,268,0.87",Table
292,513,258,539,258,539,267,513,267,1,200
293,565,258,619,258,619,267,565,267,89965K681,Table
294,636,258,662,258,662,267,636,267,20.27,Table
295,675,258,701,258,701,267,675,267,32.70,Table
296,375,267,385,267,385,277,375,277,1",Table
297,418,267,448,267,448,277,418,277,0.083",Table
298,466,267,496,267,496,277,466,277,0.834",Table
299,513,267,539,267,539,277,513,277,1,500
300,565,267,619,267,619,277,565,277,89965K384,Table
301,636,267,662,267,662,277,636,277,25.28,Table
302,675,267,701,267,701,277,675,277,40.77,Table
303,375,280,385,280,385,290,375,290,1",Table
304,418,280,448,280,448,290,418,290,0.095",Table
305,466,280,490,280,490,290,466,290,0.81",Table
306,513,280,539,280,539,290,513,290,1,700
307,565,280,619,280,619,290,565,290,89965K387,Table
308,636,280,662,280,662,290,636,290,33.47,Table
309,675,280,701,280,701,290,675,290,53.98,Table
310,375,289,385,289,385,300,375,300,1",Table
311,418,289,448,289,448,300,418,300,0.125",Table
312,466,289,490,289,490,300,466,300,0.75",Table
313,513,290,539,290,539,299,513,299,2,300
314,565,290,613,290,613,299,565,299,89965K31,Table
315,636,290,662,290,662,299,636,299,39.20,Table
316,675,290,701,290,701,299,675,299,63.23,Table
317,375,299,385,299,385,309,375,309,1",Table
318,418,299,448,299,448,309,418,309,0.188",Table
319,466,299,496,299,496,309,466,309,0.624",Table
320,513,299,539,299,539,309,513,309,3,500
321,565,299,619,299,619,309,565,309,89965K391,Table
322,636,299,662,299,662,309,636,309,55.68,Table
323,675,299,701,299,701,309,675,309,89.80,Table
324,375,309,396,309,396,319,375,319,1 1/8",Table
325,418,309,448,309,448,319,418,319,0.049",Table
326,466,309,496,309,496,319,466,319,1.027",Table
327,522,309,539,309,539,319,522,319,810,Table
328,565,309,619,309,619,319,565,319,89965K394,Table
329,636,309,662,309,662,319,636,319,20.52,Table
330,675,309,701,309,701,319,675,319,33.10,Table
331,375,318,396,318,396,329,375,329,1 1/8",Table
332,418,318,448,318,448,329,418,329,0.065",Table
333,466,318,496,318,496,329,466,329,0.995",Table
334,513,319,539,319,539,328,513,328,1,000
335,565,319,619,319,619,328,565,328,89965K397,Table
336,636,319,662,319,662,328,636,328,28.69,Table
337,675,319,701,319,701,328,675,328,46.27,Table
338,375,328,396,328,396,339,375,339,1 1/4",Table
339,418,328,448,328,448,339,418,339,0.035",Table
340,466,328,490,328,490,339,466,339,1.18",Table
341,522,328,539,328,539,338,522,338,520,Table
342,565,328,619,328,619,338,565,338,89965K721,Table
343,636,328,662,328,662,338,636,338,17.53,Table
344,675,328,701,328,701,338,675,338,28.27,Table
345,375,338,396,338,396,348,375,348,1 1/4",Table
346,418,338,448,338,448,348,418,348,0.049",Table
347,466,338,496,338,496,348,466,348,1.152",Table
348,522,338,539,338,539,348,522,348,730,Table
349,565,338,619,338,619,348,565,348,89965K551,Table
350,636,338,662,338,662,348,636,348,22.99,Table
351,675,338,701,338,701,348,675,348,37.08,Table
352,375,348,396,348,396,358,375,358,1 1/4",Table
353,418,348,448,348,448,358,418,358,0.065",Table
354,466,348,490,348,490,358,466,358,1.12",Table
355,522,348,539,348,539,358,522,358,970,Table
356,565,348,619,348,619,358,565,358,89965K741,Table
357,636,348,662,348,662,358,636,358,24.79,Table
358,675,348,701,348,701,358,675,358,39.98,Table
359,375,360,396,360,396,371,375,371,1 3/8",Table
360,418,360,448,360,448,371,418,371,0.049",Table
361,466,360,496,360,496,371,466,371,1.277",Table
362,522,360,539,360,539,370,522,370,660,Table
363,565,360,619,360,619,370,565,370,89965K411,Table
364,636,360,662,360,662,370,636,370,33.60,Table
365,675,360,701,360,701,370,675,370,54.20,Table
366,375,370,396,370,396,380,375,380,1 3/8",Table
367,418,370,448,370,448,380,418,380,0.058",Table
368,466,370,496,370,496,380,466,380,1.259",Table
369,522,370,539,370,539,380,522,380,790,Table
370,565,370,619,370,619,380,565,380,89965K414,Table
371,636,370,662,370,662,380,636,380,32.70,Table
372,675,370,701,370,701,380,675,380,52.75,Table
373,375,380,396,380,396,390,375,390,1 1/2",Table
374,418,380,448,380,448,390,418,390,0.035",Table
375,466,380,490,380,490,390,466,390,1.43",Table
376,522,380,539,380,539,390,522,390,430,Table
377,565,380,619,380,619,390,565,390,89965K731,Table
378,636,380,662,380,662,390,636,390,23.20,Table
379,675,380,701,380,701,390,675,390,37.42,Table
380,375,389,396,389,396,400,375,400,1 1/2",Table
381,418,389,448,389,448,400,418,400,0.049",Table
382,466,389,496,389,496,400,466,400,1.402",Table
383,522,390,539,390,539,399,522,399,610,Table
384,565,390,619,390,619,399,565,399,89965K561,Table
385,636,390,662,390,662,399,636,399,27.75,Table
386,675,390,701,390,701,399,675,399,44.76,Table
387,375,399,396,399,396,409,375,409,1 1/2",Table
388,418,399,448,399,448,409,418,409,0.065",Table
389,466,399,490,399,490,409,466,409,1.37",Table
390,522,399,539,399,539,409,522,409,810,Table
391,565,399,619,399,619,409,565,409,89965K751,Table
392,636,399,662,399,662,409,636,409,32.50,Table
393,675,399,701,399,701,409,675,409,52.42,Table
394,375,409,396,409,396,419,375,419,1 1/2",Table
395,418,409,448,409,448,419,418,419,0.125",Table
396,466,409,490,409,490,419,466,419,1.25",Table
397,513,409,539,409,539,419,513,419,1,500
398,565,409,613,409,613,419,565,419,89965K32,Table
399,636,409,662,409,662,419,636,419,44.84,Table
400,675,409,701,409,701,419,675,419,72.33,Table
401,375,418,396,418,396,429,375,429,1 3/4",Table
402,418,418,448,418,448,429,418,429,0.035",Table
403,466,418,490,418,490,429,466,429,1.68",Table
404,522,419,539,419,539,428,522,428,370,Table
405,565,419,619,419,619,428,565,428,89965K771,Table
406,636,419,662,419,662,428,636,428,28.45,Table
407,675,419,701,419,701,428,675,428,45.88,Table
408,375,431,396,431,396,441,375,441,1 3/4",Table
409,418,431,448,431,448,441,418,441,0.049",Table
410,466,431,496,431,496,441,466,441,1.652",Table
411,522,431,539,431,539,441,522,441,520,Table
412,565,431,619,431,619,441,565,441,89965K591,Table
413,636,431,662,431,662,441,636,441,36.32,Table
414,675,431,701,431,701,441,675,441,58.58,Table
415,375,441,396,441,396,451,375,451,1 3/4",Table
416,418,441,448,441,448,451,418,451,0.065",Table
417,466,441,490,441,490,451,466,451,1.62",Table
418,522,441,539,441,539,451,522,451,690,Table
419,565,441,619,441,619,451,565,451,89965K781,Table
420,636,441,662,441,662,451,636,451,38.06,Table
421,675,441,701,441,701,451,675,451,61.38,Table
422,375,450,385,450,385,461,375,461,2",Table
423,418,450,448,450,448,461,418,461,0.035",Table
424,466,450,490,450,490,461,466,461,1.93",Table
425,522,451,539,451,539,460,522,460,320,Table
426,565,451,619,451,619,460,565,460,89965K821,Table
427,636,451,662,451,662,460,636,460,29.44,Table
428,675,451,701,451,701,460,675,460,47.48,Table
429,375,460,385,460,385,471,375,471,2",Table
430,418,460,448,460,448,471,418,471,0.049",Table
431,466,460,496,460,496,471,466,471,1.902",Table
432,522,460,539,460,539,470,522,470,460,Table
433,565,460,619,460,619,470,565,470,89965K611,Table
434,636,460,662,460,662,470,636,470,34.98,Table
435,675,460,701,460,701,470,675,470,56.42,Table
436,375,470,385,470,385,480,375,480,2",Table
437,418,470,448,470,448,480,418,480,0.065",Table
438,466,470,490,470,490,480,466,480,1.87",Table
439,522,470,539,470,539,480,522,480,610,Table
440,565,470,619,470,619,480,565,480,89965K841,Table
441,636,470,662,470,662,480,636,480,39.84,Table
442,675,470,701,470,701,480,675,480,64.25,Table
443,375,480,385,480,385,490,375,490,2",Table
444,418,480,448,480,448,490,418,490,0.083",Table
445,466,480,496,480,496,490,466,490,1.834",Table
446,522,480,539,480,539,490,522,490,780,Table
447,565,480,619,480,619,490,565,490,89965K417,Table
448,636,480,662,480,662,490,636,490,56.14,Table
449,675,480,701,480,701,490,675,490,90.55,Table
450,375,492,396,492,396,502,375,502,2 1/2",Table
451,418,492,448,492,448,502,418,502,0.035",Table
452,466,492,490,492,490,502,466,502,2.43",Table
453,522,492,539,492,539,502,522,502,260,Table
454,565,492,619,492,619,502,565,502,89965K851,Table
455,636,492,662,492,662,502,636,502,50.70,Table
456,675,492,701,492,701,502,675,502,81.78,Table
457,375,502,396,502,396,512,375,512,2 1/2",Table
458,418,502,448,502,448,512,418,512,0.049",Table
459,466,502,496,502,496,512,466,512,2.402",Table
460,522,502,539,502,539,512,522,512,360,Table
461,565,502,619,502,619,512,565,512,89965K861,Table
462,636,502,662,502,662,512,636,512,42.81,Table
463,675,502,701,502,701,512,675,512,69.05,Table
464,375,511,396,511,396,522,375,522,2 1/2",Table
465,418,511,448,511,448,522,418,522,0.065",Table
466,466,511,490,511,490,522,466,522,2.37",Table
467,522,512,539,512,539,521,522,521,480,Table
468,565,512,619,512,619,522,565,522,89965K871,Table
469,636,512,662,512,662,521,636,521,44.38,Table
470,675,512,701,512,701,521,675,521,71.58,Table
471,375,521,385,521,385,532,375,532,30,Table
472,418,521,448,521,448,532,418,532,0.049",Table
473,466,521,496,521,496,532,466,532,2.902",Table
474,522,521,539,521,539,531,522,531,300,Table
475,565,522,619,522,619,531,565,531,89965K421,Table
476,636,521,662,521,662,531,636,531,68.46,Table
477,669,521,701,521,701,531,669,531,110.42,Table
478,375,531,396,531,396,541,375,541,3 1/2",Table
479,418,531,448,531,448,541,418,541,0.049",Table
480,466,531,496,531,496,541,466,541,3.402",Table
481,522,531,539,531,539,541,522,541,260,Table
482,565,531,619,531,619,541,565,541,89965K424,Table
483,636,531,662,531,662,541,636,541,82.15,Table
484,669,531,701,531,701,541,669,541,132.50,Table
485,32,172,71,172,71,182,32,182,General,SubsubTitle
486,74,172,115,172,115,182,74,182,Purpose,SubsubTitle
487,152,118,157,118,157,126,152,126,•,List
488,160,117,178,117,178,127,160,127,Use,List
489,181,117,200,117,200,127,181,127,with,List
490,203,117,229,117,229,127,203,127,flared,List
491,232,117,263,117,263,127,232,127,fittings,List
492,160,127,179,127,179,136,160,136,(see,List
493,182,127,205,127,205,136,182,136,page,List
494,208,127,228,127,228,136,208,136,223),List
495,152,109,157,109,157,117,152,117,•,List
496,160,107,185,107,185,117,160,117,Bend,List
497,187,107,207,107,207,117,187,117,with,List
498,210,107,215,107,215,117,210,117,a,List
499,218,107,239,107,239,117,218,117,tube,List
500,242,107,275,107,275,117,242,117,bender,List
501,152,90,157,90,157,98,152,98,•,List
502,160,88,218,88,218,98,160,98,Temperature,List
503,221,88,254,88,254,98,221,98,Range:,List
504,160,98,185,98,185,108,160,108,-450°,List
505,188,98,198,98,198,108,188,108,to,List
506,200,98,222,98,222,108,200,108,400°,List
507,223,98,229,98,229,108,223,108,F,List
508,32,72,115,72,115,87,32,87,Aluminum,SubTitle
509,120,72,175,72,175,87,120,87,Tubing,SubTitle
510,307,88,327,88,327,98,307,98,This,Description
511,330,88,353,88,353,98,330,98,6061,Description
512,356,88,402,88,402,98,356,98,aluminum,Description
513,406,88,435,88,435,98,406,98,tubing,Description
514,439,88,446,88,446,98,439,98,is,Description
515,449,88,501,88,501,98,449,98,lightweight,Description
516,504,88,523,88,523,98,504,98,with,Description
517,527,88,551,88,551,98,527,98,good,Description
518,554,88,599,88,599,98,554,98,corrosion,Description
519,602,88,650,88,650,98,602,98,resistance,Description
520,653,88,671,88,671,98,653,98,and,Description
521,674,88,701,88,701,98,674,98,weld-,Description
522,297,98,324,98,324,108,297,108,ability,Description
523,329,98,335,98,335,108,329,108,It,Description
524,337,98,354,98,354,108,337,108,has,Description
525,357,98,411,98,411,108,357,108,magnesium,Description
526,414,98,431,98,431,108,414,108,and,Description
527,434,98,463,98,463,108,434,108,silicon,Description
528,466,98,496,98,496,108,466,108,added,Description
529,499,98,511,98,511,108,499,108,for,Description
530,514,98,552,98,552,108,514,108,strength,Description
531,558,98,589,98,589,108,558,108,Tubing,Description
532,591,98,599,98,599,108,591,108,is,Description
533,602,98,648,98,648,108,602,108,seamless,
534,651,98,678,98,678,108,651,108,which,Description
535,681,98,701,98,701,108,681,108,pro-,Description
536,297,108,321,108,321,118,297,118,vides,Description
537,324,108,330,108,330,118,324,118,a,Description
538,333,108,368,108,368,118,333,118,smooth,Description
539,371,108,404,108,404,118,371,118,interior,Description
540,407,108,419,108,419,118,407,118,for,Description
541,423,108,478,108,478,118,423,118,unrestricted,Description
542,481,108,500,108,500,118,481,118,flow,Description
543,506,108,512,108,512,118,506,118,It,Description
544,515,108,532,108,532,118,515,118,can,Description
545,535,108,547,108,547,118,535,118,be,Description
546,550,108,576,108,576,118,550,118,flared,Description
547,580,108,614,108,614,118,580,118,without,Description
548,617,108,654,108,654,118,617,118,splitting,Description
549,660,108,678,108,678,118,660,118,Use,Description
550,681,108,701,108,701,118,681,118,with,Description
551,297,118,324,118,324,127,297,127,water,
552,327,118,340,118,340,127,327,127,air,
553,342,118,384,118,384,127,342,127,hydraulic,Description
554,387,118,409,118,409,127,387,127,fluid,
555,412,118,453,118,453,127,412,127,gasoline,
556,456,118,483,118,483,127,456,127,diesel,Description
557,485,118,505,118,505,127,485,127,fuel,
558,507,118,525,118,525,127,507,127,and,Description
559,527,118,544,118,544,127,527,127,fuel,Description
560,547,118,557,118,557,127,547,127,oil,Description
561,563,118,593,118,593,127,563,127,Tubing,Description
562,596,118,612,118,612,127,596,127,has,Description
563,615,118,621,118,621,127,615,127,a,Description
564,623,118,644,118,644,127,623,127,hard,Description
565,646,118,663,118,663,127,646,127,(T6),Description
566,666,118,699,118,699,127,666,127,temper,Description
567,297,127,312,127,312,137,297,137,OD,Description
568,315,127,359,127,359,137,315,137,tolerance,Description
569,363,127,370,127,370,137,363,137,is,Description
570,374,127,410,127,410,137,374,137,±0.0080,Description
571,414,127,426,127,426,137,414,137,for,Description
572,430,127,460,127,460,137,430,137,tubing,Description
573,463,127,484,127,484,137,463,137,ODs,Description
574,487,127,497,127,497,137,487,137,10,Description
575,500,127,518,127,518,137,500,137,and,Description
576,521,127,558,127,558,137,521,137,smaller;,Description
577,561,127,598,127,598,137,561,137,±0.012",Description
578,601,127,614,127,614,137,601,137,for,Description
579,617,127,639,127,639,137,617,137,1 1/8",Description
580,642,127,652,127,652,137,642,137,to,Description
581,655,127,679,127,679,137,655,137,2 1/2";,Description
582,683,127,701,127,701,137,683,137,and,Description
583,297,137,333,137,333,147,297,147,±0.0480,Description
584,335,137,348,137,348,147,335,147,for,Description
585,351,137,360,137,360,147,351,147,30,Description
586,363,137,381,137,381,147,363,147,and,Description
587,384,137,410,137,410,147,384,147,larger,Description
588,415,137,446,137,446,147,415,147,Tubing,Description
589,448,137,465,137,465,147,448,147,can,Description
590,468,137,480,137,480,147,468,147,be,Description
591,483,137,524,137,524,147,483,147,sterilized,Description
592,527,137,546,137,546,147,527,147,with,Description
593,549,137,578,137,578,147,549,147,steam,Description
594,581,137,639,137,639,147,581,147,(autoclaving),Description
595,307,147,346,147,346,156,307,156,General,Description
596,349,147,389,147,389,156,349,156,purpose,Description
597,392,147,422,147,422,156,392,156,tubing,Description
598,424,147,453,147,453,156,424,156,meets,Description
599,456,147,484,147,484,156,456,156,ASTM,Description
600,487,147,512,147,512,156,487,156,B210,Description
601,515,147,532,147,532,156,515,156,and,Description
602,535,147,555,147,555,156,535,156,SAE,Description
603,558,147,643,147,643,156,558,156,AMS-WW-T-700/6,Description
604,307,156,322,156,322,166,307,166,Mil,Description
605,328,156,351,156,351,166,328,166,spec,Description
606,357,156,386,156,386,166,357,166,tubing,Description
607,389,156,418,156,418,166,389,166,meets,Description
608,421,156,474,156,474,166,421,166,MIL-T-7081,Description
609,32,572,47,572,47,582,32,582,OD,Table
610,75,572,95,572,95,582,75,582,Wall,Table
611,123,572,133,572,133,582,123,582,ID,Table
612,170,562,190,562,190,572,170,572,Max,Table
613,196,562,210,562,210,572,196,572,psi,Table
614,170,572,179,572,179,582,170,582,@,Table
615,182,572,197,572,197,582,182,582,72°,Table
616,199,572,205,572,205,582,199,582,F,Table
617,32,584,47,584,47,595,32,595,1/4",Table
618,75,584,105,584,105,595,75,595,0.028",Table
619,123,584,153,584,153,595,123,595,0.194",Table
620,170,585,196,585,196,594,170,594,2,000
621,222,585,265,585,265,594,222,594,9924K11,Table
622,287,585,319,585,319,594,287,594,$13.50,Table
623,326,585,357,585,357,594,326,594,$25.96,Table
624,32,594,47,594,47,605,32,605,1/4",Table
625,75,594,105,594,105,605,75,605,0.035",Table
626,123,594,147,594,147,605,123,605,0.18",Table
627,170,594,196,594,196,604,170,604,2,500
628,222,594,265,594,265,604,222,604,9924K12,Table
629,293,594,319,594,319,604,293,604,10.87,Table
630,331,594,357,594,357,604,331,604,20.91,Table
631,32,604,47,604,47,614,32,614,3/8",Table
632,75,604,105,604,105,614,75,614,0.028",Table
633,123,604,153,604,153,614,123,614,0.319",Table
634,170,604,196,604,196,614,170,614,1,300
635,222,604,265,604,265,614,222,614,9924K13,Table
636,293,604,319,604,319,614,293,614,11.41,Table
637,331,604,357,604,357,614,331,614,21.95,Table
638,32,614,47,614,47,624,32,624,3/8",Table
639,75,614,105,614,105,624,75,624,0.035",Table
640,123,614,153,614,153,624,123,624,0.305",Table
641,170,614,196,614,196,624,170,624,1,700
642,222,614,265,614,265,624,222,624,9924K14,Table
643,293,614,319,614,319,624,293,624,12.36,Table
644,331,614,357,614,357,624,331,624,23.77,Table
645,32,623,47,623,47,634,32,634,3/8",Table
646,75,623,105,623,105,634,75,634,0.049",Table
647,123,623,153,623,153,634,123,634,0.277",Table
648,170,624,196,624,196,633,170,633,2,400
649,222,624,265,624,265,633,222,633,9924K15,Table
650,293,624,319,624,319,633,293,633,14.77,Table
651,331,624,357,624,357,633,331,633,28.40,Table
652,376,572,391,572,391,582,376,582,OD,Table
653,419,572,438,572,438,582,419,582,Wall,Table
654,466,572,476,572,476,582,466,582,ID,Table
655,514,562,534,562,534,572,514,572,Max,Table
656,539,562,553,562,553,572,539,572,psi,Table
657,514,572,522,572,522,582,514,582,@,Table
658,525,572,541,572,541,582,525,582,72°,Table
659,542,572,548,572,548,582,542,582,F,Table
660,376,584,391,584,391,595,376,595,1/2",Table
661,419,584,448,584,448,595,419,595,0.028",Table
662,466,584,496,584,496,595,466,595,0.444",Table
663,514,585,540,585,540,594,514,594,1,000
664,566,585,608,585,608,594,566,594,9924K16,Table
665,630,585,662,585,662,594,630,594,$14.50,Table
666,669,585,701,585,701,594,669,594,$27.88,Table
667,376,594,391,594,391,605,376,605,1/2",Table
668,419,594,448,594,448,605,419,605,0.035",Table
669,466,594,490,594,490,605,466,605,0.43",Table
670,514,594,540,594,540,604,514,604,1,300
671,566,594,608,594,608,604,566,604,9924K17,Table
672,636,594,662,594,662,604,636,604,17.63,Table
673,675,594,701,594,701,604,675,604,33.90,Table
674,376,604,391,604,391,614,376,614,1/2",Table
675,419,604,448,604,448,614,419,614,0.049",Table
676,466,604,496,604,496,614,466,614,0.402",Table
677,514,604,540,604,540,614,514,614,1,800
678,566,604,608,604,608,614,566,614,9924K18,Table
679,636,604,662,604,662,614,636,614,28.16,Table
680,675,604,701,604,701,614,675,614,54.15,Table
681,376,614,391,614,391,624,376,624,3/4",Table
682,419,614,448,614,448,624,419,624,0.035",Table
683,466,614,490,614,490,624,466,624,0.68",Table
684,522,614,540,614,540,624,522,624,870,Table
685,566,614,608,614,608,624,566,624,9924K19,Table
686,636,614,662,614,662,624,636,624,19.92,Table
687,675,614,701,614,701,624,675,624,38.31,Table
688,376,623,391,623,391,634,376,634,3/4",Table
689,419,623,448,623,448,634,419,634,0.049",Table
690,466,623,496,623,496,634,466,634,0.652",Table
691,514,624,540,624,540,633,514,633,1,200
692,566,624,608,624,608,633,566,633,9924K21,Table
693,636,624,662,624,662,633,636,633,21.96,Table
694,675,624,701,624,701,633,675,633,42.24,Table
695,32,548,47,548,47,557,32,557,Mil,SubsubTitle
696,53,548,78,548,78,557,53,557,Spec,SubsubTitle
697,32,645,120,645,120,660,32,660,Easy-Bend,SubTitle
698,125,645,208,645,208,660,125,660,Aluminum,SubTitle
699,213,645,268,645,268,660,213,660,Tubing,SubTitle
700,32,733,48,733,48,743,32,743,OD,Table
701,65,733,85,733,85,743,65,743,Wall,Table
702,107,733,117,733,117,743,107,743,ID,Table
703,148,723,168,723,168,733,148,733,Max,Table
704,174,723,188,723,188,733,174,733,psi,Table
705,148,733,157,733,157,743,148,743,@,Table
706,159,733,175,733,175,743,159,743,72°,Table
707,177,733,182,733,182,743,177,743,F,Table
708,257,733,268,733,268,743,257,743,10,Table
709,271,733,278,733,278,743,271,743,ft,Table
710,295,733,307,733,307,743,295,743,25,Table
711,310,733,316,733,316,743,310,743,ft,Table
712,334,733,346,733,346,743,334,743,50,Table
713,348,733,355,733,355,743,348,743,ft,Table
714,32,746,48,746,48,756,32,756,1/8",Table
715,65,746,95,746,95,756,65,756,0.025",Table
716,107,746,136,746,136,756,107,756,0.075",Table
717,148,746,174,746,174,756,148,756,2,300
718,194,746,237,746,237,756,194,756,5177K61,Table
719,249,746,280,746,280,756,249,756,$11.53,Table
720,287,746,319,746,319,756,287,756,$13.84,Table
721,326,746,358,746,358,756,326,756,$23.06,Table
722,32,755,52,755,52,766,32,766,3/16",Table
723,65,755,95,755,95,766,65,766,0.028",Table
724,107,755,136,755,136,766,107,766,0.132",Table
725,148,756,174,756,174,765,148,765,1,600
726,194,756,237,756,237,765,194,765,5177K62,Table
727,254,756,280,756,280,765,254,765,14.12,Table
728,293,756,319,756,319,765,293,765,16.95,Table
729,332,756,358,756,358,765,332,765,28.25,Table
730,32,765,48,765,48,775,32,775,1/4",Table
731,65,765,95,765,95,775,65,775,0.032",Table
732,107,765,136,765,136,775,107,775,0.186",Table
733,148,765,174,765,174,775,148,775,1,400
734,194,765,237,765,237,775,194,775,5177K63,Table
735,254,765,280,765,280,775,254,775,16.59,Table
736,293,765,319,765,319,775,293,775,19.91,Table
737,332,765,358,765,358,775,332,775,33.19,Table
738,32,775,48,775,48,785,32,785,1/4",Table
739,65,775,95,775,95,785,65,785,0.049",Table
740,107,775,136,775,136,785,107,785,0.152",Table
741,148,775,174,775,174,785,148,785,2,300
742,194,775,237,775,237,785,194,785,5177K64,Table
743,254,775,280,775,280,785,254,785,18.32,Table
744,293,775,319,775,319,785,293,785,21.98,Table
745,332,775,358,775,358,785,332,785,36.64,Table
746,32,784,52,784,52,795,32,795,5/16",Table
747,65,784,95,784,95,795,65,795,0.035",Table
748,107,784,136,784,136,795,107,795,0.243",Table
749,148,785,174,785,174,794,148,794,1,200
750,194,785,237,785,237,795,194,795,5177K65,Table
751,254,785,280,785,280,794,254,794,18.85,Table
752,293,785,319,785,319,794,293,794,22.62,Table
753,332,785,358,785,358,794,332,794,37.70,Table
754,32,794,48,794,48,805,32,805,3/8",Table
755,65,794,95,794,95,805,65,805,0.035",Table
756,107,794,136,794,136,805,107,805,0.305",Table
757,148,794,174,794,174,804,148,804,1,000
758,194,795,237,795,237,804,194,804,5177K66,Table
759,254,794,280,794,280,804,254,804,22.73,Table
760,293,794,319,794,319,804,293,804,27.28,Table
761,332,794,358,794,358,804,332,804,45.46,Table
762,32,804,48,804,48,814,32,814,3/8",Table
763,65,804,95,804,95,814,65,814,0.049",Table
764,107,804,136,804,136,814,107,814,0.277",Table
765,148,804,174,804,174,814,148,814,1,400
766,194,804,237,804,237,814,194,814,5177K67,Table
767,254,804,280,804,280,814,254,814,28.25,Table
768,293,804,319,804,319,814,293,814,33.89,Table
769,332,804,358,804,358,814,332,814,56.49,Table
770,376,733,391,733,391,743,376,743,OD,Table
771,408,733,428,733,428,743,408,743,Wall,Table
772,450,733,460,733,460,743,450,743,ID,Table
773,491,723,511,723,511,733,491,733,Max,Table
774,517,723,531,723,531,733,517,733,psi,Table
775,491,733,500,733,500,743,491,743,@,Table
776,503,733,518,733,518,743,503,743,72°,Table
777,520,733,526,733,526,743,520,743,F,Table
778,600,733,611,733,611,743,600,743,10,Table
779,614,733,621,733,621,743,614,743,ft,Table
780,639,733,650,733,650,743,639,743,25,Table
781,653,733,659,733,659,743,653,743,ft,Table
782,677,733,689,733,689,743,677,743,50,Table
783,692,733,698,733,698,743,692,743,ft,Table
784,376,746,395,746,395,756,376,756,7/160,Table
785,408,746,438,746,438,756,408,756,0.0350,Table
786,450,746,480,746,480,756,450,756,0.3680,Table
787,500,746,517,746,517,756,500,756,850,Table
788,537,746,580,746,580,756,537,756,5177K68,Table
789,592,746,624,746,624,756,592,756,$26.29,Table
790,630,746,662,746,662,756,630,756,$31.54,Table
791,669,746,701,746,701,756,669,756,$52.57,Table
792,376,755,391,755,391,766,376,766,1/20,Table
793,408,755,438,755,438,766,408,766,0.0350,Table
794,450,755,474,755,474,766,450,766,0.430,Table
795,500,756,517,756,517,765,500,765,740,Table
796,537,756,580,756,580,765,537,765,5177K69,Table
797,598,756,624,756,624,765,598,765,32.77,Table
798,636,756,662,756,662,765,636,765,39.32,Table
799,675,756,701,756,701,765,675,765,65.53,Table
800,376,765,391,765,391,775,376,775,1/20,Table
801,408,765,438,765,438,775,408,775,0.0490,Table
802,450,765,480,765,480,775,450,775,0.4020,Table
803,491,765,517,765,517,775,491,775,1,000
804,537,765,580,765,580,775,537,775,5177K71,Table
805,598,765,624,765,624,775,598,775,36.42,Table
806,636,765,662,765,662,775,636,775,54.62,Table
807,675,765,701,765,701,775,675,775,91.04,Table
808,376,775,391,775,391,785,376,785,1/20,Table
809,408,775,438,775,438,785,408,785,0.0650,Table
810,450,775,474,775,474,785,450,785,0.370,Table
811,491,775,517,775,517,785,491,785,1,400
812,537,775,580,775,580,785,537,785,5177K72,Table
813,598,775,624,775,624,785,598,785,44.38,Table
814,636,775,662,775,662,785,636,785,66.58,Table
815,669,775,701,775,701,785,669,785,110.96,Table
816,376,784,391,784,391,795,376,795,5/80,Table
817,408,784,438,784,438,795,408,795,0.0350,Table
818,450,784,480,784,480,795,450,795,0.5550,Table
819,500,785,517,785,517,794,500,794,580,Table
820,537,785,580,785,580,795,537,795,5177K73,Table
821,598,785,624,785,624,794,598,794,28.48,Table
822,636,785,662,785,662,794,636,794,42.73,Table
823,675,785,701,785,701,794,675,794,71.21,Table
824,376,794,391,794,391,805,376,805,5/80,Table
825,408,794,438,794,438,805,408,805,0.0490,Table
826,450,794,480,794,480,805,450,805,0.5270,Table
827,500,794,517,794,517,804,500,804,830,Table
828,537,795,580,795,580,804,537,804,5177K74,Table
829,598,794,624,794,624,804,598,804,36.26,Table
830,636,794,662,794,662,804,636,804,54.38,Table
831,675,794,701,794,701,804,675,804,90.64,Table
832,153,691,157,691,157,699,153,699,•,List
833,160,689,178,689,178,699,160,699,Use,List
834,181,689,201,689,201,699,181,699,with,List
835,203,689,229,689,229,699,203,699,flared,List
836,232,689,264,689,264,699,232,699,fittings,List
837,160,699,179,699,179,709,160,709,(see,List
838,182,699,205,699,205,709,182,709,page,List
839,208,699,228,699,228,709,208,709,223),List
840,153,681,157,681,157,689,153,689,•,List
841,160,680,185,680,185,689,160,689,Bend,List
842,188,680,199,680,199,689,188,689,by,List
843,202,680,225,680,225,689,202,689,hand,List
844,152,663,157,663,157,671,152,671,•,List
845,160,661,218,661,218,671,160,671,Temperature,List
846,221,661,254,661,254,671,221,671,Range:,List
847,160,671,180,671,180,681,160,681,-40°,List
848,183,671,192,671,192,681,183,681,to,List
849,195,671,216,671,216,681,195,681,180°,List
850,218,671,223,671,223,681,218,681,F,List
851,307,661,332,661,332,671,307,671,Bend,Description
852,336,661,353,661,353,671,336,671,this,Description
853,356,661,380,661,380,671,356,671,3003,Description
854,384,661,430,661,430,671,384,671,aluminum,Description
855,434,661,464,661,464,671,434,671,tubing,Description
856,467,661,485,661,485,671,467,671,into,Description
857,489,661,504,661,504,671,489,671,the,Description
858,507,661,536,661,536,671,507,671,shape,Description
859,540,661,557,661,557,671,540,671,you,Description
860,561,661,585,661,585,671,561,671,need,Description
861,588,661,623,661,623,671,588,671,without,Description
862,627,661,660,661,660,671,627,671,special,Description
863,664,661,687,661,687,671,664,671,tools,Description
864,691,661,701,661,701,671,691,671,or,Description
865,297,671,324,671,324,681,297,681,elbow,Description
866,327,671,358,671,358,681,327,681,fittings,Description
867,364,671,370,671,370,681,364,681,It,Description
868,372,671,412,671,412,681,372,681,contains,Description
869,414,671,468,671,468,681,414,681,manganese,Description
870,471,671,483,671,483,681,471,681,for,Description
871,486,671,510,671,510,681,486,681,good,Description
872,512,671,556,671,556,681,512,681,corrosion,Description
873,558,671,608,671,608,681,558,681,resistance,
874,611,671,652,671,652,681,611,681,strength,
875,655,671,672,671,672,681,655,681,and,Description
876,675,671,701,671,701,681,675,681,weld-,Description
877,297,681,324,681,324,691,297,691,ability,Description
878,329,681,360,681,360,691,329,691,Tubing,Description
879,363,681,370,681,370,691,363,691,is,Description
880,373,681,419,681,419,691,373,691,seamless,
881,422,681,450,681,450,691,422,691,which,Description
882,453,681,492,681,492,691,453,691,provides,Description
883,495,681,501,681,501,691,495,691,a,Description
884,504,681,539,681,539,691,504,691,smooth,Description
885,542,681,574,681,574,691,542,691,interior,Description
886,577,681,589,681,589,691,577,691,for,Description
887,592,681,647,681,647,691,592,691,unrestricted,Description
888,650,681,670,681,670,691,650,691,flow,Description
889,675,681,681,681,681,691,675,691,It,Description
890,684,681,701,681,701,691,684,691,can,Description
891,297,691,308,691,308,700,297,700,be,Description
892,311,691,337,691,337,700,311,700,flared,Description
893,339,691,373,691,373,700,339,700,without,Description
894,376,691,412,691,412,700,376,700,splitting,Description
895,418,691,436,691,436,700,418,700,Use,Description
896,439,691,458,691,458,700,439,700,with,Description
897,460,691,488,691,488,700,460,700,water,
898,490,691,504,691,504,700,490,700,air,
899,506,691,542,691,542,700,506,700,alcohol,
900,545,691,562,691,562,700,545,700,and,Description
901,565,691,576,691,576,700,565,700,oil,Description
902,581,691,612,691,612,700,581,700,Tubing,Description
903,614,691,643,691,643,700,614,700,meets,Description
904,645,691,674,691,674,700,645,700,ASTM,Description
905,676,691,701,691,701,700,676,700,B483,Description
906,297,700,314,700,314,710,297,710,and,Description
907,317,700,334,700,334,710,317,710,has,Description
908,336,700,342,700,342,710,336,710,a,Description
909,345,700,362,700,362,710,345,710,soft,Description
910,365,700,398,700,398,710,365,710,temper,Description
911,403,700,418,700,418,710,403,710,OD,Description
912,421,700,464,700,464,710,421,710,tolerance,Description
913,467,700,475,700,475,710,467,710,is,Description
914,478,700,514,700,514,711,478,711,±0.004",Description
915,32,825,109,825,109,841,32,841,Precision,SubTitle
916,114,825,156,825,156,841,114,841,Steel,SubTitle
917,161,825,216,825,216,841,161,841,Tubing,SubTitle
918,32,921,47,921,47,931,32,931,OD,Table
919,93,921,113,921,113,931,93,931,Wall,Table
920,152,921,163,921,163,931,152,931,ID,Table
921,212,911,232,911,232,921,212,921,Max,Table
922,238,911,251,911,251,921,238,921,psi,Table
923,212,921,220,921,220,931,212,931,@,Table
924,223,921,239,921,239,931,223,931,72°,Table
925,240,921,246,921,246,931,240,931,F,Table
926,334,921,345,921,345,931,334,931,25,Table
927,348,921,355,921,355,931,348,931,ft,Table
928,32,933,52,933,52,944,32,944,3/16",Table
929,93,933,123,933,123,944,93,944,0.028",Table
930,152,933,182,933,182,944,152,944,0.132",Table
931,212,934,238,934,238,943,212,943,3,600
932,271,934,314,934,314,943,271,943,5176K22,Table
933,326,934,357,934,357,943,326,943,$20.39,Table
934,32,943,47,943,47,953,32,953,1/4",Table
935,93,943,123,943,123,953,93,953,0.028",Table
936,152,943,182,943,182,953,152,953,0.194",Table
937,212,943,238,943,238,953,212,953,2,600
938,271,943,314,943,314,953,271,953,5176K23,Table
939,331,943,357,943,357,953,331,953,22.89,Table
940,375,921,391,921,391,931,375,931,OD,Table
941,436,921,456,921,456,931,436,931,Wall,Table
942,496,921,506,921,506,931,496,931,ID,Table
943,555,911,575,911,575,921,555,921,Max,Table
944,581,911,595,911,595,921,581,921,psi,Table
945,555,921,563,921,563,931,555,931,@,Table
946,566,921,582,921,582,931,566,931,72°,Table
947,583,921,589,921,589,931,583,931,F,Table
948,677,921,688,921,688,931,677,931,25,Table
949,691,921,698,921,698,931,691,931,ft,Table
950,375,933,395,933,395,944,375,944,5/16",Table
951,436,933,466,933,466,944,436,944,0.028",Table
952,496,933,525,933,525,944,496,944,0.257",Table
953,555,934,581,934,581,943,555,943,2,100
954,614,934,657,934,657,943,614,943,5176K24,Table
955,669,934,701,934,701,943,669,943,$28.14,Table
956,375,943,391,943,391,953,375,953,3/8",Table
957,436,943,466,943,466,953,436,953,0.028",Table
958,496,943,525,943,525,953,496,953,0.319",Table
959,555,943,581,943,581,953,555,953,1,600
960,614,943,657,943,657,953,614,953,5176K25,Table
961,675,943,701,943,701,953,675,953,34.91,Table
962,152,872,157,872,157,879,152,879,•,List
963,160,870,178,870,178,880,160,880,Use,List
964,181,870,200,870,200,880,181,880,with,List
965,203,870,263,870,263,880,203,880,compression,List
966,160,880,191,880,191,889,160,889,fittings,List
967,194,880,213,880,213,889,194,889,(see,List
968,216,880,239,880,239,889,216,889,page,List
969,242,880,262,880,262,889,242,889,209),List
970,152,862,157,862,157,870,152,870,•,List
971,160,860,185,860,185,870,160,870,Bend,List
972,187,860,207,860,207,870,187,870,with,List
973,210,860,215,860,215,870,210,870,a,List
974,218,860,239,860,239,870,218,870,tube,List
975,242,860,275,860,275,870,242,870,bender,List
976,307,842,328,842,328,852,307,852,With,Description
977,331,842,346,842,346,852,331,852,the,Description
978,349,842,379,842,379,852,349,852,lowest,Description
979,382,842,397,842,397,852,382,852,OD,Description
980,400,842,443,842,443,852,400,852,tolerance,Description
981,446,842,455,842,455,852,446,852,of,Description
982,458,842,469,842,469,852,458,852,all,Description
983,472,842,487,842,487,852,472,852,our,Description
984,490,842,512,842,512,852,490,852,steel,Description
985,515,842,547,842,547,852,515,852,tubing,
986,550,842,566,842,566,852,550,852,this,Description
987,569,842,599,842,599,852,569,852,tubing,Description
988,602,842,609,842,609,852,602,852,is,Description
989,612,842,655,842,655,852,612,852,designed,Description
990,658,842,671,842,671,852,658,852,for,Description
991,674,842,701,842,701,852,674,852,preci-,Description
992,297,852,316,852,316,862,297,862,sion,Description
993,319,852,375,852,375,862,319,862,applications,Description
994,382,852,402,852,402,862,382,862,Also,Description
995,405,852,436,852,436,862,405,862,known,Description
996,439,852,450,852,450,862,439,862,as,Description
997,453,852,505,852,505,862,453,862,Bundyweld,Description
998,508,852,541,852,541,862,508,862,tubing,
999,544,852,549,852,549,862,544,862,it,Description
1000,553,852,560,852,560,862,553,862,is,Description
1001,563,852,592,852,592,862,563,862,plated,Description
1002,596,852,615,852,615,862,596,862,with,Description
1003,618,852,651,852,651,862,618,862,copper,Description
1004,654,852,672,852,672,862,654,862,and,Description
1005,675,852,701,852,701,862,675,862,rolled,Description
1006,297,862,314,862,314,871,297,871,into,Description
1007,317,862,322,862,322,871,317,871,a,Description
1008,325,862,349,862,349,871,325,871,tube,
1009,351,862,372,862,372,871,351,871,then,Description
1010,374,862,389,862,389,871,374,871,the,Description
1011,392,862,425,862,425,871,392,871,copper,Description
1012,427,862,435,862,435,871,427,871,is,Description
1013,437,862,469,862,469,871,437,871,melted,Description
1014,472,862,481,862,481,871,472,871,to,Description
1015,484,862,505,862,505,871,484,871,form,Description
1016,508,862,514,862,514,871,508,871,a,Description
1017,516,862,546,862,546,871,516,871,strong,Description
1018,548,862,590,862,590,871,548,871,cohesive,Description
1019,592,862,616,862,616,871,592,871,bond,Description
1020,622,862,637,862,637,871,622,871,For,Description
1021,640,862,670,862,670,871,640,871,added,Description
1022,672,862,701,862,701,871,672,871,corro-,Description
1023,297,871,316,871,316,881,297,881,sion,Description
1024,319,871,369,871,369,881,319,881,resistance,
1025,371,871,401,871,401,881,371,881,tubing,Description
1026,403,871,411,871,411,881,403,881,is,Description
1027,414,871,450,871,450,881,414,881,finished,Description
1028,452,871,472,871,472,881,452,881,with,Description
1029,474,871,480,871,480,881,474,881,a,Description
1030,483,871,503,871,503,881,483,881,coat,Description
1031,506,871,515,871,515,881,506,881,of,Description
1032,518,871,596,871,596,881,518,881,aluminum-based,Description
1033,598,871,621,871,621,881,598,881,paint,Description
1034,624,871,633,871,633,881,624,881,or,Description
1035,636,871,655,871,655,881,636,881,zinc,Description
1036,660,871,679,871,679,881,660,881,Use,Description
1037,681,871,701,871,701,881,681,881,with,Description
1038,297,881,339,881,339,891,297,891,hydraulic,Description
1039,342,881,361,881,361,891,342,891,fluid,Description
1040,364,881,374,881,374,891,364,891,or,Description
1041,376,881,395,881,395,891,376,891,R22,Description
1042,398,881,445,881,445,891,398,891,refrigerant,Description
1043,451,881,482,881,482,891,451,891,Tubing,Description
1044,485,881,514,881,514,891,485,891,meets,Description
1045,516,881,545,881,545,891,516,891,ASTM,Description
1046,548,881,572,881,572,891,548,891,A254,Description
1047,575,881,592,881,592,891,575,891,and,Description
1048,595,881,615,881,615,891,595,891,SAE,Description
1049,618,881,641,881,641,891,618,891,J527,Description
1050,646,881,652,881,652,891,646,891,It,Description
1051,655,881,672,881,672,891,655,891,has,Description
1052,675,881,680,881,680,891,675,891,a,Description
1053,683,881,701,881,701,891,683,891,soft,Description
1054,297,891,330,891,330,900,297,900,temper,Description
1055,334,891,350,891,350,900,334,900,OD,Description
1056,352,891,396,891,396,900,352,900,tolerance,Description
1057,398,891,406,891,406,900,398,900,is,Description
1058,409,890,445,890,445,901,409,901,±0.003",Description
1059,152,844,157,844,157,851,152,851,•,List
1060,160,842,218,842,218,852,160,852,Temperature,List
1061,221,842,254,842,254,852,221,852,Range:,List
1062,160,852,180,852,180,862,160,862,-40°,List
1063,183,852,192,852,192,862,183,862,to,List
1064,195,852,216,852,216,862,195,862,250°,List
1065,218,852,223,852,223,862,218,862,F,List
1066,72,52,89,52,89,62,72,62,For,Description
1067,92,52,151,52,151,62,92,62,information,Description
1068,154,52,183,52,183,62,154,62,about,Description
1069,186,52,215,52,215,62,186,62,metal,Description
1070,218,52,253,52,253,62,218,62,tubing,
1071,256,52,274,52,274,62,256,62,see,Description
1072,277,52,302,52,302,62,277,62,page,Description
1073,305,52,323,52,323,62,305,62,176,Description
1074,32,88,117,88,117,142,32,142,##LTFigure##,Image
1075,32,661,142,661,142,715,32,715,##LTFigure##,Image
1076,32,842,142,842,142,902,32,902,##LTFigure##,Image
1077,301,196,316,196,316,206,301,206,3 ft,Table
1078,340,196,355,196,355,206,340,206,6 ft,Table
1079,644,196,659,196,659,206,644,206,3 ft,Table
1080,301,572,316,572,316,582,301,582,3 ft,Table
1081,340,572,355,572,355,582,340,582,6 ft,Table
1082,644,572,659,572,659,582,644,582,3 ft,Table
1083,683,572,698,572,698,582,683,582,6 ft,Table
