0,709,960,729,960,729,973,709,973,11,PageNumber
1,324,29,418,29,418,48,324,48,Stainless,Title
2,425,29,478,29,478,48,425,48,Steel,Title
3,485,29,531,29,531,48,485,48,Pipe,Title
4,537,29,615,29,615,48,537,48,Nipples,Title
5,621,29,636,29,636,48,621,48,&,Title
6,643,29,689,29,689,48,643,48,Pipe,Title
7,309,942,372,942,372,953,309,953,(Continued,Table
8,375,942,390,942,390,953,375,953,on,Table
9,393,942,445,942,445,953,393,953,following,Table
10,448,942,480,942,480,953,448,953,page),Table
11,583,60,649,60,649,71,583,71,(Continued),SubTitle
12,329,86,350,86,350,96,329,96,NPT,TableTitle
13,353,86,400,86,400,96,353,96,Threaded,TableTitle
14,403,86,415,86,415,96,403,96,on,TableTitle
15,418,86,438,86,438,96,418,96,One,TableTitle
16,441,86,460,86,460,96,441,96,End,TableTitle
17,60,96,81,96,81,106,60,106,Pipe,Table
18,60,106,80,106,80,116,60,116,Size,Table
19,175,106,184,106,184,116,175,116,1",Table
20,204,106,225,106,225,116,204,116,1 1/2",Table
21,257,106,266,106,266,116,257,116,2",Table
22,286,106,307,106,307,116,286,116,2 1/2",Table
23,338,106,348,106,348,116,338,116,3",Table
24,369,106,390,106,390,116,369,116,3 1/2" ,Table
25,423,106,432,106,432,116,423,116,4",Table
26,454,106,475,106,475,116,454,116,4 1/2",Table
27,508,106,517,106,517,116,508,116,5",Table
28,538,106,559,106,559,116,538,116,5 1/2" ,Table
29,592,106,602,106,602,116,592,116,6",Table
30,635,106,644,106,644,116,635,116,8",Table
31,671,106,686,106,686,116,671,116,10",Table
32,714,106,729,106,729,116,714,116,12",Table
33,66,118,78,118,78,128,66,128,1/8,Table
34,92,118,144,118,144,128,92,128,.9157K161,Table
35,158,118,184,118,184,128,158,128,$1.65,Table
36,199,118,225,118,225,128,199,128,$1.65,Table
37,240,118,266,118,266,128,240,128,$1.92,Table
38,281,118,307,118,307,128,281,128,$2.20,Table
39,322,118,348,118,348,128,322,128,$2.47,Table
40,364,118,390,118,390,128,364,128,$2.85,Table
41,406,118,432,118,432,128,406,128,$3.10,Table
42,449,118,475,118,475,128,449,128,$3.38,Table
43,491,118,517,118,517,128,491,128,$3.68,Table
44,533,118,559,118,559,128,533,128,$3.95,Table
45,576,118,602,118,602,128,576,128,$4.25,Table
46,618,118,644,118,644,128,618,128,$5.54,Table
47,660,118,686,118,686,128,660,128,$6.73,Table
48,703,118,729,118,729,128,703,128,$7.88,Table
49,66,128,78,128,78,138,66,138,1/4,Table
50,92,128,144,128,144,138,92,138,.9157K162,Table
51,164,128,184,128,184,138,164,138,1.45,Table
52,205,128,225,128,225,138,205,138,1.76,Table
53,246,128,266,128,266,138,246,138,2.09,Table
54,287,128,307,128,307,138,287,138,2.44,Table
55,328,128,348,128,348,138,328,138,2.80,Table
56,370,128,390,128,390,138,370,138,3.24,Table
57,412,128,432,128,432,138,412,138,3.62,Table
58,455,128,475,128,475,138,455,138,4.01,Table
59,497,128,517,128,517,138,497,138,4.34,Table
60,539,128,559,128,559,138,539,138,4.72,Table
61,582,128,602,128,602,138,582,138,5.05,Table
62,624,128,644,128,644,138,624,138,6.68,Table
63,666,128,686,128,686,138,666,138,8.18,Table
64,709,128,729,128,729,138,709,138,9.61,Table
65,66,138,78,138,78,148,66,148,3/8,Table
66,92,138,144,138,144,148,92,148,.9157K163,Table
67,164,138,184,138,184,147,164,147,1.73,Table
68,205,138,225,138,225,147,205,147,2.03,Table
69,246,138,266,138,266,147,246,147,2.42,Table
70,287,138,307,138,307,147,287,147,2.83,Table
71,328,138,348,138,348,147,328,147,3.27,Table
72,370,138,390,138,390,147,370,147,3.82,Table
73,412,138,432,138,432,147,412,147,4.23,Table
74,455,138,475,138,475,147,455,147,4.64,Table
75,497,138,517,138,517,147,497,147,5.08,Table
76,539,138,559,138,559,147,539,147,5.52,Table
77,582,138,602,138,602,147,582,147,5.93,Table
78,624,138,644,138,644,147,624,147,7.88,Table
79,666,138,686,138,686,147,666,147,9.69,Table
80,703,138,729,138,729,147,703,147,11.36,Table
81,66,147,78,147,78,157,66,157,1/2,Table
82,92,147,144,147,144,157,92,157,.9157K164,Table
83,164,147,184,147,184,157,164,157,2.11,Table
84,205,147,225,147,225,157,205,157,2.50,Table
85,246,147,266,147,266,157,246,157,2.91,Table
86,287,147,307,147,307,157,287,157,3.43,Table
87,328,147,348,147,348,157,328,157,3.95,Table
88,370,147,390,147,390,157,370,157,4.61,Table
89,412,147,432,147,432,157,412,157,5.16,Table
90,455,147,475,147,475,157,455,157,5.69,Table
91,497,147,517,147,517,157,497,157,6.24,Table
92,539,147,559,147,559,157,539,157,6.75,Table
93,582,147,602,147,602,157,582,157,7.27,Table
94,624,147,644,147,644,157,624,157,9.64,Table
95,660,147,686,147,686,157,660,157,11.89,Table
96,703,147,729,147,729,157,703,157,13.98,Table
97,66,157,78,157,78,167,66,167,3/4,Table
98,92,157,144,157,144,167,92,167,.9157K165,Table
99,164,157,184,157,184,167,164,167,2.64,Table
100,205,157,225,157,225,167,205,167,2.80,Table
101,246,157,266,157,266,167,246,167,3.24,Table
102,287,157,307,157,307,167,287,167,3.84,Table
103,328,157,348,157,348,167,328,167,4.42,Table
104,370,157,390,157,390,167,370,167,5.14,Table
105,412,157,432,157,432,167,412,167,5.74,Table
106,455,157,475,157,475,167,455,167,6.35,Table
107,497,157,517,157,517,167,497,167,6.92,Table
108,539,157,559,157,559,167,539,167,7.50,Table
109,582,157,602,157,602,167,582,167,8.07,Table
110,618,157,644,157,644,167,618,167,10.65,Table
111,660,157,686,157,686,167,660,167,13.12,Table
112,703,157,729,157,729,167,703,167,15.48,Table
113,60,170,66,170,66,179,60,179,1,Table
114,96,170,144,170,144,179,96,179,9157K166,Table
115,205,170,225,170,225,179,205,179,3.51,Table
116,246,170,266,170,266,179,246,179,4.31,Table
117,287,170,307,170,307,179,287,179,5.02,Table
118,328,170,348,170,348,179,328,179,5.79,Table
119,370,170,390,170,390,179,370,179,6.75,Table
120,412,170,432,170,432,179,412,179,7.55,Table
121,455,170,475,170,475,179,455,179,8.34,Table
122,497,170,517,170,517,179,497,179,9.11,Table
123,539,170,559,170,559,179,539,179,9.88,Table
124,576,170,602,170,602,179,576,179,10.68,Table
125,618,170,644,170,644,179,618,179,14.22,Table
126,660,170,686,170,686,179,660,179,17.51,Table
127,703,170,729,170,729,179,703,179,20.64,Table
128,60,179,78,179,78,189,60,189,1 1/4,Table
129,92,179,144,179,144,189,92,189,.9157K167,Table
130,205,179,225,179,225,189,205,189,4.72,Table
131,246,179,266,179,266,189,246,189,5.46,Table
132,287,179,307,179,307,189,287,189,6.37,Table
133,328,179,348,179,348,189,328,189,7.36,Table
134,370,179,390,179,390,189,370,189,8.60,Table
135,412,179,432,179,432,189,412,189,9.61,Table
136,449,179,475,179,475,189,449,189,10.63,Table
137,491,179,517,179,517,189,491,189,11.62,Table
138,533,179,559,179,559,189,533,189,12.61,Table
139,576,179,602,179,602,189,576,189,13.59,Table
140,618,179,644,179,644,189,618,189,17.93,Table
141,660,179,686,179,686,189,660,189,22.18,Table
142,703,179,729,179,729,189,703,189,26.17,Table
143,60,189,78,189,78,199,60,199,1 1/2,Table
144,92,189,144,189,144,199,92,199,.9157K168,Table
145,205,189,225,189,225,199,205,199,5.46,Table
146,246,189,266,189,266,199,246,199,5.87,Table
147,287,189,307,189,307,199,287,199,6.97,Table
148,328,189,348,189,348,199,328,199,8.10,Table
149,370,189,390,189,390,199,370,199,9.47,Table
150,406,189,432,189,432,199,406,199,10.57,Table
151,449,189,475,189,475,199,449,199,11.69,Table
152,491,189,517,189,517,199,491,199,12.79,Table
153,533,189,559,189,559,199,533,199,13.89,Table
154,576,189,602,189,602,199,576,199,14.99,Table
155,618,189,644,189,644,199,618,199,19.87,Table
156,660,189,686,189,686,199,660,199,24.54,Table
157,703,189,729,189,729,199,703,199,28.97,Table
158,60,199,66,199,66,209,60,209,2,Table
159,96,199,144,199,144,209,96,209,9157K169,Table
160,246,199,266,199,266,209,246,209,8.43,Table
161,287,199,307,199,307,209,287,209,9.06,Table
162,322,199,348,199,348,209,322,209,10.32,Table
163,364,199,390,199,390,209,364,209,12.13,Table
164,406,199,432,199,432,209,406,209,13.53,Table
165,449,199,475,199,475,209,449,209,14.96,Table
166,491,199,517,199,517,209,491,209,16.39,Table
167,533,199,559,199,559,209,533,209,17.82,Table
168,576,199,602,199,602,209,576,209,19.24,Table
169,618,199,644,199,644,209,618,209,25.69,Table
170,660,199,686,199,686,209,660,209,31.79,Table
171,703,199,729,199,729,209,703,209,37.50,Table
172,60,208,78,208,78,218,60,218,2 1/2,Table
173,92,208,144,208,144,218,92,218,9157K171,Table
174,281,209,307,209,307,218,281,218,16.66,Table
175,322,209,348,209,348,218,322,218,18.83,Table
176,364,209,390,209,390,218,364,218,21.61,Table
177,406,209,432,209,432,218,406,218,23.72,Table
178,449,209,475,209,475,218,449,218,25.51,Table
179,491,209,517,209,517,218,491,218,21.36,Table
180,533,209,559,209,559,218,533,218,27.67,Table
181,576,209,602,209,602,218,576,218,31.98,Table
182,618,209,644,209,644,218,618,218,41.93,Table
183,660,209,686,209,686,218,660,218,51.17,Table
184,703,209,729,209,729,218,703,218,59.84,Table
185,60,221,66,221,66,231,60,231,3,Table
186,96,221,144,221,144,231,96,231,9157K172,Table
187,281,221,307,221,307,231,281,231,22.84,Table
188,322,221,348,221,348,231,322,231,25.23,Table
189,364,221,390,221,390,231,364,231,28.75,Table
190,406,221,432,221,432,231,406,231,31.51,Table
191,449,221,475,221,475,231,449,231,32.06,Table
192,491,221,517,221,517,231,491,231,34.84,Table
193,533,221,559,221,559,231,533,231,37.64,Table
194,576,221,602,221,602,231,576,231,40.08,Table
195,618,221,644,221,644,231,618,231,54.84,Table
196,660,221,686,221,686,231,660,231,66.68,Table
197,703,221,729,221,729,231,703,231,77.82,Table
198,60,231,66,231,66,241,60,241,4,Table
199,96,231,144,231,144,241,96,241,9157K173,Table
200,281,231,307,231,307,241,281,241,28.34,Table
201,322,231,348,231,348,241,322,241,29.76,Table
202,364,231,390,231,390,241,364,241,39.25,Table
203,406,231,432,231,432,241,406,241,39.23,Table
204,449,231,475,231,475,241,449,241,42.60,Table
205,491,231,517,231,517,241,491,241,46.36,Table
206,533,231,559,231,559,241,533,241,50.21,Table
207,576,231,602,231,602,241,576,241,53.91,Table
208,618,231,644,231,644,241,618,241,73.37,Table
209,660,231,686,231,686,241,660,241,89.49,Table
210,697,231,729,231,729,241,697,241,104.67,Table
211,60,241,66,241,66,250,60,250,6,Table
212,96,241,144,241,144,250,96,250,9157K174,Table
213,358,241,390,241,390,250,358,250,170.26,Table
214,401,241,432,241,432,250,401,250,196.23,Table
215,443,241,475,241,475,250,443,250,207.72,Table
216,485,241,517,241,517,250,485,250,245.34,Table
217,528,241,559,241,559,250,528,250,256.82,Table
218,570,241,602,241,602,250,570,250,268.29,Table
219,612,241,644,241,644,250,612,250,314.25,Table
220,655,241,686,241,686,250,655,250,360.19,Table
221,697,241,729,241,729,250,697,250,406.13,Table
222,60,274,81,274,81,284,60,284,Pipe,Table
223,60,284,80,284,80,293,60,293,Size,Table
224,96,284,108,284,108,293,96,293,Lg,Table
225,60,296,72,296,72,306,60,306,1/8,Table
226,96,296,111,296,111,306,96,306,3/4",Table
227,132,296,174,296,174,306,132,306,2427K11,Table
228,188,296,214,296,214,306,188,306,$1.73,Table
229,60,306,72,306,72,316,60,316,1/4,Table
230,96,306,111,306,111,316,96,316,7/8",Table
231,132,306,174,306,174,316,132,316,2427K21,Table
232,194,306,214,306,214,316,194,316,1.67,Table
233,343,264,371,264,371,274,343,274,BSPT,TableTitle
234,373,264,396,264,396,274,373,274,Fully,TableTitle
235,399,264,446,264,446,274,399,274,Threaded,TableTitle
236,60,463,81,463,81,472,60,472,Pipe,Table
237,60,472,80,472,80,482,60,482,Size,Table
238,96,472,108,472,108,482,96,482,Lg,Table
239,60,485,72,485,72,495,60,495,1/8,Table
240,97,485,112,485,112,495,97,495,3/4",Table
241,132,485,180,485,180,495,132,495,2427K111,Table
242,188,485,214,485,214,495,188,495,$2.00,Table
243,61,495,73,495,73,504,61,504,1/4,Table
244,97,494,112,494,112,505,97,505,7/8",Table
245,132,495,180,495,180,504,132,504,2427K121,Table
246,194,495,214,495,214,504,194,504,1.97,Table
247,328,453,356,453,356,463,328,463,BSPT,TableTitle
248,356,455,364,455,364,462,356,462,@,TableTitle
249,365,453,386,453,386,463,365,463,NPT,TableTitle
250,388,453,411,453,411,463,388,463,Fully,TableTitle
251,414,453,461,453,461,463,414,463,Threaded,TableTitle
252,60,339,81,339,81,349,60,349,Pipe,Table
253,60,349,80,349,80,359,60,359,Size,Table
254,197,349,218,349,218,359,197,359,1 1/2",Table
255,292,349,302,349,302,359,292,359,2",Table
256,376,349,386,349,386,359,376,359,3",Table
257,459,349,468,349,468,359,459,359,4",Table
258,541,349,551,349,551,359,541,359,6",Table
259,625,349,640,349,640,359,625,359,12",Table
260,715,349,730,349,730,359,715,359,36",Table
261,66,361,78,361,78,371,66,371,1/8,Table
262,132,361,180,361,180,371,132,371,2427K901,Table
263,192,361,218,361,218,371,192,371,$2.30,Table
264,276,361,302,361,302,371,276,371,$3.23,Table
265,360,361,386,361,386,371,360,371,$3.50,Table
266,442,361,468,361,468,371,442,371,$4.77,Table
267,525,361,551,361,551,371,525,371,$6.30,Table
268,608,361,640,361,640,371,608,371,$10.77,Table
269,697,361,729,361,729,371,697,371,$26.56,Table
270,66,371,78,371,78,381,66,381,1/4,Table
271,132,371,180,371,180,381,132,381,2427K902,Table
272,198,371,218,371,218,381,198,381,1.97,Table
273,282,371,302,371,302,381,282,381,3.24,Table
274,366,371,386,371,386,381,366,381,2.90,Table
275,448,371,468,371,468,381,448,381,4.48,Table
276,531,371,551,371,551,381,531,381,5.72,Table
277,620,371,640,371,640,381,620,381,9.24,Table
278,703,371,729,371,729,381,703,381,20.80,Table
279,66,381,78,381,78,391,66,391,3/8,Table
280,132,381,180,381,180,391,132,391,2427K903,Table
281,198,381,218,381,218,391,198,391,2.30,Table
282,282,381,302,381,302,391,282,391,3.68,Table
283,366,381,386,381,386,391,366,391,3.43,Table
284,448,381,468,381,468,391,448,391,5.28,Table
285,531,381,551,381,551,391,531,391,6.76,Table
286,614,381,640,381,640,391,614,391,11.36,Table
287,703,381,729,381,729,391,703,391,24.38,Table
288,66,390,78,390,78,400,66,400,1/2,Table
289,132,391,180,391,180,400,132,400,2427K904,Table
290,198,391,218,391,218,400,198,400,2.83,Table
291,282,391,302,391,302,400,282,400,4.40,Table
292,366,391,386,391,386,400,366,400,4.33,Table
293,448,391,468,391,468,400,448,400,6.32,Table
294,531,391,551,391,551,400,531,400,8.36,Table
295,614,391,640,391,640,400,614,400,14.08,Table
296,703,391,729,391,729,400,703,400,31.78,Table
297,66,400,78,400,78,410,66,410,3/4,Table
298,132,400,180,400,180,410,132,410,2427K905,Table
299,198,400,218,400,218,410,198,410,3.50,Table
300,282,400,302,400,302,410,282,410,5.28,Table
301,366,400,386,400,386,410,366,410,5.40,Table
302,448,400,468,400,468,410,448,410,7.76,Table
303,525,400,551,400,551,410,525,410,10.40,Table
304,614,400,640,400,640,410,614,410,17.76,Table
305,703,400,729,400,729,410,703,410,40.44,Table
306,60,410,66,410,66,420,60,420,1,Table
307,132,410,180,410,180,420,132,420,2427K906,Table
308,282,410,302,410,302,420,282,420,6.60,Table
309,366,410,386,410,386,420,366,420,7.30,Table
310,442,410,468,410,468,420,442,420,10.20,Table
311,525,410,551,410,551,420,525,420,13.80,Table
312,614,410,640,410,640,420,614,420,24.48,Table
313,703,410,729,410,729,420,703,420,54.12,Table
314,60,420,78,420,78,429,60,429,11/2,Table
315,132,420,180,420,180,429,132,429,2427K907,Table
316,282,420,302,420,302,429,282,429,9.96,Table
317,360,420,386,420,386,429,360,429,11.73,Table
318,442,420,468,420,468,429,442,429,16.00,Table
319,525,420,551,420,551,429,525,429,22.08,Table
320,614,420,640,420,640,429,614,429,40.20,Table
321,703,420,729,420,729,429,703,429,90.09,Table
322,60,429,66,429,66,439,60,439,2,Table
323,132,429,180,429,180,439,132,439,2427K908,Table
324,360,429,386,429,386,439,360,439,15.07,Table
325,442,429,468,429,468,439,442,439,20.32,Table
326,525,429,551,429,551,439,525,439,28.32,Table
327,614,429,640,429,640,439,614,439,52.52,Table
328,697,429,729,429,729,439,697,439,109.72,Table
329,322,329,349,329,349,339,322,339,BSPT,TableTitle
330,352,329,399,329,399,339,352,339,Threaded,TableTitle
331,401,329,414,329,414,339,401,339,on,TableTitle
332,417,329,440,329,440,339,417,339,Both,TableTitle
333,443,329,467,329,467,339,443,339,Ends,TableTitle
334,60,528,81,528,81,538,60,538,Pipe,Table
335,60,538,80,538,80,547,60,547,Size,Table
336,197,537,218,537,218,548,197,548,11/20,Table
337,292,537,302,537,302,548,292,548,20,Table
338,376,537,386,537,386,548,376,548,30,Table
339,459,537,468,537,468,548,459,548,40,Table
340,541,537,551,537,551,548,541,548,60,Table
341,625,537,640,537,640,548,625,548,120,Table
342,714,537,729,537,729,548,714,548,360,Table
343,66,550,78,550,78,560,66,560,1/8,Table
344,132,550,180,550,180,560,132,560,2427K911,Table
345,192,550,218,550,218,560,192,560,$2.60,Table
346,276,550,302,550,302,560,276,560,$3.23,Table
347,360,550,386,550,386,560,360,560,$3.80,Table
348,442,550,468,550,468,560,442,560,$4.77,Table
349,525,550,551,550,551,560,525,560,$6.30,Table
350,608,550,640,550,640,560,608,560,$10.77,Table
351,697,550,729,550,729,560,697,560,$28.88,Table
352,66,560,78,560,78,570,66,570,1/4,Table
353,132,560,180,560,180,570,132,570,2427K912,Table
354,198,560,218,560,218,570,198,570,2.27,Table
355,282,560,302,560,302,570,282,570,3.24,Table
356,366,560,386,560,386,570,366,570,3.20,Table
357,448,560,468,560,468,570,448,570,4.48,Table
358,531,560,551,560,551,570,531,570,5.72,Table
359,620,560,640,560,640,570,620,570,9.24,Table
360,703,560,729,560,729,570,703,570,22.60,Table
361,66,570,78,570,78,579,66,579,3/8,Table
362,132,570,180,570,180,579,132,579,2427K913,Table
363,198,570,218,570,218,579,198,579,2.60,Table
364,282,570,302,570,302,579,282,579,3.68,Table
365,366,570,386,570,386,579,366,579,3.73,Table
366,448,570,468,570,468,579,448,579,5.28,Table
367,531,570,551,570,551,579,531,579,6.76,Table
368,614,570,640,570,640,579,614,579,11.36,Table
369,703,570,729,570,729,579,703,579,47.50,Table
370,66,579,78,579,78,589,66,589,1/2,Table
371,132,579,180,579,180,589,132,589,2427K914,Table
372,198,579,218,579,218,589,198,589,3.13,Table
373,282,579,302,579,302,589,282,589,4.40,Table
374,366,579,386,579,386,589,366,589,4.63,Table
375,448,579,468,579,468,589,448,589,6.32,Table
376,531,579,551,579,551,589,531,589,8.36,Table
377,614,579,640,579,640,589,614,589,14.08,Table
378,703,579,729,579,729,589,703,589,34.53,Table
379,66,589,78,589,78,599,66,599,3/4,Table
380,132,589,180,589,180,599,132,599,2427K915,Table
381,198,589,218,589,218,599,198,599,3.80,Table
382,282,589,302,589,302,599,282,599,5.28,Table
383,366,589,386,589,386,599,366,599,5.70,Table
384,448,589,468,589,468,599,448,599,7.76,Table
385,525,589,551,589,551,599,525,599,10.40,Table
386,614,589,640,589,640,599,614,599,17.76,Table
387,703,589,729,589,729,599,703,599,43.97,Table
388,60,599,66,599,66,609,60,609,1,Table
389,132,599,180,599,180,609,132,609,2427K916,Table
390,282,599,302,599,302,609,282,609,6.60,Table
391,366,599,386,599,386,609,366,609,7.60,Table
392,442,599,468,599,468,609,442,609,10.20,Table
393,525,599,551,599,551,609,525,609,13.80,Table
394,614,599,640,599,640,609,614,609,24.48,Table
395,703,599,729,599,729,609,703,609,58.82,Table
396,60,608,78,608,78,618,60,618,11/2,Table
397,132,609,180,609,180,618,132,618,2427K917,Table
398,282,609,302,609,302,618,282,618,9.96,Table
399,360,609,386,609,386,618,360,618,12.63,Table
400,442,609,468,609,468,618,442,618,16.00,Table
401,525,609,551,609,551,618,525,618,22.08,Table
402,614,609,640,609,640,618,614,618,40.20,Table
403,703,609,729,609,729,618,703,618,97.91,Table
404,60,618,66,618,66,628,60,628,2,Table
405,132,618,180,618,180,628,132,628,2427K918,Table
406,360,618,386,618,386,628,360,628,16.07,Table
407,442,618,468,618,468,628,442,628,20.32,Table
408,525,618,551,618,551,628,525,628,28.32,Table
409,614,618,640,618,640,628,614,628,52.52,Table
410,697,618,729,618,729,628,697,628,119.28,Table
411,307,518,334,518,334,528,307,528,BSPT,TableTitle
412,335,520,343,520,343,528,335,528,@,TableTitle
413,343,518,364,518,364,528,343,528,NPT,TableTitle
414,367,518,414,518,414,528,367,528,Threaded,TableTitle
415,416,518,429,518,429,528,416,528,on,TableTitle
416,431,518,455,518,455,528,431,528,Both,TableTitle
417,457,518,482,518,482,528,457,528,Ends,TableTitle
418,63,675,68,675,68,683,63,683,â€¢,List
419,71,674,89,674,89,684,71,684,Use,List
420,92,674,111,674,111,684,92,684,with,List
421,114,674,127,674,127,684,114,684,air,,List
422,130,674,162,674,162,684,130,684,natural,List
423,165,674,185,674,185,684,165,684,gas,,List
424,187,674,201,674,201,684,187,684,oil,,List
425,204,674,235,674,235,684,204,684,steam,,List
426,238,674,264,674,264,684,238,684,water,List
427,313,674,340,674,340,684,313,684,1/8-3/8,Description
428,343,674,363,674,363,684,343,684,pipe,Description
429,366,674,390,674,390,684,366,684,sizes,Description
430,393,674,407,674,407,684,393,684,are,Description
431,410,674,456,674,456,684,410,684,seamless;,Description
432,459,674,481,674,481,684,459,684,1/2-6,Description
433,484,674,504,674,504,684,484,684,pipe,Description
434,507,674,530,674,530,684,507,684,sizes,Description
435,533,674,548,674,548,684,533,684,are,Description
436,551,674,584,674,584,684,551,684,welded,Description
437,590,674,602,674,602,684,590,684,All,Description
438,605,674,628,674,628,684,605,684,meet,Description
439,631,674,687,674,687,684,631,684,ANSI/ASME,Description
440,690,674,729,674,729,684,690,684,B1.20.1,,Description
441,303,684,331,684,331,693,303,693,ASTM,Description
442,334,684,361,684,361,693,334,693,A312,,Description
443,364,684,381,684,381,693,364,693,and,Description
444,384,684,413,684,413,693,384,693,ASTM,Description
445,416,684,440,684,440,693,416,693,A733,Description
446,60,710,81,710,81,720,60,720,Pipe,Table
447,60,720,80,720,80,729,60,729,Size,Table
448,96,720,108,720,108,729,96,729,Lg,Table
449,60,732,72,732,72,742,60,742,1/8,Table
450,102,732,117,732,117,742,102,742,3/4",Table
451,132,732,180,732,180,742,132,742,4548K111,Table
452,188,732,214,732,214,742,188,742,$1.67,Table
453,60,742,72,742,72,752,60,752,1/4,Table
454,102,742,117,742,117,752,102,752,7/8",Table
455,132,742,180,742,180,752,132,752,4548K131,Table
456,194,742,214,742,214,752,194,752,1.91,Table
457,60,751,72,751,72,761,60,761,3/8,Table
458,96,751,106,751,106,762,96,762,1",Table
459,132,752,180,752,180,761,132,761,4548K381,Table
460,194,752,214,752,214,761,194,761,2.28,Table
461,232,710,253,710,253,720,232,720,Pipe,Table
462,232,720,252,720,252,729,232,729,Size,Table
463,268,720,279,720,279,729,268,729,Lg,Table
464,238,732,249,732,249,742,238,742,1/2,Table
465,264,732,289,732,289,742,264,742,1 1/8",Table
466,303,732,351,732,351,742,303,742,4548K171,Table
467,360,732,386,732,386,742,360,742,$2.97,Table
468,238,742,249,742,249,752,238,752,3/4,Table
469,264,742,289,742,289,752,264,752,1 3/8",Table
470,303,742,351,742,351,752,303,752,4548K191,Table
471,365,742,386,742,386,752,365,752,3.78,Table
472,232,752,238,752,238,761,232,761,1,Table
473,268,751,289,751,289,762,268,762,1 1/2",Table
474,303,752,351,752,351,761,303,761,4548K221,Table
475,365,752,386,752,386,761,365,761,5.16,Table
476,404,710,424,710,424,720,404,720,Pipe,Table
477,404,720,423,720,423,729,404,729,Size,Table
478,439,720,451,720,451,729,439,729,Lg,Table
479,404,732,421,732,421,742,404,742,1 1/4,Table
480,436,732,460,732,460,742,436,742,1 5/8",Table
481,475,732,523,732,523,742,475,742,4548K241,Table
482,531,732,557,732,557,742,531,742,$7.04,Table
483,404,742,421,742,421,752,404,752,1 1/2,Table
484,436,742,460,742,460,752,436,752,1 3/4",Table
485,475,742,523,742,523,752,475,752,4548K261,Table
486,537,742,557,742,557,752,537,752,8.34,Table
487,404,752,409,752,409,761,404,761,2,Table
488,439,751,449,751,449,762,439,762,20,Table
489,475,752,523,752,523,761,475,761,4548K281,Table
490,531,752,557,752,557,761,531,761,12.00,Table
491,575,710,596,710,596,720,575,720,Pipe,Table
492,575,720,595,720,595,729,575,729,Size,Table
493,608,720,620,720,620,729,608,729,Lg,Table
494,575,732,592,732,592,742,575,742,2 1/2,Table
495,608,732,629,732,629,742,608,742,2 1/2",Table
496,640,732,688,732,688,742,640,742,4548K123,Table
497,697,732,729,732,729,742,697,742,$21.48,Table
498,575,742,581,742,581,752,575,752,3,Table
499,608,742,629,742,629,752,608,752,2 5/8",Table
500,640,742,688,742,688,752,640,752,4548K124,Table
501,703,742,729,742,729,752,703,752,29.61,Table
502,575,752,581,752,581,761,575,761,4,Table
503,608,751,629,751,629,762,608,762,2 7/8",Table
504,640,752,688,752,688,761,640,761,4548K125,Table
505,703,752,729,752,729,761,703,761,38.91,Table
506,346,700,367,700,367,710,346,710,NPT,TableTitle
507,370,700,393,700,393,710,370,710,Fully,TableTitle
508,396,700,443,700,443,710,396,710,Threaded,TableTitle
509,60,662,105,662,105,672,60,672,316/316L,SubsubTitle
510,108,662,153,662,153,672,108,672,Stainless,SubsubTitle
511,156,662,181,662,181,672,156,672,Steel,SubsubTitle
512,60,75,105,75,105,84,60,84,304/304L,SubsubTitle
513,108,75,153,75,153,84,108,84,Stainless,SubsubTitle
514,156,75,181,75,181,84,156,84,Steel,SubsubTitle
515,184,75,211,75,211,84,184,84,(Cont,SubsubTitle
516,214,75,217,75,217,84,214,84,),SubsubTitle
517,60,56,177,56,177,72,60,72,Standard-Wall,SubTitle
518,182,56,257,56,257,72,182,72,Stainless,SubTitle
519,262,56,304,56,304,72,262,72,Steel,SubTitle
520,309,56,387,56,387,72,309,72,Threaded,SubTitle
521,393,56,429,56,429,72,393,72,Pipe,SubTitle
522,434,56,496,56,496,72,434,72,Nipples,SubTitle
523,501,56,531,56,531,72,501,72,and,SubTitle
524,536,56,573,56,573,72,536,72,Pipe,SubTitle
525,329,775,350,775,350,785,329,785,NPT,TableTitle
526,353,775,400,775,400,785,353,785,Threaded,TableTitle
527,403,775,415,775,415,785,403,785,on,TableTitle
528,418,775,438,775,438,785,418,785,One,TableTitle
529,441,775,460,775,460,785,441,785,End,TableTitle
530,60,785,81,785,81,795,60,795,Pipe,Table
531,60,795,80,795,80,804,60,804,Size,Table
532,175,794,184,794,184,805,175,805,1",Table
533,204,794,225,794,225,805,204,805,1 1/2",Table
534,257,794,266,794,266,805,257,805,2',Table
535,286,794,307,794,307,805,286,805,2 1/2",Table
536,338,794,348,794,348,805,338,805,3",Table
537,369,794,390,794,390,805,369,805,3 1/2",Table
538,423,794,432,794,432,805,423,805,4",Table
539,454,794,475,794,475,805,454,805,4 1/2",Table
540,508,794,517,794,517,805,508,805,5",Table
541,538,794,559,794,559,805,538,805,5 1/2",Table
542,592,794,602,794,602,805,592,805,6",Table
543,635,794,644,794,644,805,635,805,8",Table
544,671,794,686,794,686,805,671,805,10",Table
545,714,794,729,794,729,805,714,805,12",Table
546,66,807,78,807,78,817,66,817,1/8,Table
547,92,807,143,807,143,817,92,817,9110T801,Table
548,364,807,390,807,390,817,364,817,$3.44,Table
549,449,807,475,807,475,817,449,817,$4.17,Table
550,491,807,517,807,517,817,491,817,$4.53,Table
551,533,807,559,807,559,817,533,817,$4.89,Table
552,618,807,644,807,644,817,618,817,$6.86,Table
553,660,807,686,807,686,817,660,817,$8.43,Table
554,703,807,729,807,729,817,703,817,$9.88,Table
555,66,817,78,817,78,827,66,827,1/4,Table
556,92,817,143,817,143,827,92,827,9110T802,Table
557,158,817,184,817,184,827,158,827,$1.62,Table
558,199,817,225,817,225,827,199,827,$2.03,Table
559,240,817,266,817,266,827,240,827,$2.44,Table
560,281,817,307,817,307,827,281,827,$2.85,Table
561,322,817,348,817,348,827,322,827,$3.29,Table
562,370,817,390,817,390,827,370,827,3.84,Table
563,406,817,432,817,432,827,406,827,$4.34,Table
564,455,817,475,817,475,827,455,827,4.78,Table
565,497,817,517,817,517,827,497,827,5.22,Table
566,539,817,559,817,559,827,539,827,5.65,Table
567,576,817,602,817,602,827,576,827,$6.07,Table
568,624,817,644,817,644,827,624,827,8.07,Table
569,666,817,686,817,686,827,666,827,9.94,Table
570,703,817,729,817,729,827,703,827,11.67,Table
571,66,826,78,826,78,836,66,836,3/8,Table
572,92,826,143,826,143,836,92,836,9110T803,Table
573,164,827,184,827,184,836,164,836,1.95,Table
574,205,827,225,827,225,836,205,836,2.36,Table
575,246,827,266,827,266,836,246,836,2.85,Table
576,287,827,307,827,307,836,287,836,3.38,Table
577,328,827,348,827,348,836,328,836,3.90,Table
578,370,827,390,827,390,836,370,836,4.56,Table
579,412,827,432,827,432,836,412,836,5.08,Table
580,455,827,475,827,475,836,455,836,5.60,Table
581,497,827,517,827,517,836,497,836,6.15,Table
582,539,827,559,827,559,836,539,836,6.68,Table
583,582,827,602,827,602,836,582,836,7.19,Table
584,624,827,644,827,644,836,624,836,9.58,Table
585,660,827,686,827,686,836,660,836,11.80,Table
586,703,827,729,827,729,836,703,836,13.92,Table
587,66,836,78,836,78,846,66,846,1/2,Table
588,92,836,143,836,143,846,92,846,9110T804,Table
589,164,836,184,836,184,846,164,846,2.55,Table
590,205,836,225,836,225,846,205,846,3.05,Table
591,246,836,266,836,266,846,246,846,3.65,Table
592,287,836,307,836,307,846,287,846,4.34,Table
593,328,836,348,836,348,846,328,846,5.02,Table
594,370,836,390,836,390,846,370,846,5.91,Table
595,412,836,432,836,432,846,412,846,6.62,Table
596,455,836,475,836,475,846,455,846,7.33,Table
597,497,836,517,836,517,846,497,846,8.02,Table
598,539,836,559,836,559,846,539,846,8.71,Table
599,582,836,602,836,602,846,582,846,9.42,Table
600,618,836,644,836,644,846,618,846,12.52,Table
601,660,836,686,836,686,846,660,846,15.48,Table
602,703,836,729,836,729,846,703,846,18.28,Table
603,66,846,78,846,78,856,66,856,3/4,Table
604,92,846,143,846,143,856,92,856,9110T805,Table
605,164,846,184,846,184,856,164,856,3.24,Table
606,205,846,225,846,225,856,205,856,3.43,Table
607,246,846,266,846,266,856,246,856,4.09,Table
608,287,846,307,846,307,856,287,856,4.86,Table
609,328,846,348,846,348,856,328,856,5.65,Table
610,370,846,390,846,390,856,370,856,6.62,Table
611,412,846,432,846,432,856,412,856,7.41,Table
612,455,846,475,846,475,856,455,856,8.21,Table
613,497,846,517,846,517,856,497,856,8.34,Table
614,539,846,559,846,559,856,539,856,9.75,Table
615,576,846,602,846,602,856,576,856,10.54,Table
616,618,846,644,846,644,856,618,856,13.98,Table
617,660,846,686,846,686,856,660,856,17.33,Table
618,703,846,729,846,729,856,703,856,20.46,Table
619,60,859,66,859,66,868,60,868,1,Table
620,96,859,143,859,143,868,96,868,9110T806,Table
621,205,859,225,859,225,868,205,868,4.42,Table
622,246,859,266,859,266,868,246,868,5.46,Table
623,287,859,307,859,307,868,287,868,6.45,Table
624,328,859,348,859,348,868,328,868,7.49,Table
625,370,859,390,859,390,868,370,868,8.82,Table
626,412,859,432,859,432,868,412,868,9.88,Table
627,449,859,475,859,475,868,449,868,10.96,Table
628,491,859,517,859,517,868,491,868,12.00,Table
629,533,859,559,859,559,868,533,868,13.07,Table
630,576,859,602,859,602,868,576,868,14.08,Table
631,618,859,644,859,644,868,618,868,18.78,Table
632,660,859,686,859,686,868,660,868,23.28,Table
633,703,859,729,859,729,868,703,868,27.50,Table
634,60,868,78,868,78,878,60,878,1 1/4,Table
635,92,868,143,868,143,878,92,878,9110T807,Table
636,205,868,225,868,225,878,205,878,6.04,Table
637,246,868,266,868,266,878,246,878,7.05,Table
638,287,868,307,868,307,878,287,878,8.32,Table
639,328,868,348,868,348,878,328,878,9.72,Table
640,364,868,390,868,390,878,364,878,11.45,Table
641,406,868,432,868,432,878,406,878,12.79,Table
642,449,868,475,868,475,878,449,878,14.16,Table
643,491,868,517,868,517,878,491,878,15.57,Table
644,533,868,559,868,559,878,533,878,16.94,Table
645,576,868,602,868,602,878,576,878,18.28,Table
646,618,868,644,868,644,878,618,878,24.21,Table
647,660,868,686,868,686,878,660,878,30.07,Table
648,703,868,729,868,729,878,703,878,35.56,Table
649,60,878,78,878,78,888,60,888,1 1/2,Table
650,92,878,143,878,143,888,92,888,9110T808,Table
651,205,878,225,878,225,888,205,888,7.14,Table
652,246,878,266,878,266,888,246,888,7.80,Table
653,287,878,307,878,307,888,287,888,9.36,Table
654,322,878,348,878,348,888,322,888,10.90,Table
655,364,878,390,878,390,888,364,888,12.88,Table
656,406,878,432,878,432,888,406,888,14.41,Table
657,449,878,475,878,475,888,449,888,15.98,Table
658,491,878,517,878,517,888,491,888,17.54,Table
659,533,878,559,878,559,888,533,888,19.11,Table
660,576,878,602,878,602,888,576,888,20.61,Table
661,618,878,644,878,644,888,618,888,27.43,Table
662,660,878,686,878,686,888,660,888,34.04,Table
663,703,878,729,878,729,888,703,888,40.28,Table
664,60,888,66,888,66,897,60,897,2,Table
665,96,888,143,888,143,897,96,897,9110T809,Table
666,240,888,266,888,266,897,240,897,11.04,Table
667,281,888,307,888,307,897,281,897,12.27,Table
668,322,888,348,888,348,897,322,897,14.14,Table
669,364,888,390,888,390,897,364,897,16.74,Table
670,406,888,432,888,432,897,406,897,18.72,Table
671,449,888,475,888,475,897,449,897,20.81,Table
672,491,888,517,888,517,897,491,897,22.84,Table
673,533,888,559,888,559,897,533,897,24.87,Table
674,576,888,602,888,602,897,576,897,26.90,Table
675,618,888,644,888,644,897,618,897,36.00,Table
676,660,888,686,888,686,897,660,897,44.66,Table
677,703,888,729,888,729,897,703,897,52.81,Table
678,60,897,78,897,78,907,60,907,2 1/2,Table
679,92,897,143,897,143,907,92,907,9110T811,Table
680,364,897,390,897,390,907,364,907,28.86,Table
681,449,897,475,897,475,907,449,907,34.75,Table
682,491,897,517,897,517,907,491,907,37.88,Table
683,533,897,559,897,559,907,533,907,41.01,Table
684,618,897,644,897,644,907,618,907,58.22,Table
685,660,897,686,897,686,907,660,907,71.56,Table
686,703,897,729,897,729,907,703,907,84.13,Table
687,60,910,66,910,66,920,60,920,3,Table
688,96,910,143,910,143,920,96,920,9110T812,Table
689,281,910,307,910,307,920,281,920,30.03,Table
690,322,910,348,910,348,920,322,920,33.05,Table
691,364,910,390,910,390,920,364,920,38.16,Table
692,406,910,432,910,432,920,406,920,42.14,Table
693,449,910,475,910,475,920,449,920,43.98,Table
694,491,910,517,910,517,920,491,920,48.01,Table
695,533,910,559,910,559,920,533,920,52.05,Table
696,576,910,602,910,602,920,576,920,56.03,Table
697,618,910,644,910,644,920,618,920,75.82,Table
698,660,910,686,910,686,920,660,920,92.97,Table
699,697,910,729,910,729,920,697,920,109.14,Table
700,60,920,66,920,66,929,60,929,4,Table
701,96,920,143,920,143,929,96,929,9110T813,Table
702,281,920,307,920,307,929,281,929,35.88,Table
703,322,920,348,920,348,929,322,929,39.47,Table
704,364,920,390,920,390,929,364,929,53.03,Table
705,406,920,432,920,432,929,406,929,53.01,Table
706,449,920,475,920,475,929,449,929,58.00,Table
707,491,920,517,920,517,929,491,929,63.41,Table
708,533,920,559,920,559,929,533,929,68.84,Table
709,576,920,602,920,602,929,576,929,74.17,Table
710,612,920,644,920,644,929,612,929,100.55,Table
711,655,920,686,920,686,929,655,929,123.58,Table
712,697,920,729,920,729,929,697,929,145.24,Table
713,60,929,66,929,66,939,60,939,6,Table
714,96,929,143,929,143,939,96,939,9110T814,Table
715,358,929,390,929,390,939,358,939,205.72,Table
716,401,929,432,929,432,939,401,939,235.37,Table
717,443,929,475,929,475,939,443,939,251.77,Table
718,485,929,517,929,517,939,485,939,294.24,Table
719,528,929,559,929,559,939,528,939,310.62,Table
720,570,929,602,929,602,939,570,939,327.01,Table
721,612,929,644,929,644,939,612,939,392.51,Table
722,655,929,686,929,686,939,655,939,458.04,Table
723,697,929,729,929,729,939,697,939,523.55,Table
724,575,274,596,274,596,284,575,284,Pipe,Table
725,575,284,595,284,595,293,575,293,Size,Table
726,611,284,622,284,622,293,611,293,Lg,Table
727,575,296,592,296,592,306,575,306,1 1/2,Table
728,607,296,632,296,632,306,607,306,1 3/4",Table
729,646,296,689,296,689,306,646,306,2427K71,Table
730,703,296,729,296,729,306,703,306,$8.00,Table
731,575,306,581,306,581,316,575,316,2,Table
732,611,306,620,306,620,316,611,316,2",Table
733,646,306,689,306,689,316,646,316,2427K81,Table
734,703,306,729,306,729,316,703,316,10.97,Table
735,404,274,424,274,424,284,404,284,Pipe,Table
736,404,284,423,284,423,293,404,293,Size,Table
737,439,284,451,284,451,293,439,293,Lg,Table
738,409,296,421,296,421,306,409,306,3/4,Table
739,436,296,460,296,460,306,436,306,1 3/8",Table
740,475,296,517,296,517,306,475,306,2427K51,Table
741,531,296,557,296,557,306,531,306,$3.37,Table
742,404,306,409,306,409,316,404,316,1,Table
743,439,306,460,306,460,316,439,316,1 1/2",Table
744,475,306,517,306,517,316,475,316,2427K61,Table
745,537,306,557,306,557,316,537,316,4.63,Table
746,232,274,253,274,253,284,232,284,Pipe,Table
747,232,284,252,284,252,293,232,293,Size,Table
748,268,284,279,284,279,293,268,293,Lg,Table
749,232,296,243,296,243,306,232,306,3/8,Table
750,268,296,277,296,277,306,268,306,1",Table
751,303,296,345,296,345,306,303,306,2427K31,Table
752,360,296,386,296,386,306,360,306,$1.97,Table
753,232,306,243,306,243,316,232,316,1/2,Table
754,268,306,289,306,289,316,268,316,1 1/8",Table
755,303,306,345,306,345,316,303,316,2427K41,Table
756,365,306,386,306,386,316,365,316,2.53,Table
757,232,463,253,463,253,472,232,472,Pipe,Table
758,232,472,252,472,252,482,232,482,Size,Table
759,268,472,279,472,279,482,268,482,Lg,Table
760,232,485,243,485,243,495,232,495,3/8,Table
761,268,485,277,485,277,495,268,495,1",Table
762,303,485,351,485,351,495,303,495,2427K131,Table
763,360,485,386,485,386,495,360,495,$2.27,Table
764,232,495,243,495,243,504,232,504,1/2,Table
765,269,494,290,494,290,505,269,505,1 1/8",Table
766,303,495,351,495,351,504,303,504,2427K141,Table
767,365,495,386,495,386,504,365,504,2.83,Table
768,404,463,424,463,424,472,404,472,Pipe,Table
769,404,472,423,472,423,482,404,482,Size,Table
770,439,472,451,472,451,482,439,482,Lg,Table
771,409,485,421,485,421,495,409,495,3/4,Table
772,437,485,461,485,461,495,437,495,1 3/8",Table
773,475,485,523,485,523,495,475,495,2427K151,Table
774,531,485,557,485,557,495,531,495,$3.67,Table
775,404,495,409,495,409,504,404,504,1,Table
776,440,494,461,494,461,505,440,505,1 1/2",Table
777,475,495,523,495,523,504,475,504,2427K161,Table
778,537,495,557,495,557,504,537,504,4.93,Table
779,575,463,596,463,596,472,575,472,Pipe,Table
780,575,472,595,472,595,482,575,482,Size,Table
781,611,472,622,472,622,482,611,482,Lg,Table
782,575,485,592,485,592,495,575,495,1 1/2,Table
783,608,485,633,485,633,495,608,495,1 3/4",Table
784,646,485,694,485,694,495,646,495,2427K171,Table
785,703,485,729,485,729,495,703,495,$8.90,Table
786,575,495,581,495,581,504,575,504,2,Table
787,611,494,620,494,620,505,611,505,2",Table
788,646,495,694,495,694,504,646,504,2427K181,Table
789,703,495,729,495,729,504,703,504,11.97,Table
