0,32,960,62,960,62,973,32,973,170,PageNumber
1,72,29,211,29,211,48,72,48,Polyethylene,
2,218,29,365,29,365,48,218,48,Polypropylene,Title
3,372,29,386,29,386,48,372,48,&,Title
4,393,29,542,29,542,48,393,48,Polycarbonate,Title
5,549,29,618,29,618,48,549,48,Tubing,Title
6,32,198,42,198,42,208,32,208,ID,Table
7,74,198,89,198,89,208,74,208,OD,Table
8,103,198,123,198,123,208,103,208,Wall,Table
9,139,188,164,188,164,198,139,198,Bend,Table
10,139,198,171,198,171,208,139,208,Radius,Table
11,176,179,196,179,196,188,176,188,Max,Table
12,176,188,190,188,190,198,176,198,psi,Table
13,193,188,201,188,201,198,193,198,@,Table
14,176,198,192,198,192,208,176,208,72°,Table
15,193,198,199,198,199,208,193,208,F,Table
16,209,198,249,198,249,208,209,208,Lengths,
17,252,198,258,198,258,208,252,208,ft,Table
18,328,198,343,198,343,208,328,208,Per,Table
19,346,198,355,198,355,208,346,208,Ft,Table
20,32,211,88,211,88,221,32,221,Semi-Clear,Table
21,90,211,119,211,119,221,90,221,White,Table
22,43,220,57,220,57,231,43,231,1/8",Table
23,79,220,94,220,94,231,79,231,1/4",Table
24,109,220,128,220,128,231,109,231,1/16",Table
25,145,220,165,220,165,231,145,231,2 1/2",Table
26,176,221,193,221,193,230,176,230,450,Table
27,209,221,223,221,223,230,209,230,25,
28,225,221,239,221,239,230,225,230,50,
29,242,221,259,221,259,230,242,230,100,Table
30,280,221,328,221,328,230,280,230,50375K41,Table
31,331,221,357,221,357,230,331,230,$0.15,Table
32,37,230,60,230,60,240,37,240,0.17",Table
33,79,230,94,230,94,240,79,240,1/4",Table
34,103,230,127,230,127,240,103,240,0.04",Table
35,145,230,165,230,165,240,145,240,2 1/2",Table
36,176,230,193,230,193,240,176,240,260,Table
37,209,230,223,230,223,240,209,240,25,
38,225,230,239,230,239,240,225,240,50,
39,242,230,259,230,259,240,242,240,100,Table
40,280,230,328,230,328,240,280,240,50375K43,Table
41,346,230,357,230,357,240,346,240,12,Table
42,43,240,62,240,62,250,43,250,3/16",Table
43,79,240,98,240,98,250,79,250,5/16",Table
44,109,240,128,240,128,250,109,250,1/16",Table
45,145,240,154,240,154,250,145,250,30,Table
46,176,240,193,240,193,250,176,250,340,Table
47,209,240,223,240,223,250,209,250,25,
48,225,240,239,240,239,250,225,250,50,
49,242,240,259,240,259,250,242,250,100,Table
50,280,240,328,240,328,250,280,250,50375K45,Table
51,346,240,357,240,357,250,346,250,20,Table
52,43,249,57,249,57,260,43,260,1/4",Table
53,79,249,94,249,94,260,79,260,3/8",Table
54,109,249,128,249,128,260,109,260,1/16",Table
55,145,249,165,249,165,260,145,260,3 3/4",Table
56,176,250,193,250,193,259,176,259,270,Table
57,209,250,223,250,223,259,209,259,25,
58,225,250,239,250,239,259,225,259,50,
59,242,250,259,250,259,259,242,259,100,Table
60,280,250,328,250,328,259,280,259,50375K47,Table
61,346,250,357,250,357,259,346,259,23,Table
62,43,259,62,259,62,270,43,270,5/16",Table
63,79,259,98,259,98,270,79,270,7/16",Table
64,109,259,128,259,128,270,109,270,1/16",Table
65,145,259,165,259,165,270,145,270,4 1/4",Table
66,176,259,193,259,193,269,176,269,220,Table
67,209,259,223,259,223,269,209,269,25,
68,225,259,239,259,239,269,225,269,50,
69,242,259,259,259,259,269,242,269,100,Table
70,280,259,328,259,328,269,280,269,50375K48,Table
71,346,259,357,259,357,269,346,269,31,Table
72,43,269,57,269,57,279,43,279,3/8",Table
73,79,269,94,269,94,279,79,279,1/2",Table
74,109,269,128,269,128,279,109,279,1/16",Table
75,145,269,154,269,154,279,145,279,50,Table
76,176,269,193,269,193,279,176,279,190,Table
77,209,269,223,269,223,279,209,279,25,
78,225,269,239,269,239,279,225,279,50,
79,242,269,259,269,259,279,242,279,100,Table
80,280,269,328,269,328,279,280,279,50375K49,Table
81,346,269,357,269,357,279,346,279,27,Table
82,43,281,57,281,57,292,43,292,1/2",Table
83,79,281,94,281,94,292,79,292,5/8",Table
84,109,281,128,281,128,292,109,292,1/16",Table
85,145,281,165,281,165,292,145,292,6 1/4",Table
86,176,282,193,282,193,291,176,291,150,Table
87,209,282,223,282,223,291,209,291,25,
88,225,282,239,282,239,291,225,291,50,
89,242,282,259,282,259,291,242,291,100,Table
90,280,282,328,282,328,291,280,291,50375K51,Table
91,346,282,357,282,357,291,346,291,35,Table
92,37,291,55,291,55,301,37,301,0.6",Table
93,79,291,94,291,94,301,79,301,3/4",Table
94,103,291,132,291,132,301,103,301,0.075",Table
95,145,291,165,291,165,301,145,301,7 1/2",Table
96,176,291,193,291,193,301,176,301,150,Table
97,209,291,223,291,223,301,209,301,25,
98,225,291,239,291,239,301,225,301,50,
99,242,291,259,291,259,301,242,301,100,Table
100,280,291,328,291,328,301,280,301,50375K52,Table
101,346,291,357,291,357,301,346,301,51,Table
102,43,301,57,301,57,311,43,311,5/8",Table
103,79,301,94,301,94,311,79,311,3/4",Table
104,109,301,128,301,128,311,109,311,1/16",Table
105,145,301,165,301,165,311,145,311,7 1/2",Table
106,176,301,193,301,193,311,176,311,120,Table
107,209,301,223,301,223,311,209,311,25,
108,225,301,239,301,239,311,225,311,50,
109,242,301,259,301,259,311,242,311,100,Table
110,280,301,328,301,328,311,280,311,50375K53,Table
111,346,301,357,301,357,311,346,311,44,Table
112,43,311,57,311,57,321,43,321,3/4",Table
113,79,311,94,311,94,321,79,321,7/8",Table
114,109,311,128,311,128,321,109,321,1/16",Table
115,145,311,165,311,165,321,145,321,8 3/4",Table
116,176,311,193,311,193,321,176,321,100,Table
117,209,311,223,311,223,321,209,321,25,
118,225,311,239,311,239,321,225,321,50,
119,242,311,259,311,259,321,242,321,100,Table
120,280,311,328,311,328,321,280,321,50375K54,Table
121,346,311,357,311,357,321,346,321,55,Table
122,43,320,57,320,57,331,43,331,3/4",Table
123,74,320,83,320,83,331,74,331,1",Table
124,109,320,123,320,123,331,109,331,1/8",Table
125,139,320,154,320,154,331,139,331,10",Table
126,176,321,193,321,193,330,176,330,190,Table
127,209,321,223,321,223,330,209,330,10,
128,225,321,239,321,239,330,225,330,25,
129,242,321,256,321,256,330,242,330,50,
130,258,321,275,321,275,330,258,330,100,Table
131,280,321,328,321,328,330,280,330,50375K57,Table
132,346,321,357,321,357,330,346,330,99,Table
133,37,330,66,330,66,340,37,340,0.814",Table
134,74,330,83,330,83,340,74,340,1",Table
135,109,330,128,330,128,340,109,340,3/32",Table
136,139,330,154,330,154,340,139,340,10",Table
137,176,330,193,330,193,340,176,340,140,Table
138,209,330,223,330,223,340,209,340,10,
139,225,330,239,330,239,340,225,340,25,
140,242,330,256,330,256,340,242,340,50,
141,258,330,275,330,275,340,258,340,100,Table
142,280,330,328,330,328,340,280,340,50375K55,Table
143,346,330,357,330,357,340,346,340,85,Table
144,375,198,385,198,385,208,375,208,ID,Table
145,409,198,425,198,425,208,409,208,OD,Table
146,435,198,454,198,454,208,435,208,Wall,Table
147,464,188,489,188,489,198,464,198,Bend,Table
148,464,198,497,198,497,208,464,208,Radius,Table
149,506,179,526,179,526,188,506,188,Max,Table
150,506,188,520,188,520,198,506,198,psi,Table
151,523,188,531,188,531,198,523,198,@,Table
152,506,198,522,198,522,208,506,208,72°,Table
153,523,198,529,198,529,208,523,208,F,Table
154,539,198,579,198,579,208,539,208,Lengths,
155,582,198,588,198,588,208,582,208,ft,Table
156,671,198,686,198,686,208,671,208,Per,Table
157,689,198,698,198,698,208,689,208,Ft,Table
158,375,211,431,211,431,220,375,220,Semi-Clear,Table
159,434,211,462,211,462,220,434,220,White,Table
160,465,211,492,211,492,220,465,220,(Cont,Table
161,495,211,498,211,498,220,495,220,),Table
162,386,220,400,220,400,230,386,230,7/8",Table
163,409,220,419,220,419,230,409,230,1",Table
164,440,220,459,220,459,230,440,230,1/16",Table
165,464,220,479,220,479,230,464,230,10",Table
166,512,220,523,220,523,230,512,230,90,Table
167,539,220,553,220,553,230,539,230,10,
168,555,220,569,220,569,230,555,230,25,
169,572,220,586,220,586,230,572,230,50,
170,588,220,605,220,605,230,588,230,100,Table
171,623,220,671,220,671,230,623,230,50375K58,Table
172,675,220,701,220,701,230,675,230,$0.63,Table
173,380,230,390,230,390,240,380,240,1",Table
174,409,230,429,230,429,240,409,240,1 1/4",Table
175,440,230,455,230,455,240,440,240,1/8",Table
176,464,230,490,230,490,240,464,240,12 1/2",Table
177,506,230,523,230,523,240,506,240,150,Table
178,539,230,547,230,547,240,539,240,5,
179,550,230,564,230,564,240,550,240,10,
180,566,230,580,230,580,240,566,240,25,
181,583,230,597,230,597,240,583,240,50,
182,599,230,616,230,616,240,599,240,100,Table
183,623,230,671,230,671,240,623,240,50375K59,Table
184,680,230,701,230,701,240,680,240,2.00,Table
185,380,240,400,240,400,250,380,250,1 1/4",Table
186,409,240,429,240,429,250,409,250,1 1/2",Table
187,440,240,455,240,455,250,440,250,1/8",Table
188,464,240,479,240,479,250,464,250,15",Table
189,506,240,523,240,523,250,506,250,120,Table
190,539,240,547,240,547,250,539,250,5,
191,550,240,564,240,564,250,550,250,10,
192,566,240,580,240,580,250,566,250,25,
193,583,240,597,240,597,250,583,250,50,
194,599,240,616,240,616,250,599,250,100,Table
195,623,240,671,240,671,250,623,250,50375K61,Table
196,680,240,701,240,701,250,680,250,1.53,Table
197,380,249,400,249,400,260,380,260,1 1/2",Table
198,409,249,429,249,429,260,409,260,1 3/4",Table
199,440,249,455,249,455,260,440,260,1/8",Table
200,464,249,490,249,490,260,464,260,17 1/2",Table
201,506,250,523,250,523,259,506,259,100,Table
202,539,250,547,250,547,259,539,259,5,
203,550,250,564,250,564,259,550,259,10,
204,566,250,580,250,580,259,566,259,25,
205,583,250,597,250,597,259,583,259,50,
206,599,250,616,250,616,259,599,259,100,Table
207,623,250,671,250,671,259,623,259,50375K63,Table
208,680,250,701,250,701,259,680,259,1.79,Table
209,380,259,400,259,400,269,380,269,1 3/4",Table
210,409,259,419,259,419,269,409,269,2",Table
211,440,259,455,259,455,269,440,269,1/8",Table
212,464,259,479,259,479,269,464,269,20",Table
213,512,259,523,259,523,269,512,269,90,Table
214,539,259,547,259,547,269,539,269,5,
215,550,259,564,259,564,269,550,269,10,
216,566,259,580,259,580,269,566,269,25,
217,583,259,597,259,597,269,583,269,50,
218,599,259,616,259,616,269,599,269,100,Table
219,623,259,671,259,671,269,623,269,50375K64,Table
220,680,259,701,259,701,269,680,269,2.06,Table
221,380,269,390,269,390,279,380,279,20,Table
222,409,269,429,269,429,279,409,279,2 1/4",Table
223,440,269,455,269,455,279,440,279,1/8" ,Table
224,464,269,490,269,490,279,464,279,22 1/2",Table
225,512,269,523,269,523,279,512,279,80,Table
226,539,269,547,269,547,279,539,279,5,
227,550,269,564,269,564,279,550,279,10,
228,566,269,580,269,580,279,566,279,25,
229,583,269,597,269,597,279,583,279,50,
230,599,269,616,269,616,279,599,279,100,Table
231,623,269,671,269,671,279,623,279,50375K65,Table
232,680,269,701,269,701,279,680,279,2.34,Table
233,375,281,414,281,414,291,375,291,Opaque,Table
234,417,281,445,281,445,291,417,291,Black,Table
235,380,291,404,291,404,301,380,301,0.17",Table
236,415,291,429,291,429,301,415,301,1/4",Table
237,435,291,458,291,458,301,435,301,0.04",Table
238,470,291,490,291,490,301,470,301,2 1/2",Table
239,506,291,523,291,523,301,506,301,260,Table
240,539,291,553,291,553,301,539,301,25,
241,555,291,569,291,569,301,555,301,50,
242,572,291,589,291,589,301,572,301,100,Table
243,623,291,671,291,671,301,623,301,50375K81,Table
244,689,291,701,291,701,301,689,301,12,Table
245,386,301,400,301,400,311,386,311,1/4",Table
246,415,301,429,301,429,311,415,311,3/8",Table
247,440,301,459,301,459,311,440,311,1/16",Table
248,470,301,490,301,490,311,470,311,3 3/4",Table
249,506,301,523,301,523,311,506,311,270,Table
250,539,301,553,301,553,311,539,311,25,
251,555,301,569,301,569,311,555,311,50,
252,572,301,589,301,589,311,572,311,100,Table
253,623,301,671,301,671,311,623,311,50375K82,Table
254,689,301,701,301,701,311,689,311,20,Table
255,386,310,400,310,400,321,386,321,3/8",Table
256,415,310,429,310,429,321,415,321,1/2",Table
257,440,310,459,310,459,321,440,321,1/16",Table
258,470,310,479,310,479,321,470,321,5",Table
259,506,311,523,311,523,320,506,320,190,Table
260,539,311,553,311,553,320,539,320,25,
261,555,311,569,311,569,320,555,320,50,
262,572,311,589,311,589,320,572,320,100,Table
263,623,311,671,311,671,320,623,320,50375K83,Table
264,689,311,701,311,701,320,689,320,35,Table
265,386,320,400,320,400,330,386,330,1/2",Table
266,415,320,429,320,429,330,415,330,5/8",Table
267,440,320,459,320,459,330,440,330,1/16",Table
268,470,320,490,320,490,330,470,330,6 1/4",Table
269,506,320,523,320,523,330,506,330,150,Table
270,539,320,553,320,553,330,539,330,25,
271,555,320,569,320,569,330,555,330,50,
272,572,320,589,320,589,330,572,330,100,Table
273,623,320,671,320,671,330,623,330,50375K84,Table
274,689,320,701,320,701,330,689,330,35,Table
275,130,141,134,141,134,149,130,149,•,List
276,138,140,156,140,156,150,138,150,Use,List
277,159,140,178,140,178,150,159,150,with,List
278,181,140,241,140,241,150,181,150,compression,List
279,244,140,275,140,275,150,244,150,fittings,List
280,130,132,134,132,134,139,130,139,•,List
281,138,130,196,130,196,140,138,140,Temperature,List
282,199,130,231,130,231,140,199,140,Range:,List
283,234,130,260,130,260,140,234,140,-100°,List
284,263,130,272,130,272,140,263,140,to,List
285,275,130,296,130,296,140,275,140,180°,List
286,298,130,304,130,304,140,298,140,F,List
287,334,111,356,111,356,120,334,120,Even,Description
288,359,111,393,111,393,120,359,120,without,Description
289,395,111,461,111,461,120,395,120,reinforcement,
290,463,111,480,111,480,120,463,120,this,Description
291,482,111,511,111,511,120,482,120,tubing,Description
292,514,111,530,111,530,120,514,120,can,Description
293,533,111,577,111,577,120,533,120,withstand,Description
294,580,111,599,111,599,120,580,120,high,Description
295,602,111,646,111,646,120,602,120,pressures,Description
296,649,111,666,111,666,120,649,120,and,Description
297,669,111,683,111,683,120,669,120,will,Description
298,686,111,701,111,701,120,686,120,not,Description
299,323,120,362,120,362,130,323,130,collapse,Description
300,365,120,373,120,373,130,365,130,in,Description
301,376,120,412,120,412,130,376,130,vacuum,Description
302,415,120,471,120,471,130,415,130,applications,Description
303,474,120,486,120,486,130,474,130,up,Description
304,489,120,498,120,498,130,489,130,to,Description
305,501,120,516,120,516,130,501,130,290,Description
306,519,120,532,120,532,130,519,130,Hg,Description
307,535,120,543,120,543,130,535,130,@,Description
308,546,120,562,120,562,130,546,130,72°,Description
309,563,120,569,120,569,130,563,130,F,Description
310,573,120,604,120,604,130,573,130,Tubing,Description
311,607,120,614,120,614,130,607,130,is,Description
312,617,120,674,120,674,130,617,130,high-density,Description
313,677,120,701,120,701,130,677,130,poly-,Description
314,323,130,362,130,362,140,323,140,ethylene,Description
315,366,130,399,130,399,140,366,140,(HDPE),Description
316,405,130,423,130,423,140,405,140,Use,Description
317,427,130,446,130,446,140,427,140,with,Description
318,449,130,489,130,489,140,449,140,acetone,
319,493,130,527,130,527,140,493,140,bleach,
320,530,130,567,130,567,140,530,140,coolant,
321,570,130,628,130,628,140,570,140,hydrochloric,Description
322,631,130,654,130,654,140,631,140,acid,
323,657,130,701,130,701,140,657,140,hydrogen,Description
324,323,140,367,140,367,150,323,150,peroxide,
325,370,140,387,140,387,150,370,150,and,Description
326,390,140,417,140,417,150,390,150,diesel,Description
327,420,140,437,140,437,150,420,150,fuel,Description
328,443,140,448,140,448,150,443,150,It,Description
329,451,140,468,140,468,150,451,150,can,Description
330,471,140,483,140,483,150,471,150,be,Description
331,486,140,527,140,527,150,486,150,sterilized,Description
332,530,140,549,140,549,150,530,150,with,Description
333,552,140,569,140,569,150,552,150,gas,Description
334,572,140,589,140,589,150,572,150,and,Description
335,592,140,639,140,639,150,592,150,chemicals,Description
336,130,122,134,122,134,130,130,130,•,List
337,138,120,160,120,160,130,138,130,Hard,List
338,163,120,215,120,215,130,163,130,(Durometer,List
339,218,120,239,120,239,130,218,130,65D),List
340,130,112,134,112,134,120,130,120,•,List
341,138,111,173,111,173,120,138,120,Flexible,List
342,36,167,83,167,83,175,36,175,Semi-Clear,Caption
343,48,175,72,175,72,184,48,184,White,Caption
344,32,94,223,94,223,109,32,109,High-Pressure/Vacuum,SubTitle
345,228,94,333,94,333,109,228,109,Polyethylene,SubTitle
346,338,94,393,94,393,109,338,109,Tubing,SubTitle
347,398,94,421,94,421,109,398,109,for,SubTitle
348,426,94,512,94,512,109,426,109,Chemicals,SubTitle
349,32,533,42,533,42,542,32,542,ID,Table
350,72,533,88,533,88,542,72,542,OD,Table
351,106,533,126,533,126,542,106,542,Wall,Table
352,150,513,170,513,170,523,150,523,Max,Table
353,150,523,163,523,163,533,150,533,psi,Table
354,166,523,174,523,174,533,166,533,@,Table
355,150,533,165,533,165,542,150,542,72°,Table
356,167,533,173,533,173,542,167,542,F,Table
357,194,533,234,533,234,542,194,542,Lengths,
358,237,533,244,533,244,542,237,542,ft,Table
359,327,533,342,533,342,542,327,542,Per,Table
360,345,533,355,533,355,542,345,542,Ft,Table
361,32,545,56,545,56,555,32,555,0.17",Table
362,72,545,88,545,88,555,72,555,1/4",Table
363,106,545,130,545,130,555,106,555,0.04",Table
364,150,545,167,545,167,555,150,555,300,Table
365,194,545,209,545,209,555,194,555,25,
366,211,545,226,545,226,555,211,555,50,
367,229,545,246,545,246,555,229,555,100,Table
368,280,545,315,545,315,555,280,555,1979T1,Table
369,331,545,357,545,357,555,331,555,$0.37,Table
370,38,554,53,554,53,565,38,565,1/4",Table
371,72,554,88,554,88,565,72,565,3/8",Table
372,112,554,132,554,132,565,112,565,1/16",Table
373,150,555,167,555,167,564,150,564,310,Table
374,194,555,209,555,209,564,194,564,10,
375,211,555,226,555,226,564,211,564,25,
376,229,555,243,555,243,564,229,564,50,
377,246,555,263,555,263,564,246,564,100,Table
378,280,555,315,555,315,565,280,565,1979T2,Table
379,346,555,357,555,357,564,346,564,72,Table
380,38,564,53,564,53,575,38,575,3/8",Table
381,72,564,88,564,88,575,72,575,1/2",Table
382,112,564,132,564,132,575,112,575,1/16",Table
383,150,564,167,564,167,574,150,574,230,Table
384,194,564,209,564,209,574,194,574,10,
385,211,564,226,564,226,574,211,574,25,
386,229,564,243,564,243,574,229,574,50,
387,246,564,263,564,263,574,246,574,100,Table
388,280,565,315,565,315,574,280,574,1979T3,Table
389,346,564,357,564,357,574,346,574,99,Table
390,130,420,134,420,134,427,130,427,•,List
391,138,418,156,418,156,428,138,428,Use,List
392,159,418,178,418,178,428,159,428,with,List
393,181,418,241,418,241,428,181,428,compression,List
394,244,418,275,418,275,428,244,428,fittings,List
395,130,410,134,410,134,418,130,418,•,List
396,138,408,196,408,196,418,138,418,Temperature,List
397,199,408,231,408,231,418,199,418,Range:,List
398,234,408,251,408,251,418,234,418,Not,List
399,254,408,278,408,278,418,254,418,rated,List
400,43,460,62,460,62,470,43,470,This,Description
401,65,460,100,460,100,470,65,470,resilient,Description
402,103,460,132,460,132,470,103,470,tubing,Description
403,135,460,160,460,160,470,135,470,won’t,Description
404,163,460,189,460,189,470,163,470,crack,Description
405,191,460,209,460,209,470,191,470,due,Description
406,212,460,221,460,221,470,212,470,to,Description
407,223,460,251,460,251,470,223,470,stress,Description
408,254,460,263,460,263,470,254,470,or,Description
409,266,460,298,460,298,470,266,470,impact,Description
410,303,460,322,460,322,470,303,470,Use,Description
411,324,460,343,460,343,470,324,470,with,Description
412,346,460,358,460,358,470,346,470,air,Description
413,32,470,50,470,50,479,32,479,and,Description
414,53,470,78,470,78,479,53,479,water,Description
415,83,470,89,470,89,479,83,479,It,Description
416,92,470,109,470,109,479,92,479,can,Description
417,112,470,124,470,124,479,112,479,be,Description
418,127,470,168,470,168,479,127,479,sterilized,Description
419,171,470,190,470,190,479,171,479,with,Description
420,193,470,221,470,221,479,193,479,steam,Description
421,224,470,283,470,283,479,224,479,(autoclaving),Description
422,286,470,303,470,303,479,286,479,and,Description
423,306,470,347,470,347,479,306,479,radiation,Description
424,130,400,134,400,134,408,130,408,•,List
425,138,399,160,399,160,408,138,408,Hard,List
426,163,399,215,399,215,408,163,408,(Durometer,List
427,218,399,239,399,239,408,218,408,65D),List
428,130,390,134,390,134,398,130,398,•,List
429,138,389,173,389,173,399,138,399,Flexible,List
430,32,357,164,357,164,372,32,372,Crack-Resistant,SubTitle
431,169,357,216,357,216,372,169,372,White,SubTitle
432,32,372,149,372,149,388,32,388,Polypropylene,SubTitle
433,154,372,209,372,209,388,154,388,Tubing,SubTitle
434,32,701,42,701,42,711,32,711,ID,Table
435,65,701,80,701,80,711,65,711,OD,Table
436,93,701,113,701,113,711,93,711,Wall,Table
437,124,691,149,691,149,701,124,701,Bend,Table
438,124,701,156,701,156,711,124,711,Radius,Table
439,167,682,187,682,187,691,167,691,Max,Table
440,167,691,181,691,181,701,167,701,psi,Table
441,184,691,192,691,192,701,184,701,@,Table
442,167,701,183,701,183,711,167,711,72°,Table
443,184,701,190,701,190,711,184,711,F,Table
444,206,701,246,701,246,711,206,711,Lengths,
445,249,701,255,701,255,711,249,711,ft,Table
446,328,701,343,701,343,711,328,711,Per,Table
447,346,701,355,701,355,711,346,711,Ft,Table
448,38,713,52,713,52,724,38,724,1/8",Table
449,65,713,79,713,79,724,65,724,1/4",Table
450,99,713,117,713,117,724,99,724,1/16",Table
451,124,713,134,713,134,724,124,724,10,Table
452,167,714,184,714,184,723,167,723,250,Table
453,206,714,220,714,220,723,206,723,25,
454,222,714,237,714,237,723,222,723,50,
455,239,714,256,714,256,723,239,723,100,Table
456,280,714,322,714,322,723,280,723,5392K11,Table
457,331,714,357,714,357,723,331,723,$0.78,Table
458,32,723,55,723,55,733,32,733,0.17",Table
459,65,723,79,723,79,733,65,733,1/4",Table
460,93,723,116,723,116,733,93,733,0.04",Table
461,124,723,144,723,144,733,124,733,1 1/2",Table
462,167,723,184,723,184,733,167,733,170,Table
463,206,723,220,723,220,733,206,733,25,
464,222,723,237,723,237,733,222,733,50,
465,239,723,256,723,256,733,239,733,100,Table
466,280,723,322,723,322,733,280,733,5392K12,Table
467,346,723,357,723,357,733,346,733,57,Table
468,38,733,56,733,56,743,38,743,3/16",Table
469,65,733,83,733,83,743,65,743,5/16",Table
470,99,733,117,733,117,743,99,743,1/16",Table
471,124,733,134,733,134,743,124,743,1",Table
472,167,733,184,733,184,743,167,743,200,Table
473,206,733,220,733,220,743,206,743,25,
474,222,733,237,733,237,743,222,743,50,
475,239,733,256,733,256,743,239,743,100,Table
476,280,733,322,733,322,743,280,743,5392K13,Table
477,346,733,357,733,357,743,346,743,89,Table
478,38,742,52,742,52,753,38,753,1/4",Table
479,65,742,79,742,79,753,65,753,3/8",Table
480,99,742,117,742,117,753,99,753,1/16",Table
481,124,742,144,742,144,753,124,753,1 1/4",Table
482,167,743,184,743,184,752,167,752,170,Table
483,206,743,220,743,220,752,206,752,25,
484,222,743,237,743,237,752,222,752,50,
485,239,743,256,743,256,752,239,752,100,Table
486,280,743,322,743,322,752,280,752,5392K14,Table
487,346,743,357,743,357,752,346,752,90,Table
488,375,701,385,701,385,711,375,711,ID,Table
489,406,701,422,701,422,711,406,711,OD,Table
490,438,701,457,701,457,711,438,711,Wall,Table
491,472,691,497,691,497,701,472,701,Bend,Table
492,472,701,504,701,504,711,472,711,Radius,Table
493,513,682,533,682,533,691,513,691,Max,Table
494,513,691,527,691,527,701,513,701,psi,Table
495,530,691,538,691,538,701,530,701,@,Table
496,513,701,529,701,529,711,513,711,72°,Table
497,530,701,536,701,536,711,530,711,F,Table
498,548,701,588,701,588,711,548,711,Lengths,
499,591,701,597,701,597,711,591,711,ft,Table
500,671,701,686,701,686,711,671,711,Per,Table
501,689,701,698,701,698,711,689,711,Ft,Table
502,375,713,390,713,390,724,375,724,3/8",Table
503,412,713,426,713,426,724,412,724,1/2",Table
504,438,713,456,713,456,724,438,724,1/16",Table
505,472,713,481,713,481,724,472,724,2",Table
506,513,714,530,714,530,723,513,723,120,Table
507,548,714,562,714,562,723,548,723,10,
508,564,714,578,714,578,723,564,723,25,
509,581,714,595,714,595,723,581,723,50,
510,597,714,614,714,614,723,597,723,100,Table
511,623,714,666,714,666,723,623,723,5392K15,Table
512,675,714,701,714,701,723,675,723,$1.39,Table
513,375,723,390,723,390,733,375,733,1/2",Table
514,412,723,426,723,426,733,412,733,5/8",Table
515,438,723,456,723,456,733,438,733,1/16",Table
516,472,723,481,723,481,733,472,733,3",Table
517,519,723,531,723,531,733,519,733,90,Table
518,548,723,562,723,562,733,548,733,10,
519,564,723,578,723,578,733,564,733,25,
520,581,723,595,723,595,733,581,733,50,
521,597,723,614,723,614,733,597,733,100,Table
522,623,723,666,723,666,733,623,733,5392K16,Table
523,680,723,701,723,701,733,680,733,1.64,Table
524,375,733,390,733,390,743,375,743,5/8",Table
525,412,733,426,733,426,743,412,743,3/4",Table
526,438,733,456,733,456,743,438,743,1/16",Table
527,472,733,481,733,481,743,472,743,3",Table
528,519,733,531,733,531,743,519,743,80,Table
529,548,733,562,733,562,743,548,743,10,
530,564,733,578,733,578,743,564,743,25,
531,581,733,595,733,595,743,581,743,50,
532,597,733,614,733,614,743,597,743,100,Table
533,623,733,666,733,666,743,623,743,5392K17,Table
534,680,733,701,733,701,743,680,743,1.86,Table
535,375,742,390,742,390,753,375,753,3/4",Table
536,406,742,416,742,416,753,406,753,1",Table
537,438,742,452,742,452,753,438,753,1/8",Table
538,472,742,481,742,481,753,472,753,6",Table
539,513,743,530,743,530,752,513,752,140,Table
540,548,743,556,743,556,752,548,752,5,
541,559,743,573,743,573,752,559,752,10,
542,575,743,589,743,589,752,575,752,25,
543,592,743,603,743,603,752,592,752,50,Table
544,623,743,666,743,666,752,623,752,5392K18,Table
545,680,743,701,743,701,752,680,752,3.69,Table
546,130,639,134,639,134,646,130,646,•,List
547,138,637,156,637,156,647,138,647,Use,List
548,159,637,178,637,178,647,159,647,with,List
549,181,637,241,637,241,647,181,647,compression,List
550,244,637,275,637,275,647,244,647,fittings,List
551,138,647,155,647,155,657,138,657,and,List
552,158,647,236,647,236,657,158,657,push-to-connect,List
553,239,647,270,647,270,657,239,657,fittings,List
554,130,629,134,629,134,637,130,637,•,List
555,138,627,196,627,196,637,138,637,Temperature,List
556,199,627,231,627,231,637,199,637,Range:,List
557,234,627,250,627,250,637,234,637,40°,List
558,253,627,262,627,262,637,253,637,to,List
559,265,627,287,627,287,637,265,637,200°,List
560,288,627,294,627,294,637,288,637,F,List
561,335,608,354,608,354,618,335,618,Use,Description
562,358,608,374,608,374,618,358,618,this,Description
563,378,608,412,608,412,618,378,618,flexible,Description
564,415,608,445,608,445,618,415,618,tubing,Description
565,449,608,457,608,457,618,449,618,in,Description
566,461,608,522,608,522,618,461,618,low-pressure,Description
567,526,608,583,608,583,618,526,618,applications,Description
568,590,608,609,608,609,618,590,618,Use,Description
569,612,608,632,608,632,618,612,618,with,Description
570,636,608,647,608,647,618,636,618,air,Description
571,651,608,669,608,669,618,651,618,and,Description
572,672,608,699,608,699,618,672,618,water,Description
573,325,618,331,618,331,627,325,627,It,Description
574,334,618,341,618,341,627,334,627,is,Description
575,344,618,393,618,393,627,344,627,semi-clear,Description
576,395,618,420,618,420,627,395,627,white,Description
577,426,618,457,618,457,627,426,627,Tubing,Description
578,460,618,477,618,477,627,460,627,can,Description
579,480,618,492,618,492,627,480,627,be,Description
580,494,618,536,618,536,627,494,627,sterilized,Description
581,539,618,558,618,558,627,539,627,with,Description
582,561,618,589,618,589,627,561,627,steam,Description
583,592,618,651,618,651,627,592,627,(autoclaving),Description
584,654,618,671,618,671,627,654,627,and,Description
585,674,618,691,618,691,627,674,627,gas,Description
586,130,619,134,619,134,627,130,627,•,List
587,138,618,160,618,160,627,138,627,Hard,List
588,163,618,208,618,208,627,163,627,(Rockwell,List
589,211,618,232,618,232,627,211,627,R90),List
590,130,609,134,609,134,617,130,617,•,List
591,138,608,173,608,173,618,138,618,Flexible,List
592,32,591,146,591,146,607,32,607,Low-Pressure,SubTitle
593,151,591,198,591,198,607,151,607,White,SubTitle
594,203,591,320,591,320,607,203,607,Polypropylene,SubTitle
595,325,591,380,591,380,607,325,607,Tubing,SubTitle
596,32,769,97,769,97,785,32,785,Durable,SubTitle
597,102,769,220,769,220,785,102,785,Polycarbonate,SubTitle
598,225,769,269,769,269,785,225,785,Clear,SubTitle
599,274,769,329,769,329,785,274,785,Tubing,SubTitle
600,32,863,42,863,42,872,32,872,ID,Table
601,77,863,92,863,92,872,77,872,OD,Table
602,121,863,141,863,141,872,121,872,Wall,Table
603,166,843,186,843,186,853,166,853,Max,Table
604,166,853,180,853,180,863,166,863,psi,Table
605,182,853,191,853,191,863,182,863,@,Table
606,166,863,182,863,182,872,166,872,72°,Table
607,183,863,189,863,189,872,183,872,F,Table
608,38,875,53,875,53,885,38,885,1/4",Table
609,83,875,98,875,98,885,83,885,3/8",Table
610,121,875,141,875,141,885,121,885,1/16",Table
611,166,875,183,875,183,885,166,885,500,Table
612,212,875,247,875,247,885,212,885,9176T1,Table
613,260,875,286,875,286,885,260,885,$2.88,Table
614,296,875,322,875,322,885,296,885,$5.76,Table
615,331,875,357,875,357,885,331,885,$9.60,Table
616,38,885,53,885,53,895,38,895,3/8",Table
617,83,885,98,885,98,895,83,895,1/2",Table
618,121,885,141,885,141,895,121,895,1/16",Table
619,166,885,183,885,183,895,166,895,410,Table
620,212,885,247,885,247,895,212,895,9176T2,Table
621,266,885,286,885,286,895,266,895,3.84,Table
622,302,885,322,885,322,895,302,895,7.68,Table
623,331,885,357,885,357,895,331,895,12.80,Table
624,38,894,53,894,53,905,38,905,5/8",Table
625,83,894,98,894,98,905,83,905,3/4",Table
626,121,894,141,894,141,905,121,905,1/16",Table
627,166,895,183,895,183,904,166,904,240,Table
628,212,895,247,895,247,904,212,904,9176T3,Table
629,266,895,286,895,286,904,266,904,4.72,Table
630,302,895,322,895,322,904,302,904,9.44,Table
631,331,895,357,895,357,904,331,904,15.73,Table
632,38,904,53,904,53,914,38,914,3/4",Table
633,77,904,86,904,86,914,77,914,10,Table
634,121,904,137,904,137,914,121,914,1/8",Table
635,166,904,183,904,183,914,166,914,410,Table
636,212,904,247,904,247,914,212,914,9176T4,Table
637,260,904,286,904,286,914,260,914,10.24,Table
638,296,904,322,904,322,914,296,914,20.48,Table
639,331,904,357,904,357,914,331,914,34.13,Table
640,32,914,42,914,42,924,32,924,1",Table
641,77,914,98,914,98,924,77,924,1 1/4",Table
642,121,914,137,914,137,924,121,924,1/8",Table
643,166,914,183,914,183,924,166,924,310,Table
644,212,914,247,914,247,924,212,924,9176T5,Table
645,266,914,286,914,286,924,266,924,9.12,Table
646,296,914,322,914,322,924,296,924,18.24,Table
647,331,914,357,914,357,924,331,924,30.40,Table
648,32,924,53,924,53,934,32,934,1 1/4",Table
649,77,924,98,924,98,934,77,934,1 1/2",Table
650,121,924,137,924,137,934,121,934,1/8",Table
651,166,924,183,924,183,934,166,934,250,Table
652,212,924,247,924,247,934,212,934,9176T6,Table
653,266,924,286,924,286,934,266,934,8.85,Table
654,296,924,322,924,322,934,296,934,17.71,Table
655,331,924,357,924,357,934,331,934,29.51,Table
656,32,933,53,933,53,944,32,944,1 1/2",Table
657,77,933,98,933,98,944,77,944,1 3/4",Table
658,121,933,137,933,137,944,121,944,1/8",Table
659,166,934,183,934,183,943,166,943,200,Table
660,212,934,247,934,247,943,212,943,9176T7,Table
661,260,934,286,934,286,943,260,943,12.69,Table
662,296,934,322,934,322,943,296,943,25.39,Table
663,331,934,357,934,357,943,331,943,42.31,Table
664,32,943,53,943,53,953,32,953,1 3/4",Table
665,77,943,86,943,86,953,77,953,2",Table
666,121,943,137,943,137,953,121,953,1/8",Table
667,166,943,183,943,183,953,166,953,170,Table
668,212,943,247,943,247,953,212,953,9176T8,Table
669,260,943,286,943,286,953,260,953,14.56,Table
670,296,943,322,943,322,953,296,953,29.12,Table
671,331,943,357,943,357,953,331,953,48.53,Table
672,375,863,385,863,385,872,375,872,ID,Table
673,415,863,431,863,431,872,415,872,OD,Table
674,456,863,475,863,475,872,456,872,Wall,Table
675,496,843,516,843,516,853,496,853,Max,Table
676,496,853,509,853,509,863,496,863,psi,Table
677,512,853,520,853,520,863,512,863,@,Table
678,496,863,511,863,511,872,496,872,72°,Table
679,513,863,519,863,519,872,513,872,F,Table
680,375,875,385,875,385,885,375,885,2",Table
681,415,875,436,875,436,885,415,885,2 1/4",Table
682,456,875,471,875,471,885,456,885,1/8",Table
683,496,875,513,875,513,885,496,885,150,Table
684,536,875,571,875,571,885,536,885,9176T9,Table
685,586,875,617,875,617,885,586,885,$13.39,Table
686,627,875,659,875,659,885,627,885,$26.77,Table
687,669,875,701,875,701,885,669,885,$44.62,Table
688,375,885,396,885,396,895,375,895,2 1/4",Table
689,415,885,436,885,436,895,415,895,2 1/2",Table
690,456,885,471,885,471,895,456,895,1/8",Table
691,496,885,513,885,513,895,496,895,130,Table
692,536,885,577,885,577,895,536,895,9176T11,Table
693,591,885,617,885,617,895,591,895,18.77,Table
694,633,885,659,885,659,895,633,895,37.54,Table
695,675,885,701,885,701,895,675,895,62.56,Table
696,375,894,396,894,396,905,375,905,2 1/2",Table
697,415,894,436,894,436,905,415,905,2 3/4",Table
698,456,894,471,894,471,905,456,905,1/8",Table
699,496,895,513,895,513,904,496,904,120,Table
700,536,895,577,895,577,904,536,904,9176T13,Table
701,591,895,617,895,617,904,591,904,20.02,Table
702,633,895,659,895,659,904,633,904,40.03,Table
703,675,895,701,895,701,904,675,904,66.72,Table
704,375,904,396,904,396,914,375,914,2 3/4",Table
705,415,904,425,904,425,914,415,914,3",Table
706,456,904,471,904,471,914,456,914,1/8",Table
707,496,904,513,904,513,914,496,914,110,Table
708,536,904,577,904,577,914,536,914,9176T15,Table
709,591,904,617,904,617,914,591,914,21.31,Table
710,633,904,659,904,659,914,633,914,42.62,Table
711,675,904,701,904,701,914,675,914,71.04,Table
712,375,914,385,914,385,924,375,924,3",Table
713,415,914,436,914,436,924,415,924,3 1/4",Table
714,456,914,471,914,471,924,456,924,1/8",Table
715,496,914,513,914,513,924,496,924,100,Table
716,536,914,577,914,577,924,536,924,9176T17,Table
717,591,914,617,914,617,924,591,924,17.95,Table
718,633,914,659,914,659,924,633,924,35.90,Table
719,675,914,701,914,701,924,675,924,59.84,Table
720,375,924,396,924,396,934,375,934,3 1/4",Table
721,415,924,436,924,436,934,415,934,3 1/2",Table
722,456,924,471,924,471,934,456,934,1/8",Table
723,501,924,513,924,513,934,501,934,95,Table
724,536,924,577,924,577,934,536,934,9176T19,Table
725,591,924,617,924,617,934,591,934,22.95,Table
726,633,924,659,924,659,934,633,934,45.91,Table
727,675,924,701,924,701,934,675,934,76.51,Table
728,375,933,396,933,396,944,375,944,3 3/4",Table
729,415,933,425,933,425,944,415,944,4",Table
730,456,933,471,933,471,944,456,944,1/8",Table
731,501,934,513,934,513,943,501,943,80,Table
732,536,934,577,934,577,943,536,943,9176T21,Table
733,591,934,617,934,617,943,591,943,26.27,Table
734,633,934,659,934,659,943,633,943,52.54,Table
735,675,934,701,934,701,943,675,943,87.56,Table
736,375,943,396,943,396,953,375,953,5 3/4",Table
737,415,943,425,943,425,953,415,953,6",Table
738,456,943,471,943,471,953,456,953,1/8",Table
739,501,943,513,943,513,953,501,953,50,Table
740,536,943,577,943,577,953,536,953,9176T23,Table
741,591,943,617,943,617,953,591,953,34.60,Table
742,633,943,659,943,659,953,633,953,69.21,Table
743,669,943,701,943,701,953,669,953,115.35,Table
744,130,820,134,820,134,827,130,827,•,List
745,138,818,156,818,156,828,138,828,Use,List
746,159,818,205,818,205,828,159,828,adhesives,List
747,208,818,218,818,218,828,208,828,to,List
748,220,818,258,818,258,828,220,828,connect,List
749,130,810,134,810,134,818,130,818,•,List
750,138,808,196,808,196,818,138,818,Temperature,List
751,199,808,231,808,231,818,199,818,Range:,List
752,234,808,250,808,250,818,234,818,32°,List
753,253,808,262,808,262,818,253,818,to,List
754,265,808,287,808,287,818,265,818,250°,List
755,288,808,294,808,294,818,288,818,F,List
756,130,800,134,800,134,808,130,808,•,List
757,138,799,160,799,160,808,138,808,Hard,List
758,163,799,208,799,208,808,163,808,(Rockwell,List
759,211,799,238,799,238,808,211,808,R120),List
760,130,790,134,790,134,798,130,798,•,List
761,138,789,162,789,162,799,138,799,Rigid,List
762,335,789,378,789,378,799,335,799,Excellent,Description
763,381,789,419,789,419,799,381,799,strength,Description
764,423,789,440,789,440,799,423,799,and,Description
765,444,789,486,789,486,799,444,799,durability,Description
766,490,789,514,789,514,799,490,799,allow,Description
767,517,789,534,789,534,799,517,799,this,Description
768,537,789,567,789,567,799,537,799,tubing,Description
769,570,789,579,789,579,799,570,799,to,Description
770,582,789,614,789,614,799,582,799,handle,Description
771,617,789,681,789,681,799,617,799,high-pressure,Description
772,685,789,701,789,701,799,685,799,ap-,Description
773,325,799,369,799,369,808,325,808,plications,Description
774,375,799,381,799,381,808,375,808,It,Description
775,384,799,391,799,391,808,384,808,is,Description
776,394,799,434,799,434,808,394,808,resistant,Description
777,437,799,446,799,446,808,437,808,to,Description
778,449,799,463,799,463,808,449,808,UV,Description
779,466,799,485,799,485,808,466,808,light,Description
780,491,799,509,799,509,808,491,808,Use,Description
781,512,799,531,799,531,808,512,808,with,Description
782,534,799,546,799,546,808,534,808,air,Description
783,549,799,566,799,566,808,549,808,and,Description
784,569,799,595,799,595,808,569,808,water,Description
785,375,523,385,523,385,533,375,533,ID,Table
786,409,523,425,523,425,533,409,533,OD,Table
787,438,523,457,523,457,533,438,533,Wall,Table
788,472,513,497,513,497,523,472,523,Bend,Table
789,472,523,504,523,504,533,472,533,Radius,Table
790,513,503,533,503,533,513,513,513,Max,Table
791,513,513,527,513,527,523,513,523,psi,Table
792,530,513,538,513,538,523,530,523,@,Table
793,513,523,529,523,529,533,513,533,72°,Table
794,530,523,536,523,536,533,530,533,F,Table
795,548,523,588,523,588,533,548,533,Lengths,
796,591,523,597,523,597,533,591,533,ft,Table
797,671,523,686,523,686,533,671,533,Per,Table
798,689,523,698,523,698,533,689,533,Ft,Table
799,381,535,395,535,395,545,381,545,1/8",Table
800,409,535,424,535,424,545,409,545,1/4",Table
801,443,535,462,535,462,545,443,545,1/16",Table
802,472,535,492,535,492,545,472,545,2 1/2",Table
803,513,535,530,535,530,545,513,545,270,Table
804,548,535,562,535,562,545,548,545,25,
805,564,535,578,535,578,545,564,545,50,
806,581,535,598,535,598,545,581,545,100,Table
807,623,535,659,535,659,545,623,545,9349T1,Table
808,675,535,701,535,701,545,675,545,$0.47,Table
809,375,545,398,545,398,555,375,555,0.17",Table
810,409,545,424,545,424,555,409,555,1/4",Table
811,438,545,461,545,461,555,438,555,0.04",Table
812,472,545,492,545,492,555,472,555,2 1/2",Table
813,513,545,530,545,530,555,513,555,140,Table
814,548,545,562,545,562,555,548,555,25,
815,564,545,578,545,578,555,564,555,50,
816,581,545,598,545,598,555,581,555,100,Table
817,623,545,659,545,659,555,623,555,9349T2,Table
818,689,545,701,545,701,555,689,555,32,Table
819,381,554,395,554,395,565,381,565,1/4",Table
820,409,554,424,554,424,565,409,565,3/8",Table
821,443,554,462,554,462,565,443,565,1/16",Table
822,472,554,492,554,492,565,472,565,3 3/4",Table
823,513,555,530,555,530,564,513,564,150,Table
824,548,555,562,555,562,564,548,564,25,
825,564,555,578,555,578,564,564,564,50,
826,581,555,598,555,598,564,581,564,100,Table
827,623,555,659,555,659,565,623,565,9349T3,Table
828,689,555,701,555,701,564,689,564,57,Table
829,381,564,395,564,395,575,381,575,3/8",Table
830,409,564,424,564,424,575,409,575,1/2",Table
831,443,564,462,564,462,575,443,575,1/16",Table
832,472,564,481,564,481,575,472,575,50,Table
833,513,564,530,564,530,574,513,574,110,Table
834,548,564,562,564,562,574,548,574,10,
835,564,564,578,564,578,574,564,574,25,
836,581,564,595,564,595,574,581,574,50,
837,597,564,614,564,614,574,597,574,100,Table
838,623,565,659,565,659,574,623,574,9349T4,Table
839,689,564,701,564,701,574,689,574,54,Table
840,476,420,480,420,480,427,476,427,•,List
841,484,418,502,418,502,428,484,428,Use,List
842,505,418,524,418,524,428,505,428,with,List
843,527,418,587,418,587,428,527,428,compression,List
844,590,418,621,418,621,428,590,428,fittings,List
845,476,410,480,410,480,418,476,418,•,List
846,484,408,542,408,542,418,484,418,Temperature,List
847,545,408,578,408,578,418,545,418,Range:,List
848,580,408,600,408,600,418,580,418,-40°,List
849,603,408,612,408,612,418,603,418,to,List
850,615,408,637,408,637,418,615,418,180°,List
851,638,408,644,408,644,418,638,418,F,List
852,386,458,453,458,453,468,386,468,Polypropylene,Description
853,456,458,486,458,486,468,456,468,tubing,Description
854,488,458,496,458,496,468,488,468,is,Description
855,499,458,523,458,523,468,499,468,more,Description
856,525,458,561,458,561,468,525,468,durable,Description
857,564,458,582,458,582,468,564,468,and,Description
858,584,458,625,458,625,468,584,468,resistant,Description
859,627,458,637,458,637,468,627,468,to,Description
860,640,458,668,458,668,468,640,468,stress,Description
861,670,458,700,458,700,468,670,468,crack-,Description
862,375,468,390,468,390,478,375,478,ing,Description
863,394,468,415,468,415,478,394,478,than,Description
864,419,468,480,468,480,478,419,478,polyethylene,Description
865,487,468,520,468,520,478,487,478,Tubing,Description
866,524,468,531,468,531,478,524,478,is,Description
867,535,468,562,468,562,478,535,478,made,Description
868,567,468,576,468,576,478,567,478,of,Description
869,580,468,601,468,601,478,580,478,FDA,Description
870,605,468,631,468,631,478,605,478,listed,Description
871,635,468,678,468,678,478,635,478,materials,Description
872,683,468,701,468,701,478,683,478,and,Description
873,375,478,405,478,405,487,375,487,meets,Description
874,409,478,458,478,458,487,409,487,NSF/ANSI,Description
875,461,478,506,478,506,487,461,487,Standard,Description
876,509,478,521,478,521,487,509,487,51,Description
877,525,478,538,478,538,487,525,487,for,Description
878,542,478,564,478,564,487,542,487,food,Description
879,567,478,604,478,604,487,567,487,contact,Description
880,611,478,617,478,617,487,611,487,It,Description
881,621,478,638,478,638,487,621,487,can,Description
882,642,478,654,478,654,487,642,487,be,Description
883,658,478,701,478,701,487,658,487,sterilized,Description
884,375,487,395,487,395,497,375,497,with,Description
885,398,487,415,487,415,497,398,497,gas,Description
886,418,487,436,487,436,497,418,497,and,Description
887,439,487,480,487,480,497,439,497,radiation,Description
888,476,400,480,400,480,408,476,408,•,List
889,484,399,506,399,506,408,484,408,Hard,List
890,509,399,561,399,561,408,509,408,(Durometer,List
891,564,399,585,399,585,408,564,408,65D),List
892,476,390,480,390,480,398,476,398,•,List
893,484,389,519,389,519,399,484,399,Flexible,List
894,375,357,505,357,505,372,375,372,Crack-Resistant,SubTitle
895,509,357,554,357,554,372,509,372,Black,SubTitle
896,559,357,674,357,674,372,559,372,Polypropylene,SubTitle
897,375,372,429,372,429,388,375,388,Tubing,SubTitle
898,434,372,457,372,457,388,434,388,for,SubTitle
899,462,372,502,372,502,388,462,388,Food,SubTitle
900,506,372,536,372,536,388,506,388,and,SubTitle
901,541,372,617,372,617,388,541,388,Beverage,SubTitle
902,72,52,89,52,89,62,72,62,For,Description
903,92,52,151,52,151,62,92,62,information,Description
904,154,52,183,52,183,62,154,62,about,Description
905,186,52,221,52,221,62,186,62,tubing,
906,224,52,242,52,242,62,224,62,see,Description
907,245,52,271,52,271,62,245,62,page,Description
908,274,52,292,52,292,62,274,62,146,Description
909,53,72,68,72,68,81,53,81,For,Description
910,71,72,124,72,124,81,71,81,information,Description
911,127,72,153,72,153,81,127,81,about,Description
912,156,72,171,72,171,81,156,81,the,Description
913,174,72,215,72,215,81,174,81,chemical,Description
914,218,72,278,72,278,81,218,81,compatibility,Description
915,280,72,289,72,289,81,280,81,of,Description
916,292,72,325,72,325,81,292,81,tubing,
917,327,72,339,72,339,81,327,81,go,Description
918,342,72,352,72,352,81,342,81,to,Description
919,354,72,401,72,401,81,354,81,mcmaster,Description
920,403,72,423,72,423,81,403,81,com,Description
921,426,72,444,72,444,81,426,81,and,Description
922,446,72,477,72,477,81,446,81,search,Description
923,480,72,493,72,493,81,480,81,for,Description
924,496,72,510,72,510,81,496,81,the,Description
925,513,72,532,72,532,81,513,81,part,Description
926,535,72,570,72,570,81,535,81,number,Description
927,32,112,110,112,110,167,32,167,##LTFigure##,Image
928,32,390,110,390,110,446,32,446,##LTFigure##,Image
929,32,609,111,609,111,664,32,664,##LTFigure##,Image
930,32,790,115,790,115,847,32,847,##LTFigure##,Image
931,375,390,453,390,453,444,375,444,##LTFigure##,Image
932,585,863,600,863,600,872,585,872,2 ft,Table
933,634,863,649,863,649,872,634,872,4 ft,Table
934,683,863,698,863,698,872,683,872,8 ft,Table
935,259,863,274,863,274,872,259,872,2 ft,Table
936,300,863,315,863,315,872,300,872,4 ft,Table
937,340,863,355,863,355,872,340,872,8 ft,Table
